id,kind,primary_name,name_agreement,county_fips,county_names,states,address,address_agreement,address_n_sources,adpLevelA,adpLevelA_agreement,adpLevelA_n_sources,adpLevelB,adpLevelB_agreement,adpLevelB_n_sources,adpLevelC,adpLevelC_agreement,adpLevelC_n_sources,adpLevelD,adpLevelD_agreement,adpLevelD_n_sources,adpTotal,adpTotal_agreement,adpTotal_n_sources,agreement,agreement_agreement,agreement_n_sources,authorizingAuthority,authorizingAuthority_agreement,authorizingAuthority_n_sources,avgLengthOfStayDays,avgLengthOfStayDays_agreement,avgLengthOfStayDays_n_sources,capacity,capacity_agreement,capacity_n_sources,circuit,circuit_agreement,circuit_n_sources,county,county_agreement,county_n_sources,docket,docket_agreement,docket_n_sources,facilityFunction,facilityFunction_agreement,facilityFunction_n_sources,femaleCrim,femaleCrim_agreement,femaleCrim_n_sources,femaleNonCrim,femaleNonCrim_agreement,femaleNonCrim_n_sources,fieldOffice,fieldOffice_agreement,fieldOffice_n_sources,firstUsed,firstUsed_agreement,firstUsed_n_sources,genderServed,genderServed_agreement,genderServed_n_sources,guaranteedMinimumBeds,guaranteedMinimumBeds_agreement,guaranteedMinimumBeds_n_sources,holdsOver72h,holdsOver72h_agreement,holdsOver72h_n_sources,iceThreatLevel1,iceThreatLevel1_agreement,iceThreatLevel1_n_sources,iceThreatLevel2,iceThreatLevel2_agreement,iceThreatLevel2_n_sources,iceThreatLevel3,iceThreatLevel3_agreement,iceThreatLevel3_n_sources,immigrationCourt,immigrationCourt_agreement,immigrationCourt_n_sources,lastFinalRating,lastFinalRating_agreement,lastFinalRating_n_sources,lastInspectionEndDate,lastInspectionEndDate_agreement,lastInspectionEndDate_n_sources,lastInspectionStandard,lastInspectionStandard_agreement,lastInspectionStandard_n_sources,lastInspectionType,lastInspectionType_agreement,lastInspectionType_n_sources,lastUsed,lastUsed_agreement,lastUsed_n_sources,maleCrim,maleCrim_agreement,maleCrim_n_sources,maleNonCrim,maleNonCrim_agreement,maleNonCrim_n_sources,mandatory,mandatory_agreement,mandatory_n_sources,noIceThreatLevel,noIceThreatLevel_agreement,noIceThreatLevel_n_sources,phone,phone_agreement,phone_n_sources,underDetentionStandards,underDetentionStandards_agreement,underDetentionStandards_n_sources
AAORDMD,detention,ANNE ARUNDEL COUNTY ORDNANCE ROAD CORRECTIONAL CTR,single,24003,"Anne Arundel County, MD",MD,"600 E. ORDNANCE ROAD, GLEN BURNIE, MD 21060",single,1,,,,,,,,,,,,,,,,IGSA,single,1,DMCP,single,1,,,,130,single,1,4,single,1,ANNE ARUNDEL,single,1,,,,,,,,,,,,,BAL,single,1,10/30/2017,single,1,,,,,,,yes,single,1,,,,,,,,,,,,,,,,,,,,,,,,,11/4/2017,single,1,,,,,,,,,,,,,,,,yes,single,1
ABQHOLD,detention,ALBUQUERQUE HOLD ROOM,single,35001,"Bernalillo County, NM",NM,"1720 RANDOLPH ROAD, ALBUQUERQUE, NM 87106",single,1,,,,,,,,,,,,,,,,Other,single,1,DMCP,single,1,,,,,,,10,single,1,BERNALILLO,single,1,ABQ,single,1,HOLD,single,1,,,,,,,ELP,single,1,5/26/2009,single,1,,,,,,,no,single,1,,,,,,,,,,,,,,,,,,,,,,,,,10/24/2017,single,1,,,,,,,,,,,,,,,,yes,single,1
ABRDNWA,detention,ABERDEEN CITY JAIL,single,53027,"Grays Harbor County, WA",WA,"210 EAST MARKET ST, ABERDEEN, WA 98520",single,1,,,,,,,,,,,,,,,,IGSA,single,1,DMCP,single,1,,,,,,,9,single,1,GRAYS HARBOR,single,1,SEA,single,1,,,,,,,,,,SEA,single,1,9/14/2007,single,1,,,,,,,,,,,,,,,,,,,,,,,,,,,,,,,,,,9/20/2007,single,1,,,,,,,,,,,,,,,,yes,single,1
ABRXSPA,detention,ABRAXAS ACADEMY DETENTION CENTER,single,42011|42029|42071,"Berks County, PA|Lancaster County, PA|Chester County, PA",PA,"1000 ACADEMY DRIVE, MORGANTOWN, PA 19543",single,1,,,,,,,,,,,,,,,,IGSA,single,1,JFRMU,single,1,,,,,,,3,single,1,BERKS,single,1,BRK,single,1,JUVENILE,single,1,,,,,,,PHI,single,1,5/23/2014,single,1,,,,,,,yes,single,1,,,,,,,,,,,,,,,,,,,,,,,,,11/4/2017,single,1,,,,,,,,,,,,,,,,no,single,1
ABTHOLD,detention,ABILENE HOLD ROOM,single,48059|48253|48417|48441,"Taylor County, TX|Jones County, TX|Callahan County, TX|Shackelford County, TX",TX,"12071 FM 3522, ABILENE, TX 79601",single,1,,,,,,,,,,,,,,,,Other,single,1,DMCP,single,1,,,,,,,5,single,1,ABILENE,single,1,ABT,single,1,HOLD,single,1,,,,,,,DAL,single,1,,,,,,,,,,no,single,1,,,,,,,,,,,,,,,,,,,,,,,,,,,,,,,,,,,,,,,,,,,yes,single,1
ADACOID,detention,ADA COUNTY JAIL,single,16001,"Ada County, ID",ID,"7210 BARRISTER DRIVE, BOISE, ID 83704",single,1,,,,,,,,,,,,,,,,IGSA,single,1,DMCP,single,1,,,,,,,9,single,1,ADA,single,1,HEL,single,1,,,,,,,,,,SLC,single,1,9/28/1998,single,1,,,,,,,no,single,1,,,,,,,,,,,,,,,,,,,,,,,,,9/7/2010,single,1,,,,,,,,,,,,,,,,yes,single,1
ADAMSCO,detention,ADAMS COUNTY JAIL,single,08001|08123,"Adams County, CO|Weld County, CO",CO,"1901 E BRIDGE STREET, BRIGHTON, CO 80601",single,1,,,,,,,,,,,,,,,,IGSA,single,1,DMCP,single,1,,,,,,,10,single,1,ADAMS,single,1,DEN,single,1,,,,,,,,,,DEN,single,1,1/22/1991,single,1,,,,,,,,,,,,,,,,,,,,,,,,,,,,,,,,,,3/20/2008,single,1,,,,,,,,,,,,,,,,yes,single,1
ADAMSMS,detention,ADAMS COUNTY CORRECTIONAL CENTER,conflict,28001|28063,"Adams County, MS|Jefferson County, MS",MS,"20 HOBO FORK RD., NATCHEZ, MS 39120",conflict,3,1505.7,single,1,227.8,single,1,84,single,1,60.7,single,1,1878.2,single,1,DIGSA,conflict,2,,,,34.6,single,1,,,,5,single,1,Adams,single,1,,,,,,,0,single,1,0,single,1,NOL,converged,3,,,,Male,single,1,1436,conflict,2,yes,single,1,65.6,single,1,56.9,single,1,94.1,single,1,,,,Pass,single,1,2026-05-07,single,1,PBNDS 2011 - 2016 Revisions,single,1,ODO,single,1,,,,160.1,single,1,1718.1,single,1,1188.3,single,1,1661.7,single,1,(601) 304-3003,single,1,,,
ADAMSPA,detention,ADAMS COUNTY JAIL,single,42001,"Adams County, PA",PA,"45 MAJOR BELL LANE, GETTYSBURGH, PA 17325",single,1,,,,,,,,,,,,,,,,IGSA,single,1,DMCP,single,1,,,,,,,3,single,1,ADAMS,single,1,,,,,,,,,,,,,PHI,single,1,,,,,,,,,,yes,single,1,,,,,,,,,,,,,,,,,,,,,,,,,,,,,,,,,,,,,,,,,,,yes,single,1
ADAMSWA,detention,ADAMS COUNTY,single,53001|53043,"Adams County, WA|Lincoln County, WA",WA,"210 W BRAODWAY, RITZVILLE, WA 99169",single,1,,,,,,,,,,,,,,,,IGSA,single,1,DMCP,single,1,,,,,,,9,single,1,ADAMS,single,1,SPO,single,1,,,,,,,,,,SEA,single,1,10/6/2003,single,1,,,,,,,,,,,,,,,,,,,,,,,,,,,,,,,,,,9/20/2012,single,1,,,,,,,,,,,,,,,,yes,single,1
ADDCOVT,detention,ADDISON COUNTY JAIL,single,50001,"Addison County, VT",VT,"35 COURT STREET, MIDDLEBURY, VT 05753",single,1,,,,,,,,,,,,,,,,IGSA,single,1,DMCP,single,1,,,,,,,2,single,1,ADDISON,single,1,BOS,single,1,,,,,,,,,,BOS,single,1,2/9/2004,single,1,,,,,,,,,,,,,,,,,,,,,,,,,,,,,,,,,,1/30/2012,single,1,,,,,,,,,,,,,,,,yes,single,1
ADLNTCA,detention,ADELANTO ICE PROCESSING CENTER,converged,06037|06071,"San Bernardino County, CA|Los Angeles County, CA",CA,"10250 RANCHO ROAD, ADELANTO, CA 92301",conflict,3,613.4,single,1,178.5,single,1,399.5,single,1,494.9,single,1,1686.3,single,1,CDF,conflict,2,DMCP,single,1,51.9,single,1,1940,single,1,9,single,1,SAN BERNARDINO,single,1,LOS,single,1,DIGSA,single,1,28.7,single,1,232.9,single,1,LOS,converged,3,8/29/2011,single,1,Male,single,1,640,conflict,2,yes,single,1,506.9,single,1,179.6,single,1,143.7,single,1,Adelanto Immigration Court (co-located — same ZIP),single,1,Pass,single,1,2025-09-18,single,1,PBNDS 2011 - 2016 Revisions,single,1,ODO,single,1,11/4/2017,single,1,624.1,single,1,800.7,single,1,848.1,single,1,856.1,single,1,(760) 561-6100,single,1,yes,single,1
AFRC,detention,ARTESIA FAMILY RESIDENTIAL CENTER,single,35015,"Eddy County, NM",NM,"1300 W. RICHEY AVENUE, ARTESIA, NM 88210",single,1,,,,,,,,,,,,,,,,IGSA,single,1,JFRMU,single,1,,,,648,single,1,10,single,1,COUNTY,single,1,EPC,single,1,FAMILY,single,1,,,,,,,ELP,single,1,6/27/2014,single,1,,,,700,single,1,yes,single,1,,,,,,,,,,,,,,,,,,,,,,,,,12/17/2014,single,1,,,,,,,,,,,,,,,,no,single,1
AGAHOLD,detention,AGANA HOLD,single,66010,"Guam, GU",GU,"108 HERNAN CORTEZ AV, HAGATNA, GU 96910",single,1,,,,,,,,,,,,,,,,Other,single,1,DMCP,single,1,,,,,,,9,single,1,GUAM,single,1,AGA,single,1,HOLD,single,1,,,,,,,SFR,single,1,3/24/2002,single,1,,,,,,,no,single,1,,,,,,,,,,,,,,,,,,,,,,,,,11/14/2016,single,1,,,,,,,,,,,,,,,,yes,single,1
AGC,detention,AGUADILLA,single,72005|72099,"Aguadilla Municipio, PR|Moca Municipio, PR",PR,"505 CORNER BELT AND GUN ST., AGUADILLA, PR 00603",single,1,,,,,,,,,,,,,,,,Other,single,1,DMCP,single,1,,,,65,single,1,1,single,1,AGUADILLA,single,1,SAJ,single,1,HOLD,single,1,,,,,,,MIA,single,1,2/7/1987,single,1,,,,,,,no,single,1,,,,,,,,,,,,,,,,,,,,,,,,,8/5/2013,single,1,,,,,,,,,,,,,,,,yes,single,1
AGMDCCA,detention,ANAHEIM GLOBAL MEDICAL CENTER,single,06059,"Orange County, CA",CA,"1025 S ANAHEIM BLVD, ANAHEIM, CA 92805",single,1,,,,,,,,,,,,,,,,Other,single,1,OTHER,single,1,,,,,,,9,single,1,ORANGE,single,1,,,,HOSPITAL,single,1,,,,,,,LOS,single,1,7/14/2015,single,1,,,,,,,,,,,,,,,,,,,,,,,,,,,,,,,,,,11/4/2017,single,1,,,,,,,,,,,,,,,,no,single,1
AIRHOPR,detention,AIRPORT HOTEL (SAN JUAN),single,72127,"San Juan Municipio, PR",PR,"LUIS MUNOZ MARIN INTR AIRPORT, ISLA VERDE, PR 00913",single,1,,,,,,,,,,,,,,,,Other,single,1,OTHER,single,1,,,,,,,1,single,1,CAROLINA,single,1,SAJ,single,1,,,,,,,,,,MIA,single,1,10/24/1990,single,1,,,,,,,,,,,,,,,,,,,,,,,,,,,,,,,,,,4/18/2017,single,1,,,,,,,,,,,,,,,,no,single,1
AKCCANC,detention,STATE CORRECTIONAL CENTER,single,02020,"Anchorage Municipality, AK",AK,"625 C STREET, ANCHORAGE, AK 99501",single,1,,,,,,,,,,,,,,,,IGSA,single,1,DMCP,single,1,,,,,,,9,single,1,ANCHORAGE,single,1,ANC,single,1,,,,,,,,,,SEA,single,1,1/24/1991,single,1,,,,,,,,,,,,,,,,,,,,,,,,,,,,,,,,,,2/19/2008,single,1,,,,,,,,,,,,,,,,yes,single,1
AKCOOKI,detention,COOK INLET PRETRIAL (ANCHORAGE),single,02020,"Anchorage Municipality, AK",AK,"1300 E 4TH AVENUE, ANCHORAGE, AK 99501",single,1,,,,,,,,,,,,,,,,IGSA,single,1,DMCP,single,1,,,,,,,9,single,1,ANCHORAGE,single,1,ANC,single,1,,,,,,,,,,SEA,single,1,2/4/1991,single,1,,,,,,,,,,,,,,,,,,,,,,,,,,,,,,,,,,5/25/2017,single,1,,,,,,,,,,,,,,,,yes,single,1
AKFAIRB,detention,FAIRBANKS CORRECTIONAL CENTER,single,02090,"Fairbanks North Star Borough, AK",AK,"1931 EAGAN STREET, FAIRBANKS, AK 99701",single,1,,,,,,,,,,,,,,,,IGSA,single,1,DMCP,single,1,,,,,,,9,single,1,FAIRBANKS NORTH STAR,single,1,ANC,single,1,,,,,,,,,,SEA,single,1,2/24/1994,single,1,,,,,,,no,single,1,,,,,,,,,,,,,,,,,,,,,,,,,3/15/2017,single,1,,,,,,,,,,,,,,,,yes,single,1
AKHIGHL,detention,HILAND MOUNTAIN CORRECTIONAL CENTER,single,02020,"Anchorage Municipality, AK",AK,"9101 HESTERBERG ROAD, EAGLE RIVER, AK 99577",single,1,,,,,,,,,,,,,,,,USMS IGA,single,1,DMCP,single,1,,,,,,,9,single,1,ANCHORAGE,single,1,ANC,single,1,,,,,,,,,,SEA,single,1,12/17/1992,single,1,,,,,,,yes,single,1,,,,,,,,,,,,,,,,,,,,,,,,,3/13/2014,single,1,,,,,,,,,,,,,,,,yes,single,1
AKKETCH,detention,KETCHIKAN REGIONAL CC,single,02130,"Ketchikan Gateway Borough, AK",AK,"1201 SCHOENBAR ROAD, KETCHIKAN, AK 99901",single,1,,,,,,,,,,,,,,,,IGSA,single,1,DMCP,single,1,,,,,,,9,single,1,PRINCE OF WALES -OUTER KETCHIKAN,single,1,ANC,single,1,,,,,,,,,,SEA,single,1,7/27/1991,single,1,,,,,,,no,single,1,,,,,,,,,,,,,,,,,,,,,,,,,1/7/2016,single,1,,,,,,,,,,,,,,,,yes,single,1
AKLEMON,detention,LEMON CREEK,single,02110,"Juneau City and Borough, AK",AK,"2000 LEMON CREEK ROAD, JUNEAU, AK 99801",single,1,,,,,,,,,,,,,,,,USMS IGA,single,1,DMCP,single,1,,,,,,,9,single,1,JUNEAU,single,1,ANC,single,1,,,,,,,,,,SEA,single,1,10/17/1991,single,1,,,,,,,no,single,1,,,,,,,,,,,,,,,,,,,,,,,,,12/4/2016,single,1,,,,,,,,,,,,,,,,yes,single,1
AKMATSU,detention,MAT-SU PRETRIAL,single,02170,"Matanuska-Susitna Borough, AK",AK,"339 E. DOGWOOD, PALMER, AK 99645",single,1,,,,,,,,,,,,,,,,IGSA,single,1,DMCP,single,1,,,,,,,9,single,1,MATANUSKA SUSITNA,single,1,ANC,single,1,,,,,,,,,,SEA,single,1,11/27/1992,single,1,,,,,,,no,single,1,,,,,,,,,,,,,,,,,,,,,,,,,10/28/2008,single,1,,,,,,,,,,,,,,,,yes,single,1
AKMCYOU,detention,MCLAUGHLIN YOUTH CENTER,single,02020,"Anchorage Municipality, AK",AK,"2600 PROVIDENCE DR, ANCHORAGE, AK 99508",single,1,,,,,,,,,,,,,,,,IGSA,single,1,JFRMU,single,1,,,,,,,9,single,1,ANCHORAGE,single,1,ANC,single,1,JUVENILE,single,1,,,,,,,SEA,single,1,5/4/1998,single,1,,,,,,,no,single,1,,,,,,,,,,,,,,,,,,,,,,,,,5/5/2010,single,1,,,,,,,,,,,,,,,,no,single,1
AKPALMC,detention,PALMER CORRECTIONAL CENTER,single,02170,"Matanuska-Susitna Borough, AK",AK,"MILE 58 GLENN HIGHWAY, PALMER, AK 99645",single,1,,,,,,,,,,,,,,,,IGSA,single,1,DMCP,single,1,,,,,,,9,single,1,PALMER,single,1,ANC,single,1,,,,,,,,,,SEA,single,1,9/11/1994,single,1,,,,,,,,,,,,,,,,,,,,,,,,,,,,,,,,,,6/8/2014,single,1,,,,,,,,,,,,,,,,yes,single,1
AKPSYNJ,detention,ANNE KLEIN PSYCHIATRIC INSTITUTE,single,34021,"Mercer County, NJ",NJ,"SULLIVAN WAY, W. TRENTON, NJ 08628",single,1,,,,,,,,,,,,,,,,Other,single,1,OTHER,single,1,,,,,,,3,single,1,MERCER,single,1,VRK,single,1,HOSPITAL,single,1,,,,,,,NEW,single,1,5/20/2005,single,1,,,,,,,,,,,,,,,,,,,,,,,,,,,,,,,,,,4/19/2007,single,1,,,,,,,,,,,,,,,,no,single,1
AKWILCC,detention,WILDWOOD STATE CORRECTIONAL CENTER,single,02122,"Kenai Peninsula Borough, AK",AK,"#10 CHUGACH AVENUE, KENAI, AK 99611",single,1,,,,,,,,,,,,,,,,IGSA,single,1,DMCP,single,1,,,,,,,9,single,1,KENAI PENINSULA,single,1,ANC,single,1,,,,,,,,,,SEA,single,1,1/31/1994,single,1,,,,,,,,,,,,,,,,,,,,,,,,,,,,,,,,,,8/4/2014,single,1,,,,,,,,,,,,,,,,yes,single,1
AKWILPT,detention,WILDWOOD PRETRIAL FACILITY,single,02122,"Kenai Peninsula Borough, AK",AK,"5 CHUGACH AVENUE, KENAI, AK 99611",single,1,,,,,,,,,,,,,,,,IGSA,single,1,DMCP,single,1,,,,,,,9,single,1,KENAI PENINSULA,single,1,ANC,single,1,,,,,,,,,,SEA,single,1,1/28/2009,single,1,,,,,,,,,,,,,,,,,,,,,,,,,,,,,,,,,,1/21/2014,single,1,,,,,,,,,,,,,,,,yes,single,1
ALAMCNC,detention,Alamance County Detention Center,conflict,37001,"Alamance County, NC",NC,"109 South Maple Street, Graham, NC 27253",converged,2,,,,,,,,,,,,,,,,IGSA,single,1,DMCP,single,1,,,,,,,4,single,1,ALAMANCE,single,1,RDU,single,1,,,,,,,,,,ATL,converged,2,5/15/2006,single,1,,,,,,,yes,single,1,,,,,,,,,,,,,,,,,,,,,,,,,9/18/2012,single,1,,,,,,,,,,,,,(336) 570-6317,single,1,yes,single,1
ALBANWY,detention,ALBANY COUNTY JAIL,single,56001,"Albany County, WY",WY,"ALBANY COUNTY COURTHOUSE, LARAMIE, WY 82070",single,1,,,,,,,,,,,,,,,,IGSA,single,1,DMCP,single,1,,,,,,,10,single,1,ALBANY,single,1,DEN,single,1,,,,,,,,,,DEN,single,1,2/6/1992,single,1,,,,,,,no,single,1,,,,,,,,,,,,,,,,,,,,,,,,,1/29/2008,single,1,,,,,,,,,,,,,,,,yes,single,1
ALBCONY,detention,ALBANY COUNTY JAIL,single,36001,"Albany County, NY",NY,"840 ALBANY SHAKER ROAD, ALBANY, NY 12211",single,1,,,,,,,,,,,,,,,,USMS IGA,single,1,DMCP,single,1,,,,14,single,1,2,single,1,KINGS,single,1,ALB,single,1,,,,,,,,,,BUF,single,1,7/13/1988,single,1,,,,,,,yes,single,1,,,,,,,,,,,,,,,,,,,,,,,,,11/4/2017,single,1,,,,,,,,,,,,,,,,yes,single,1
ALBEMVA,detention,ALBEMARLE-CHARLOTTSVILLE,single,51003|51540,"Albemarle County, VA|Charlottesville city, VA",VA,"UNAVAILABLE, CHARLOTTESVILLE, VA 22901",single,1,,,,,,,,,,,,,,,,IGSA,single,1,DMCP,single,1,,,,,,,4,single,1,ABERMARLE,single,1,HBG,single,1,,,,,,,,,,WAS,single,1,12/11/2013,single,1,,,,,,,,,,,,,,,,,,,,,,,,,,,,,,,,,,8/13/2014,single,1,,,,,,,,,,,,,,,,yes,single,1
ALBHOLD,detention,ALBANY HOLD ROOM,single,36001,"Albany County, NY",NY,"1086 TROY-SCHENECTADY RD, LATHAM, NY 12110",single,1,,,,,,,,,,,,,,,,Other,single,1,DMCP,single,1,,,,,,,2,single,1,ALBANY,single,1,,,,HOLD,single,1,,,,,,,BUF,single,1,5/25/2016,single,1,,,,,,,no,single,1,,,,,,,,,,,,,,,,,,,,,,,,,6/14/2017,single,1,,,,,,,,,,,,,,,,yes,single,1
ALEXAVA,detention,ALEXANDRIA CITY JAIL,single,51510,"Alexandria city, VA",VA,"2003 MILL ROAD, ALEXANDRIA, VA 22314",single,1,,,,,,,,,,,,,,,,USMS IGA,single,1,DMCP,single,1,,,,,,,4,single,1,ALEXANDRIA CITY,single,1,WAS,single,1,,,,,,,,,,WAS,single,1,11/28/1989,single,1,,,,,,,no,single,1,,,,,,,,,,,,,,,,,,,,,,,,,10/31/2017,single,1,,,,,,,,,,,,,,,,yes,single,1
ALHAMCA,detention,ALHAMBRA CITY JAIL,single,06037,"Los Angeles County, CA",CA,"211 S. FIRST ST., ALHAMBRA, CA 91801",single,1,,,,,,,,,,,,,,,,USMS IGA,single,1,DMCP,single,1,,,,,,,9,single,1,LOS ANGELES,single,1,LOS,single,1,,,,,,,,,,LOS,single,1,7/9/2008,single,1,,,,,,,no,single,1,,,,,,,,,,,,,,,,,,,,,,,,,3/8/2016,single,1,,,,,,,,,,,,,,,,yes,single,1
ALLEGNY,detention,ALLEGANY COUNTY JAIL,single,36003,"Allegany County, NY",NY,"4884 STATE ROUTE 19, BELMONT, NY 14813",single,1,,,,,,,,,,,,,,,,IGSA,single,1,DMCP,single,1,,,,,,,2,single,1,ALLEGANY,single,1,BUF,single,1,,,,,,,,,,BUF,single,1,11/5/1987,single,1,,,,,,,yes,single,1,,,,,,,,,,,,,,,,,,,,,,,,,11/4/2017,single,1,,,,,,,,,,,,,,,,yes,single,1
ALLEGPA,detention,ALLEGHENY COUNTY JAIL,single,42003,"Allegheny County, PA",PA,"950 SECOND AVENUE, PITTSBURGH, PA 15219",single,1,,,,,,,,,,,,,,,,USMS IGA,single,1,DMCP,single,1,,,,5,single,1,3,single,1,ALLEGHENY,single,1,PIT,single,1,,,,,,,,,,PHI,single,1,4/2/1987,single,1,,,,,,,yes,single,1,,,,,,,,,,,,,,,,,,,,,,,,,9/30/2014,single,1,,,,,,,,,,,,,,,,yes,single,1
ALMHOLD,detention,ALAMOSA HOLDROOM,single,08003|08021,"Alamosa County, CO|Conejos County, CO",CO,"1921 STATE STREET, ALAMOSA, CO 81101",single,1,,,,,,,,,,,,,,,,Other,single,1,DMCP,single,1,,,,,,,10,single,1,ALAMOSA,single,1,DEN,single,1,HOLD,single,1,,,,,,,DEN,single,1,2/26/2011,single,1,,,,,,,no,single,1,,,,,,,,,,,,,,,,,,,,,,,,,10/26/2012,single,1,,,,,,,,,,,,,,,,yes,single,1
AMTHOLD,detention,AMARILLO HOLD ROOM,single,48375|48381,"Potter County, TX|Randall County, TX",TX,"8601 E. AMARILLO BLVD, AMARILLO, TX 79801",single,1,,,,,,,,,,,,,,,,Other,single,1,DMCP,single,1,,,,,,,5,single,1,POTTER,single,1,AMT,single,1,HOLD,single,1,,,,,,,DAL,single,1,3/21/2013,single,1,,,,,,,no,single,1,,,,,,,,,,,,,,,,,,,,,,,,,5/7/2017,single,1,,,,,,,,,,,,,,,,yes,single,1
ANCHOAK,detention,ANCHORAGE CORRECTIONAL COMPLEX,converged,02020,"Anchorage Municipality, AK",AK,"1400 E. 4TH AVE, ANCHORAGE, AK 99501",conflict,3,1.5,single,1,0.2,single,1,0.1,single,1,0.3,single,1,2.1,single,1,USMS IGA,converged,2,DMCP,single,1,4.8,single,1,,,,9,single,1,ANCHORAGE,single,1,ANC,single,1,,,,0,single,1,0,single,1,SEA,converged,3,7/10/1988,single,1,Male,single,1,,,,yes,single,1,0.5,single,1,0.1,single,1,0.1,single,1,,,,Pass,single,1,2024-03-29,single,1,ORSA NDS 2019,single,1,ORSA,single,1,11/4/2017,single,1,0.5,single,1,1.6,single,1,1.2,single,1,1.5,single,1,(907) 269-4100,single,1,yes,single,1
ANDROME,detention,ANDROSCOGGIN COUNTY JAIL,single,23001,"Androscoggin County, ME",ME,"2 TURNER STREET, AUBURN, ME 04210",single,1,,,,,,,,,,,,,,,,IGSA,single,1,DMCP,single,1,,,,,,,1,single,1,ANDROSCOGGIN,single,1,POM,single,1,,,,,,,,,,BOS,single,1,8/23/1993,single,1,,,,,,,,,,,,,,,,,,,,,,,,,,,,,,,,,,1/22/2006,single,1,,,,,,,,,,,,,,,,yes,single,1
ANGELTX,detention,ANGELINA COUNTY JAIL,single,48005,"Angelina County, TX",TX,"C.S.C. LUFKIN C.F.113 N. SECOND ST., LUFKIN, TX 75901",single,1,,,,,,,,,,,,,,,,IGSA,single,1,DMCP,single,1,,,,,,,5,single,1,ANGELINA,single,1,HOU,single,1,,,,,,,,,,HOU,single,1,3/31/2004,single,1,,,,,,,yes,single,1,,,,,,,,,,,,,,,,,,,,,,,,,11/7/2004,single,1,,,,,,,,,,,,,,,,yes,single,1
ANJUVMN,detention,ANOKA COUNTY JUVENILE,single,27003,"Anoka County, MN",MN,"7555 4TH AVENUE, LINO LAKES, MN 55014",single,1,,,,,,,,,,,,,,,,IGSA,single,1,JFRMU,single,1,,,,,,,8,single,1,ANOKA,single,1,SPM,single,1,JUVENILE,single,1,,,,,,,SPM,single,1,5/28/1998,single,1,,,,,,,no,single,1,,,,,,,,,,,,,,,,,,,,,,,,,7/21/2010,single,1,,,,,,,,,,,,,,,,no,single,1
APACHAZ,detention,APACHE COUNTY JAIL,single,04001,"Apache County, AZ",AZ,"370 SOUTH WASHINGTON ST, ST JOHNS, AZ 85936",single,1,,,,,,,,,,,,,,,,USMS IGA,single,1,DMCP,single,1,,,,,,,9,single,1,APACHE,single,1,PHO,single,1,,,,,,,,,,PHO,single,1,4/25/1993,single,1,,,,,,,no,single,1,,,,,,,,,,,,,,,,,,,,,,,,,9/3/2013,single,1,,,,,,,,,,,,,,,,yes,single,1
APIBHCA,detention,ALVARADO PARKWAY INSTITUTE,single,06073,"San Diego County, CA",CA,"7050 PARKWAY DR, LA MESA, CA 91942",single,1,,,,,,,,,,,,,,,,Other,single,1,OTHER,single,1,,,,,,,9,single,1,SAN DIEGO,single,1,SND,single,1,HOSPITAL,single,1,,,,,,,SND,single,1,2/27/2015,single,1,,,,,,,,,,,,,,,,,,,,,,,,,,,,,,,,,,11/4/2017,single,1,,,,,,,,,,,,,,,,no,single,1
APPSCLA,detention,ALLEN PARISH PUBLIC SAFETY COMPLEX,converged,22003,"Allen Parish, LA",LA,"7340 HIGHWAY 26 WEST, OBERLIN, LA 70655",conflict,3,66.9,single,1,7.3,single,1,27.8,single,1,16.5,single,1,118.5,single,1,IGSA,converged,2,DMCP,single,1,57.5,single,1,,,,5,single,1,ALLEN,single,1,OAK,single,1,,,,0,single,1,0,single,1,NOL,converged,3,5/18/2016,single,1,Male,single,1,170,single,1,yes,single,1,32,single,1,13.7,single,1,2.9,single,1,,,,Pass,single,1,2026-03-26,single,1,PBNDS 2011 - 2016 Revisions,single,1,ODO,single,1,11/4/2017,single,1,38.8,single,1,79.6,single,1,92.4,single,1,69.9,single,1,(337) 639-4353,single,1,yes,single,1
ARAPACO,detention,ARAPAHOE COUNTY JAIL,single,08005,"Arapahoe County, CO",CO,"3686 SOUTH COURT PLACE, LITTLETON, CO 80120",single,1,,,,,,,,,,,,,,,,IGSA,single,1,DMCP,single,1,,,,,,,10,single,1,ARAPAHOE,single,1,DEN,single,1,,,,,,,,,,DEN,single,1,11/24/1990,single,1,,,,,,,,,,,,,,,,,,,,,,,,,,,,,,,,,,5/26/2008,single,1,,,,,,,,,,,,,,,,yes,single,1
ARCHUCO,detention,ARCHULETA COUNTY JAIL,single,08007|08053,"Archuleta County, CO|Hinsdale County, CO",CO,"449 SAN JUAN STREET, PAGOSA SPRINGS, CO 81147",single,1,,,,,,,,,,,,,,,,IGSA,single,1,DMCP,single,1,,,,,,,10,single,1,ARCHULETA,single,1,DEN,single,1,,,,,,,,,,DEN,single,1,9/7/2007,single,1,,,,,,,,,,,,,,,,,,,,,,,,,,,,,,,,,,9/23/2007,single,1,,,,,,,,,,,,,,,,yes,single,1
ARDCTEX,detention,ARKANSAS DEPARTMENT OF CORRECTIONS (TEXARKANA),single,05091,"Miller County, AR",AR,"100 NORTH STATELINE AVENUE BOX 21, TEXARKANA, AR 75502",single,1,,,,,,,,,,,,,,,,IGSA,single,1,DMCP,single,1,,,,,,,8,single,1,MILLER,single,1,KAN,single,1,,,,,,,,,,NOL,single,1,11/14/2001,single,1,,,,,,,,,,,,,,,,,,,,,,,,,,,,,,,,,,5/24/2004,single,1,,,,,,,,,,,,,,,,yes,single,1
ARLCOVA,detention,ARLINGTON COUNTY JAIL,single,51013,"Arlington County, VA",VA,"1435 NORTH COURTHOUSE ROAD, ARLINGTON, VA 22201",single,1,,,,,,,,,,,,,,,,USMS IGA,single,1,DMCP,single,1,,,,,,,4,single,1,ARLINGTON,single,1,WAS,single,1,,,,,,,,,,WAS,single,1,9/11/1991,single,1,,,,,,,no,single,1,,,,,,,,,,,,,,,,,,,,,,,,,1/4/2011,single,1,,,,,,,,,,,,,,,,yes,single,1
AROOSME,detention,AROOSTOOK COUNTY JAIL,single,23003,"Aroostook County, ME",ME,"15 BROADWAY, HOULTON, ME 04730",single,1,,,,,,,,,,,,,,,,USMS IGA,single,1,DMCP,single,1,,,,,,,1,single,1,AROOSTOOK,single,1,POM,single,1,,,,,,,,,,BOS,single,1,9/25/1995,single,1,,,,,,,no,single,1,,,,,,,,,,,,,,,,,,,,,,,,,1/23/2012,single,1,,,,,,,,,,,,,,,,yes,single,1
ARRMCCA,detention,ARROWHEAD REGIONAL MED CENTER,single,06065|06071,"San Bernardino County, CA|Riverside County, CA",CA,"400 N. PEPPER AVENUE, COLTON, CA 92324",single,1,,,,,,,,,,,,,,,,Other,single,1,OTHER,single,1,,,,,,,9,single,1,COUNTY,single,1,ADE,single,1,HOSPITAL,single,1,,,,,,,LOS,single,1,6/11/2014,single,1,,,,,,,,,,,,,,,,,,,,,,,,,,,,,,,,,,10/26/2017,single,1,,,,,,,,,,,,,,,,no,single,1
ASHRSFL,detention,ATLANTIC SHORES HOSPITAL,single,12011,"Broward County, FL",FL,"4545 NORTH FEDERAL HIGHWAY, FORT LAUDERDALE, FL 33308",single,1,,,,,,,,,,,,,,,,Other,single,1,OTHER,single,1,,,,,,,11,single,1,BROWARD,single,1,KRO,single,1,HOSPITAL,single,1,,,,,,,MIA,single,1,12/1/2010,single,1,,,,,,,,,,,,,,,,,,,,,,,,,,,,,,,,,,5/8/2017,single,1,,,,,,,,,,,,,,,,no,single,1
ATASCTX,detention,ATASCOSA COUNTY JAIL,single,48013|48311,"Atascosa County, TX|McMullen County, TX",TX,"C/O JAIL ADMINISTRATOR, JOURDANTON, TX 78026",single,1,,,,,,,,,,,,,,,,IGSA,single,1,DMCP,single,1,,,,,,,5,single,1,ATASCOSA,single,1,SNA,single,1,,,,,,,,,,SNA,single,1,2/21/1997,single,1,,,,,,,,,,,,,,,,,,,,,,,,,,,,,,,,,,2/1/2007,single,1,,,,,,,,,,,,,,,,yes,single,1
ATCHIKS,detention,ATCHINSON COUNTY JAIL,single,20005|20043|20087|20103,"Atchison County, KS|Doniphan County, KS|Jefferson County, KS|Leavenworth County, KS",KS,"518 PARALLEL STREET, ATCHINSON, KS 66002",single,1,,,,,,,,,,,,,,,,IGSA,single,1,DMCP,single,1,,,,,,,10,single,1,ATCHISON,single,1,KAN,single,1,,,,,,,,,,CHI,single,1,9/17/2000,single,1,,,,,,,,,,,,,,,,,,,,,,,,,,,,,,,,,,7/28/2004,single,1,,,,,,,,,,,,,,,,yes,single,1
ATLANGA,detention,ATLANTA CITY DETENTION CENTER,single,13121,"Fulton County, GA",GA,"254 PEACHTREE STREET SOUTHWEST, ATLANTA, GA 30303",single,1,,,,,,,,,,,,,,,,USMS IGA,single,1,DMCP,single,1,,,,200,single,1,11,single,1,FULTON,single,1,ATL,single,1,,,,,,,,,,ATL,single,1,9/17/1996,single,1,,,,,,,yes,single,1,,,,,,,,,,Atlanta – Ted Turner Drive Immigration Court (co-located — same ZIP),single,1,,,,,,,,,,,,,11/4/2017,single,1,,,,,,,,,,,,,,,,yes,single,1
ATLHOLD,detention,ATLANTA DISTRICT HOLD ROOM,single,13121,"Fulton County, GA",GA,"77 FORSYTH ST. SW., ATLANTA, GA 30303",single,1,,,,,,,,,,,,,,,,Other,single,1,DMCP,single,1,,,,,,,11,single,1,FULTON,single,1,ATL,single,1,HOLD,single,1,,,,,,,ATL,single,1,3/30/2000,single,1,,,,,,,no,single,1,,,,,,,,,,Atlanta – Ted Turner Drive Immigration Court (co-located — same ZIP),single,1,,,,,,,,,,,,,11/4/2017,single,1,,,,,,,,,,,,,,,,yes,single,1
ATTHOLD,detention,ATHENS TX HOLD ROOM,single,48001|48213,"Henderson County, TX|Anderson County, TX",TX,"109 W CORSICANA STREET, ATHENS, TX 75751",single,1,,,,,,,,,,,,,,,,Other,single,1,DMCP,single,1,,,,,,,5,single,1,HENDERSON,single,1,,,,HOLD,single,1,,,,,,,DAL,single,1,,,,,,,,,,no,single,1,,,,,,,,,,,,,,,,,,,,,,,,,,,,,,,,,,,,,,,,,,,yes,single,1
AUDRNMO,detention,AUDRAIN COUNTY JAIL,single,29007|29027|29137,"Audrain County, MO|Monroe County, MO|Callaway County, MO",MO,"1100 LITTLEBY ROAD, MEXICO, MO 65265",single,1,,,,,,,,,,,,,,,,IGSA,single,1,DMCP,single,1,,,,,,,8,single,1,AUDRAIN,single,1,KAN,single,1,,,,,,,,,,CHI,single,1,1/14/2003,single,1,,,,,,,yes,single,1,,,,,,,,,,,,,,,,,,,,,,,,,11/17/2004,single,1,,,,,,,,,,,,,,,,yes,single,1
AURORCO,detention,AURORA CITY JAIL,single,08005,"Arapahoe County, CO",CO,"1500 EAST ALAMEDA DRIVE, AURORA, CO 80017",single,1,,,,,,,,,,,,,,,,IGSA,single,1,DMCP,single,1,,,,,,,10,single,1,ARAPAHOE,single,1,DEN,single,1,,,,,,,,,,DEN,single,1,4/29/1998,single,1,,,,,,,,,,,,,,,,,,,,,,,,,,,,,,,,,,4/9/2008,single,1,,,,,,,,,,,,,,,,yes,single,1
AUSHOLD,detention,AUSTIN DRO HOLD ROOM,single,48453,"Travis County, TX",TX,"300 EAST 8TH STREET, AUSTIN, TX 78701",single,1,,,,,,,,,,,,,,,,Other,single,1,DMCP,single,1,,,,,,,5,single,1,TRAVIS,single,1,AUS,single,1,HOLD,single,1,,,,,,,SNA,single,1,6/25/2010,single,1,,,,,,,no,single,1,,,,,,,,,,,,,,,,,,,,,,,,,8/1/2017,single,1,,,,,,,,,,,,,,,,yes,single,1
AVPARLA,detention,AVOYELLES PARISH PRISON,single,22009|22079,"Avoyelles Parish, LA|Rapides Parish, LA",LA,"675 GOVERNMENT STREET, MARKSVILLE, LA 71351",single,1,,,,,,,,,,,,,,,,IGSA,single,1,DMCP,single,1,,,,,,,5,single,1,AVOYELLES,single,1,OAK,single,1,,,,,,,,,,NOL,single,1,10/5/1986,single,1,,,,,,,,,,,,,,,,,,,,,,,,,,,,,,,,,,8/30/2001,single,1,,,,,,,,,,,,,,,,yes,single,1
AVWOMLA,detention,AVOYELLES WOMENS CORRECTIONAL CENTER,single,22009|22079,"Avoyelles Parish, LA|Rapides Parish, LA",LA,"675 GOVERNMENT ST, MARKSVILLE, LA 71351",single,1,,,,,,,,,,,,,,,,IGSA,single,1,DMCP,single,1,,,,,,,5,single,1,AVOYELLES,single,1,OAK,single,1,,,,,,,,,,NOL,single,1,8/24/1992,single,1,,,,,,,,,,,,,,,,,,,,,,,,,,,,,,,,,,5/27/2004,single,1,,,,,,,,,,,,,,,,yes,single,1
AZDCTUC,detention,ARIZONA DEPARTMENT OF CORRECTIONS - TUSCON,single,04019,"Pima County, AZ",AZ,"10000 SOUTH WILMOT, TUCSON, AZ 85734",single,1,,,,,,,,,,,,,,,,IGSA,single,1,DMCP,single,1,,,,,,,9,single,1,PIMA,single,1,TUC,single,1,,,,,,,,,,PHO,single,1,7/17/1990,single,1,,,,,,,,,,,,,,,,,,,,,,,,,,,,,,,,,,7/17/1990,single,1,,,,,,,,,,,,,,,,yes,single,1
AZSPPER,detention,PERRYVILLE STATE PRISON,single,04013,"Maricopa County, AZ",AZ,"2105 NORTH CITRUS RD, GOODYEAR, AZ 85395",single,1,,,,,,,,,,,,,,,,IGSA,single,1,DMCP,single,1,,,,,,,9,single,1,MARICOPA,single,1,,,,,,,,,,,,,PHO,single,1,12/27/2015,single,1,,,,,,,,,,,,,,,,,,,,,,,,,,,,,,,,,,9/28/2016,single,1,,,,,,,,,,,,,,,,yes,single,1
BAILECA,detention,GEORGE BAILEY DETENTION FACILITY,single,06073,"San Diego County, CA",CA,"446 ALTA ROAD, SAN DIEGO, CA 92158",single,1,,,,,,,,,,,,,,,,IGSA,single,1,DMCP,single,1,,,,,,,9,single,1,SAN DIEGO,single,1,SND,single,1,,,,,,,,,,SND,single,1,9/13/2011,single,1,,,,,,,no,single,1,,,,,,,,,,,,,,,,,,,,,,,,,3/27/2017,single,1,,,,,,,,,,,,,,,,yes,single,1
BAKERFL,detention,BAKER COUNTY SHERIFF DEPT.,conflict,12003,"Baker County, FL",FL,"1 SHERIFFS OFFICE DRIVE, MACCLENNY, FL 32063",conflict,3,80.4,single,1,29.4,single,1,95.2,single,1,65.7,single,1,270.7,single,1,IGSA,converged,2,DMCP,single,1,50,single,1,,,,11,single,1,BAKER,single,1,KRO,single,1,,,,27.7,single,1,75.3,single,1,MIA,converged,3,6/7/2000,single,1,Female/Male,single,1,250,single,1,yes,single,1,58,single,1,25.3,single,1,29.7,single,1,,,,Pass,single,1,Scheduled FY26,single,1,NDS 2019,single,1,ODO,single,1,11/4/2017,single,1,62.9,single,1,104.8,single,1,159.4,single,1,157.7,single,1,(904) 288-4600,single,1,yes,single,1
BALDWAL,detention,BALDWIN COUNTY CORRECTIONAL CENTER,converged,01003,"Baldwin County, AL",AL,"200 HAND AVE., BAY MINETTE, AL 36507",converged,2,16.5,single,1,1.4,single,1,0.9,single,1,1,single,1,19.8,single,1,USMS IGA,conflict,2,DMCP,single,1,2.5,single,1,,,,11,single,1,BALDWIN,single,1,NOL,single,1,,,,0,single,1,1.4,single,1,NOL,converged,2,4/20/2011,single,1,Female/Male,single,1,,,,no,single,1,0.6,single,1,0.8,single,1,1.5,single,1,,,,Fail,single,1,2026-05-21,single,1,FPBDS (MAY 2025),single,1,ODO,single,1,11/4/2017,single,1,2.1,single,1,16.2,single,1,9.6,single,1,17,single,1,,,,yes,single,1
BALHOLD,detention,BALTIMORE DD&P,single,24005|24510,"Baltimore County, MD|Baltimore city, MD",MD,"1530 CATON CENTER DRIVE, BALTIMORE, MD 21227",single,1,,,,,,,,,,,,,,,,Other,single,1,DMCP,single,1,,,,,,,4,single,1,BALTIMORE,single,1,BAL,single,1,HOLD,single,1,,,,,,,BAL,single,1,7/1/2001,single,1,,,,,,,no,single,1,,,,,,,,,,,,,,,,,,,,,,,,,10/29/2017,single,1,,,,,,,,,,,,,,,,yes,single,1
BANNOID,detention,BANNOCK COUNTY JAIL,single,16005|16077,"Bannock County, ID|Power County, ID",ID,"5800 SOUTH 5TH AVE, POCATELLO, ID 83204",single,1,,,,,,,,,,,,,,,,USMS IGA,single,1,DMCP,single,1,,,,,,,9,single,1,BANNOCK,single,1,BOI,single,1,,,,,,,,,,SLC,single,1,1/29/1991,single,1,,,,,,,yes,single,1,,,,,,,,,,,,,,,,,,,,,,,,,9/21/2010,single,1,,,,,,,,,,,,,,,,yes,single,1
BARNSMA,detention,BARNSTABLE COUNTY,single,25001,"Barnstable County, MA",MA,"ROUTE 6 COURTHOUSE COMPLEX BOX 397, BARNSTABLE, MA 02630",single,1,,,,,,,,,,,,,,,,IGSA,single,1,DMCP,single,1,,,,,,,1,single,1,BARNSTABLE,single,1,BOS,single,1,,,,,,,,,,BOS,single,1,10/24/2006,single,1,,,,,,,yes,single,1,,,,,,,,,,,,,,,,,,,,,,,,,4/22/2012,single,1,,,,,,,,,,,,,,,,yes,single,1
BARRECA,detention,BARRETT HONOR CAMP,single,06073,"San Diego County, CA",CA,"21077 LYONS VALLEY ROAD, ALPINE, CA 91901",single,1,,,,,,,,,,,,,,,,IGSA,single,1,JFRMU,single,1,,,,,,,9,single,1,PANOLA,single,1,SND,single,1,JUVENILE,single,1,,,,,,,SND,single,1,5/12/1986,single,1,,,,,,,,,,,,,,,,,,,,,,,,,,,,,,,,,,1/2/2001,single,1,,,,,,,,,,,,,,,,no,single,1
BASCOTX,detention,BASTROP COUNTY JAIL,single,48021,"Bastrop County, TX",TX,"C/O JAIL ADMINISTRATOR, BASTROP, TX 78602",single,1,,,,,,,,,,,,,,,,IGSA,single,1,DMCP,single,1,,,,,,,5,single,1,BASTROP,single,1,SNA,single,1,,,,,,,,,,SNA,single,1,12/27/1990,single,1,,,,,,,no,single,1,,,,,,,,,,,,,,,,,,,,,,,,,9/18/2007,single,1,,,,,,,,,,,,,,,,yes,single,1
BASILLA,detention,SOUTH LOUISIANA ICE PROCESSING CENTER,conflict,22001|22039,"Evangeline Parish, LA|Acadia Parish, LA",LA,"3843 STAGG AVENUE, BASILE, LA 70515",conflict,3,594.5,single,1,107.2,single,1,153.8,single,1,68.2,single,1,923.7,single,1,DIGSA,conflict,2,DMCP,single,1,40.2,single,1,,,,5,single,1,EVANGELINE,single,1,OAK,single,1,,,,134,single,1,788.9,single,1,NOL,converged,3,1/31/1997,single,1,Female/Male,single,1,700,single,1,yes,single,1,88.7,single,1,38.7,single,1,47,single,1,,,,Pass,single,1,2026-03-19,single,1,PBNDS 2011 - 2016 Revisions,single,1,ODO,single,1,1/5/2016,single,1,0,single,1,0.7,single,1,615.2,single,1,749.2,single,1,(318) 668-5900,single,1,yes,single,1
BAYAMPR,detention,BAYAMON HOSPITAL,single,72007|72021|72025|72033|72127,"Bayamón Municipio, PR|Aguas Buenas Municipio, PR|San Juan Municipio, PR|Cataño Municipio, PR|Caguas Municipio, PR",PR,"100 LAUREL AVENUE, BAYAMON, PR 00956",single,1,,,,,,,,,,,,,,,,Other,single,1,OTHER,single,1,,,,,,,1,single,1,SANTA JUANITA,single,1,,,,HOSPITAL,single,1,,,,,,,MIA,single,1,3/27/2017,single,1,,,,,,,,,,,,,,,,,,,,,,,,,,,,,,,,,,8/30/2017,single,1,,,,,,,,,,,,,,,,no,single,1
BAYCOFL,detention,BAY COUNTY,single,12005,"Bay County, FL",FL,"5600 NEHI ROAD, PANAMA CITY, FL 32404",single,1,,,,,,,,,,,,,,,,IGSA,single,1,DMCP,single,1,,,,,,,11,single,1,BAY,single,1,ORL,single,1,,,,,,,,,,MIA,single,1,1/26/1995,single,1,,,,,,,,,,,,,,,,,,,,,,,,,,,,,,,,,,11/9/2004,single,1,,,,,,,,,,,,,,,,yes,single,1
BEACOSD,detention,BEADLE COUNTY,single,46005|46111,"Beadle County, SD|Sanborn County, SD",SD,"BOX 42, HURON, SD 57350",single,1,,,,,,,,,,,,,,,,IGSA,single,1,DMCP,single,1,,,,,,,8,single,1,BEADLE,single,1,SPM,single,1,,,,,,,,,,SPM,single,1,7/10/1995,single,1,,,,,,,,,,,,,,,,,,,,,,,,,,,,,,,,,,3/13/2006,single,1,,,,,,,,,,,,,,,,yes,single,1
BEAURLA,detention,BEAUREGARD PARISH JAIL,single,22011|22115,"Beauregard Parish, LA|Vernon Parish, LA",LA,"412 MAYEAUX DRIVE, DE RIDDER, LA 70634",single,1,,,,,,,,,,,,,,,,IGSA,single,1,DMCP,single,1,,,,,,,5,single,1,BEAUREGARD,single,1,NOL,single,1,,,,,,,,,,NOL,single,1,2/4/1988,single,1,,,,,,,no,single,1,,,,,,,,,,,,,,,,,,,,,,,,,11/4/2004,single,1,,,,,,,,,,,,,,,,yes,single,1
BEAVRPA,detention,BEAVER COUNTY JAIL,single,42003|42007,"Beaver County, PA|Allegheny County, PA",PA,"6000 WOODLAWN BOULEVARD, ALIQUIPPA, PA 15001",single,1,,,,,,,,,,,,,,,,USMS IGA,single,1,DMCP,single,1,,,,,,,3,single,1,BEAVER,single,1,PIT,single,1,,,,,,,,,,PHI,single,1,8/28/2017,single,1,,,,,,,yes,single,1,,,,,,,,,,,,,,,,,,,,,,,,,11/4/2017,single,1,,,,,,,,,,,,,,,,yes,single,1
BEDCITX,detention,BEDFORD MUNICIPAL DETENTION CENTER,single,48439,"Tarrant County, TX",TX,"2121 L DON DODSON DRIVE, BEDFORD, TX 76021",single,1,,,,,,,,,,,,,,,,IGSA,single,1,DMCP,single,1,,,,,,,5,single,1,TARRANT,single,1,DAL,single,1,,,,,,,,,,DAL,single,1,7/6/1999,single,1,,,,,,,no,single,1,,,,,,,,,,,,,,,,,,,,,,,,,11/4/2017,single,1,,,,,,,,,,,,,,,,yes,single,1
BEDFOOH,detention,BEDFORD HEIGHTS CITY JAIL,single,39035,"Cuyahoga County, OH",OH,"5661 PERKINS ROAD, BEDFORD HTS, OH 44146",single,1,,,,,,,,,,,,,,,,IGSA,single,1,DMCP,single,1,,,,,,,6,single,1,CUYAHOGA,single,1,CLE,single,1,,,,,,,,,,DET,single,1,12/31/1996,single,1,,,,,,,yes,single,1,,,,,,,,,,,,,,,,,,,,,,,,,4/27/2015,single,1,,,,,,,,,,,,,,,,yes,single,1
BEDFOPA,detention,BEDFORD COUNTY JAIL,single,42009,"Bedford County, PA",PA,"204 THOMAS STREET, BEDFORD, PA 15522",single,1,,,,,,,,,,,,,,,,IGSA,single,1,DMCP,single,1,,,,,,,3,single,1,BEDFORD,single,1,PIT,single,1,,,,,,,,,,PHI,single,1,3/20/1994,single,1,,,,,,,yes,single,1,,,,,,,,,,,,,,,,,,,,,,,,,12/7/2009,single,1,,,,,,,,,,,,,,,,yes,single,1
BEFAMPA,detention,BERKS COUNTY FAMILY SHELTER,single,42011,"Berks County, PA",PA,"1040 BERKS ROAD, LEESPORT, PA 19533",single,1,,,,,,,,,,,,,,,,IGSA,single,1,JFRMU,single,1,,,,96,single,1,3,single,1,BERKS,single,1,BRK,single,1,FAMILY,single,1,,,,,,,PHI,single,1,1/7/2001,single,1,,,,96,single,1,yes,single,1,,,,,,,,,,,,,,,,,,,,,,,,,11/4/2017,single,1,,,,,,,,,,,,,,,,no,single,1
BEHOSNY,detention,BELLEVUE HOSPITAL,single,36061,"New York County, NY",NY,"462 1ST AVENUE, NEW YORK, NY 10016",single,1,,,,,,,,,,,,,,,,Other,single,1,OTHER,single,1,,,,,,,2,single,1,NEW YORK,single,1,NYC,single,1,HOSPITAL,single,1,,,,,,,NYC,single,1,6/5/2014,single,1,,,,,,,,,,,,,,,,,,,,,,,,,,,,,,,,,,4/10/2017,single,1,,,,,,,,,,,,,,,,no,single,1
BEJUVPA,detention,BERKS COUNTY,single,42011,"Berks County, PA",PA,"1261 COUNTY WELFARE ROAD, LEESPORT, PA 19533",single,1,,,,,,,,,,,,,,,,IGSA,single,1,JFRMU,single,1,,,,,,,3,single,1,BERKS,single,1,PHI,single,1,JUVENILE,single,1,,,,,,,PHI,single,1,2/2/1994,single,1,,,,,,,yes,single,1,,,,,,,,,,,,,,,,,,,,,,,,,3/29/2012,single,1,,,,,,,,,,,,,,,,no,single,1
BELCOTX,detention,BELL COUNTY JAIL,single,48027,"Bell County, TX",TX,"111 W. CENTRAL, BELTON, TX 76513",single,1,,,,,,,,,,,,,,,,IGSA,single,1,DMCP,single,1,,,,,,,5,single,1,BELL,single,1,SNA,single,1,,,,,,,,,,SNA,single,1,5/22/1998,single,1,,,,,,,,,,,,,,,,,,,,,,,,,,,,,,,,,,9/24/2007,single,1,,,,,,,,,,,,,,,,yes,single,1
BELJUTX,detention,BELL COUNTY JUVENILE,single,48027,"Bell County, TX",TX,"4800 EAST RANCIER, KILLEEN, TX 76543",single,1,,,,,,,,,,,,,,,,IGSA,single,1,JFRMU,single,1,,,,,,,5,single,1,BELL,single,1,SNA,single,1,JUVENILE,single,1,,,,,,,SNA,single,1,1/21/1999,single,1,,,,,,,,,,,,,,,,,,,,,,,,,,,,,,,,,,2/19/2007,single,1,,,,,,,,,,,,,,,,no,single,1
BELKNNH,detention,BELKNAP COUNTY JAIL,single,33001,"Belknap County, NH",NH,"76 COUNTY DR, LACONIA, NH 03246",single,1,,,,,,,,,,,,,,,,IGSA,single,1,DMCP,single,1,,,,,,,1,single,1,BELKNAP,single,1,BOS,single,1,,,,,,,,,,BOS,single,1,10/21/1992,single,1,,,,,,,,,,,,,,,,,,,,,,,,,,,,,,,,,,10/21/2002,single,1,,,,,,,,,,,,,,,,yes,single,1
BELPDMI,detention,BELLEVILLE POLICE DEPARTMENT (MICHIGAN),single,26115|26161|26163,"Wayne County, MI|Washtenaw County, MI|Monroe County, MI",MI,"6 MAIN ST., BELLEVILLE, MI 48111",single,1,,,,,,,,,,,,,,,,IGSA,single,1,DMCP,single,1,,,,,,,6,single,1,WAYNE,single,1,DET,single,1,,,,,,,,,,DET,single,1,3/23/1991,single,1,,,,,,,,,,,,,,,,,,,,,,,,,,,,,,,,,,3/28/2004,single,1,,,,,,,,,,,,,,,,yes,single,1
BENTCCO,detention,BENT COUNTY JAIL,single,08009|08011|08071,"Bent County, CO|Las Animas County, CO|Baca County, CO",CO,"11100 COUNTY RD GG 75, LAS ANIMAS, CO 81054",single,1,,,,,,,,,,,,,,,,IGSA,single,1,DMCP,single,1,,,,,,,10,single,1,BENT,single,1,DEN,single,1,,,,,,,,,,DEN,single,1,7/12/2006,single,1,,,,,,,,,,,,,,,,,,,,,,,,,,,,,,,,,,10/8/2007,single,1,,,,,,,,,,,,,,,,yes,single,1
BENTOAR,detention,BENTON COUNTY DETENTION CENTER,single,05007,"Benton County, AR",AR,"1300 SW 14TH STREET, BENTONVILLE, AR 72712",single,1,,,,,,,,,,,,,,,,USMS IGA,single,1,DMCP,single,1,,,,,,,8,single,1,BENTON,single,1,NOL,single,1,,,,,,,,,,NOL,single,1,1/30/2001,single,1,,,,,,,yes,single,1,,,,,,,,,,,,,,,,,,,,,,,,,6/11/2008,single,1,,,,,,,,,,,,,,,,yes,single,1
BENTOIA,detention,BENTON COUNTY JAIL,single,19011,"Benton County, IA",IA,"113 E 3RD ST, VINTON, IA 52349",single,1,,,,,,,,,,,,,,,,IGSA,single,1,DMCP,single,1,,,,,,,8,single,1,BENTON,single,1,OMA,single,1,,,,,,,,,,SPM,single,1,5/4/1998,single,1,,,,,,,,,,,,,,,,,,,,,,,,,,,,,,,,,,11/19/2003,single,1,,,,,,,,,,,,,,,,yes,single,1
BENTOMN,detention,BENTON COUNTY JAIL,single,27009|27097|27141,"Benton County, MN|Morrison County, MN|Sherburne County, MN",MN,"581 HIGHWAY 23 NE, FOLEY, MN 56329",single,1,,,,,,,,,,,,,,,,IGSA,single,1,DMCP,single,1,,,,,,,8,single,1,BENTON,single,1,SPM,single,1,,,,,,,,,,SPM,single,1,7/2/1999,single,1,,,,,,,,,,,,,,,,,,,,,,,,,,,,,,,,,,12/3/2002,single,1,,,,,,,,,,,,,,,,yes,single,1
BENTOWA,detention,BENTON COUNTY JAIL,single,53005,"Benton County, WA",WA,"7320 W. QUINAULT, KENNEWICK, WA 99336",single,1,,,,,,,,,,,,,,,,IGSA,single,1,DMCP,single,1,,,,,,,9,single,1,BENTON,single,1,RIC,single,1,,,,,,,,,,SEA,single,1,11/9/2005,single,1,,,,,,,no,single,1,,,,,,,,,,,,,,,,,,,,,,,,,12/22/2009,single,1,,,,,,,,,,,,,,,,yes,single,1
BERGENJ,detention,BERGEN COUNTY JAIL,single,34003,"Bergen County, NJ",NJ,"160 SOUTH RIVER STREET, HACKENSACK, NJ 07601",single,1,,,,,,,,,,,,,,,,USMS IGA,single,1,DMCP,single,1,,,,128,single,1,3,single,1,BERGEN,single,1,VRK,single,1,,,,,,,,,,NYC,single,1,6/13/1989,single,1,,,,,,,yes,single,1,,,,,,,,,,,,,,,,,,,,,,,,,11/4/2017,single,1,,,,,,,,,,,,,,,,yes,single,1
BERKSPA,detention,BERKS COUNTY PRISON,single,42011,"Berks County, PA",PA,"1287 COUNTY WELFARE ROAD, LEESPORT, PA 19533",single,1,,,,,,,,,,,,,,,,USMS IGA,single,1,DMCP,single,1,,,,,,,3,single,1,BERKS,single,1,BRK,single,1,,,,,,,,,,PHI,single,1,7/23/1986,single,1,,,,,,,yes,single,1,,,,,,,,,,,,,,,,,,,,,,,,,8/2/2010,single,1,,,,,,,,,,,,,,,,yes,single,1
BERNANM,detention,BERNALILLO COUNTY DETENTION CENTER,single,35001,"Bernalillo County, NM",NM,"415 ROMA N.W., ALBUQUERQUE, NM 87102",single,1,,,,,,,,,,,,,,,,IGSA,single,1,DMCP,single,1,,,,,,,10,single,1,BERNALILLO,single,1,ELP,single,1,DIGSA,single,1,,,,,,,ELP,single,1,8/25/1999,single,1,,,,,,,yes,single,1,,,,,,,,,,,,,,,,,,,,,,,,,4/2/2009,single,1,,,,,,,,,,,,,,,,yes,single,1
BESECPA,detention,BERKS COUNTY SECURED JUVENILE,single,42011,"Berks County, PA",PA,"1261 COUNTY WELFARE ROAD, LEESPORT, PA 19533",single,1,,,,,,,,,,,,,,,,IGSA,single,1,JFRMU,single,1,,,,,,,3,single,1,BERKS,single,1,BRK,single,1,JUVENILE,single,1,,,,,,,PHI,single,1,11/21/2000,single,1,,,,,,,no,single,1,,,,,,,,,,,,,,,,,,,,,,,,,5/22/2012,single,1,,,,,,,,,,,,,,,,no,single,1
BEXARTX,detention,BEXAR COUNTY JAIL,single,48029,"Bexar County, TX",TX,"C/O JAIL ADMINISTRATOR, SAN ANTONIO, TX 78207",single,1,,,,,,,,,,,,,,,,USMS IGA,single,1,DMCP,single,1,,,,,,,5,single,1,BEXAR,single,1,SNA,single,1,,,,,,,,,,SNA,single,1,10/22/1983,single,1,,,,,,,,,,,,,,,,,,,San Antonio Immigration Court (co-located — same ZIP),single,1,,,,,,,,,,,,,10/22/2007,single,1,,,,,,,,,,,,,,,,yes,single,1
BEXJUTX,detention,BEXAR COUNTY JUVENILE,single,48041,"Brazos County, TX",TX,"600 MISSION ROAD, SAN ANTONIO, TX 77803",single,1,,,,,,,,,,,,,,,,IGSA,single,1,JFRMU,single,1,,,,,,,5,single,1,BRAZOS,single,1,SNA,single,1,JUVENILE,single,1,,,,,,,SNA,single,1,2/2/1999,single,1,,,,,,,,,,,,,,,,,,,,,,,,,,,,,,,,,,3/30/2007,single,1,,,,,,,,,,,,,,,,no,single,1
BFGHITX,detention,BYRD'S FOSTER GROUP HOME INC,single,48201,"Harris County, TX",TX,"5708 HARDY ST, HOUSTON, TX 77009",single,1,,,,,,,,,,,,,,,,IGSA,single,1,JFRMU,single,1,,,,,,,5,single,1,HARRIS,single,1,,,,JUVENILE,single,1,,,,,,,HOU,single,1,2/17/2016,single,1,,,,,,,no,single,1,,,,,,,,,,,,,,,,,,,,,,,,,2/17/2016,single,1,,,,,,,,,,,,,,,,no,single,1
BHCALCA,detention,ALHAMBRA BHC HOSPITAL,single,06037,"Los Angeles County, CA",CA,"4619 N ROSEMEAD BLVD., ROSEMEAD, CA 91770",single,1,,,,,,,,,,,,,,,,Other,single,1,OTHER,single,1,,,,,,,9,single,1,LOS ANGELES,single,1,LOS,single,1,HOSPITAL,single,1,,,,,,,LOS,single,1,7/3/2008,single,1,,,,,,,,,,,,,,,,,,,,,,,,,,,,,,,,,,1/22/2015,single,1,,,,,,,,,,,,,,,,no,single,1
BHCELLA,detention,BHC EAST LAKE (HOSP.),single,22071,"Orleans Parish, LA",LA,"5650 READ BLVD, NEW ORLEANS, LA 70127",single,1,,,,,,,,,,,,,,,,Other,single,1,OTHER,single,1,,,,,,,5,single,1,ORLEANS PARISH,single,1,NOL,single,1,HOSPITAL,single,1,,,,,,,NOL,single,1,6/4/1999,single,1,,,,,,,,,,,,,,,,,,,,,,,,,,,,,,,,,,9/15/1999,single,1,,,,,,,,,,,,,,,,no,single,1
BHFLDMI,detention,BRONSON HOSPITAL FIELDSTONE CENTER,single,26015|26025,"Calhoun County, MI|Barry County, MI",MI,"165 N. WASIHNGTON AVENUE, BATTLE CREEK, MI 49017",single,1,,,,,,,,,,,,,,,,Other,single,1,OTHER,single,1,,,,,,,6,single,1,COUNTY,single,1,,,,HOSPITAL,single,1,,,,,,,DET,single,1,10/28/2013,single,1,,,,,,,,,,,,,,,,,,,,,,,,,,,,,,,,,,1/24/2014,single,1,,,,,,,,,,,,,,,,no,single,1
BHMHOLD,detention,BIRMINGHAM HOLD ROOM,single,01073,"Jefferson County, AL",AL,"UNAVAILABLE, HOMEWOOD, AL 35219",single,1,,,,,,,,,,,,,,,,Other,single,1,DMCP,single,1,,,,,,,11,single,1,JEFFERSON,single,1,BHM,single,1,HOLD,single,1,,,,,,,NOL,single,1,,,,,,,,,,no,single,1,,,,,,,,,,,,,,,,,,,,,,,,,,,,,,,,,,,,,,,,,,,yes,single,1
BIGHOMT,detention,BIG HORN COUNTY JAIL (MONTANA),single,30003,"Big Horn County, MT",MT,"COUNTY COURTHOUSE, HARDIN, MT 59034",single,1,,,,,,,,,,,,,,,,IGSA,single,1,DMCP,single,1,,,,,,,9,single,1,BIG HORN,single,1,HEL,single,1,,,,,,,,,,SLC,single,1,4/3/2000,single,1,,,,,,,,,,,,,,,,,,,,,,,,,,,,,,,,,,3/9/2011,single,1,,,,,,,,,,,,,,,,yes,single,1
BIGHOWY,detention,BIG HORN COUNTY JAIL (WYOMING),single,56003,"Big Horn County, WY",WY,"BOX 69, BASIN, WY 82410",single,1,,,,,,,,,,,,,,,,IGSA,single,1,DMCP,single,1,,,,,,,10,single,1,BIG HORN,single,1,DEN,single,1,,,,,,,,,,DEN,single,1,5/16/2007,single,1,,,,,,,,,,,,,,,,,,,,,,,,,,,,,,,,,,12/25/2007,single,1,,,,,,,,,,,,,,,,yes,single,1
BILHOLD,detention,BILLINGS HOLD ROOM,single,30003|30111,"Yellowstone County, MT|Big Horn County, MT",MT,"2900 4TH AVE NORTH, BILLINGS, MT 59101",single,1,,,,,,,,,,,,,,,,Other,single,1,DMCP,single,1,,,,,,,9,single,1,YELLOWSTONE,single,1,,,,HOLD,single,1,,,,,,,SLC,single,1,,,,,,,,,,no,single,1,,,,,,,,,,,,,,,,,,,,,,,,,,,,,,,,,,,,,,,,,,,yes,single,1
BINGHID,detention,BINGHAM COUNTY JAIL,single,16011,"Bingham County, ID",ID,"501 NORTH MAPLE, BLACKFOOT, ID 83221",single,1,,,,,,,,,,,,,,,,IGSA,single,1,DMCP,single,1,,,,,,,9,single,1,BINGHAM,single,1,HEL,single,1,,,,,,,,,,SLC,single,1,1/29/1991,single,1,,,,,,,no,single,1,,,,,,,,,,,,,,,,,,,,,,,,,6/15/2008,single,1,,,,,,,,,,,,,,,,yes,single,1
biweekly-baker-correctional-institution,detention,BAKER CORRECTIONAL INSTITUTION,single,12003,"Baker County, FL",FL,"20706 US 90 W, SANDERSON, FL 32087",single,1,578.3,single,1,144.9,single,1,115.8,single,1,124.5,single,1,963.5,single,1,STATE,single,1,,,,27.8,single,1,,,,,,,,,,,,,,,,0,single,1,0,single,1,MIA,single,1,,,,Male,single,1,,,,,,,151.9,single,1,57.4,single,1,89.2,single,1,,,,,,,,,,,,,,,,,,,231.2,single,1,732.2,single,1,475.5,single,1,664.9,single,1,,,,,,
biweekly-berlin-fed-corr-inst,detention,BERLIN FED. CORR. INST.,single,33007,"Coos County, NH",NH,"1 SUCCESS LOOP DR., BERLIN, NH 03570",single,1,77.4,single,1,13.5,single,1,43.5,single,1,22.7,single,1,157.1,single,1,BOP,single,1,,,,72.7,single,1,,,,,,,,,,,,,,,,0,single,1,0.1,single,1,BOS,single,1,,,,Male,single,1,,,,,,,17.2,single,1,7.1,single,1,11.9,single,1,,,,Pass,single,1,2026-07-09,single,1,FPBDS,single,1,ODO OASIP,single,1,,,,27.9,single,1,129,single,1,64.6,single,1,120.8,single,1,,,,,,
biweekly-campbell-co-det-ctr,detention,CAMPBELL CO DET CTR,single,21037,"Campbell County, KY",KY,"601 CENTRAL AVE, NEWPORT, KY 41071",single,1,99.7,single,1,21,single,1,10.9,single,1,7.9,single,1,139.5,single,1,USMS IGA,single,1,,,,76.4,single,1,,,,,,,,,,,,,,,,3.3,single,1,29.5,single,1,CHI,single,1,,,,Female/Male,single,1,,,,,,,9.1,single,1,7.8,single,1,14.9,single,1,,,,Pass,single,1,2026-07-09,single,1,FPBDS,single,1,ODO OASIP,single,1,,,,20.8,single,1,85.8,single,1,75.3,single,1,107.6,single,1,,,,,,
biweekly-central-louisiana-ice-processing-center-,detention,CENTRAL LOUISIANA ICE PROCESSING CENTER (CLIPC),single,22059,"LaSalle Parish, LA",LA,"830 PINEHILL ROAD, JENA, LA 71342",single,1,683.7,single,1,150,single,1,174.3,single,1,160.5,single,1,1168.5,single,1,IGSA,single,1,,,,18.5,single,1,,,,,,,,,,,,,,,,0,single,1,0.3,single,1,NOL,single,1,,,,Male,single,1,1170,single,1,,,,144.6,single,1,73.5,single,1,100.7,single,1,,,,Pass,single,1,2026-01-08,single,1,PBNDS 2011 - 2016 Revisions,single,1,ODO,single,1,,,,237.5,single,1,930.8,single,1,826.4,single,1,849.8,single,1,,,,,,
biweekly-central-valley-annex,detention,CENTRAL VALLEY ANNEX,single,06029,"Kern County, CA",CA,"254 TAYLOR AVE, MCFARLAND, CA 93250",single,1,42.7,single,1,13.5,single,1,13.7,single,1,13.9,single,1,83.8,single,1,CDF,single,1,,,,25.4,single,1,,,,,,,,,,,,,,,,0,single,1,0,single,1,SFR,single,1,,,,Female/Male,single,1,560,single,1,,,,12,single,1,6.5,single,1,8.3,single,1,,,,Pass,single,1,2026-03-18,single,1,PBNDS 2011 - 2016 Revisions,single,1,Pre-Occupancy,single,1,,,,16.6,single,1,67.1,single,1,20.5,single,1,56.9,single,1,,,,,,
biweekly-cimarron-correctional-facility,detention,CIMARRON CORRECTIONAL FACILITY,single,40037|40081|40119,"Payne County, OK|Lincoln County, OK|Creek County, OK",OK,"3700 S. KINGS HWY, CUSHING, OK 74023",single,1,443.2,single,1,47.1,single,1,58.6,single,1,46.4,single,1,595.3,single,1,USMS IGA,single,1,,,,43.4,single,1,,,,,,,,,,,,,,,,0,single,1,0,single,1,DAL,single,1,,,,Male,single,1,,,,,,,55.1,single,1,32.6,single,1,42.4,single,1,,,,Pass,single,1,2025-01-30,single,1,FPBDS,single,1,Pre-Occupancy,single,1,,,,105.9,single,1,489.4,single,1,290.7,single,1,465.2,single,1,,,,,,
biweekly-clinton-county-correctional-facility,detention,CLINTON COUNTY CORRECTIONAL FACILITY,single,42035,"Clinton County, PA",PA,"58 PINE MOUNTAIN RD., MCELHATTAN, PA 17748",single,1,22.3,single,1,17.8,single,1,19.5,single,1,30.7,single,1,90.3,single,1,USMS IGA,single,1,,,,48.7,single,1,,,,,,,,,,,,,,,,1.5,single,1,7.5,single,1,PHI,single,1,,,,Female/Male,single,1,,,,,,,41.6,single,1,7.5,single,1,4.7,single,1,,,,Pass,single,1,2025-01-16,single,1,NDS 2019,single,1,ODO,single,1,,,,46.6,single,1,34.8,single,1,50.6,single,1,36.7,single,1,,,,,,
biweekly-corr-ctr-of-northwest-ohio,detention,CORR. CTR OF NORTHWEST OHIO,single,39051|39069|39171,"Williams County, OH|Fulton County, OH|Henry County, OH",OH,"3151 COUNTY ROAD 2425, STRYKER, OH 43557",single,1,61.8,single,1,7.2,single,1,1.7,single,1,3.1,single,1,73.8,single,1,USMS IGA,single,1,,,,45.2,single,1,,,,,,,,,,,,,,,,2.3,single,1,24.9,single,1,DET,single,1,,,,Male,single,1,,,,,,,3,single,1,1.6,single,1,6,single,1,,,,,,,Scheduled FY26,single,1,,,,,,,,,,4.3,single,1,42.3,single,1,43.5,single,1,63.2,single,1,,,,,,
biweekly-daviess-county-detention,detention,DAVIESS COUNTY DETENTION,single,21059,"Daviess County, KY",KY,"3337 HIGHWAY 144, OWENSBORO, KY 42303",single,1,30.1,single,1,9,single,1,7,single,1,6.2,single,1,52.3,single,1,USMS IGA,single,1,,,,34.3,single,1,,,,,,,,,,,,,,,,0,single,1,1.4,single,1,CHI,single,1,,,,Female/Male,single,1,,,,,,,6.1,single,1,6.4,single,1,6.2,single,1,,,,,,,Scheduled FY27,single,1,,,,,,,,,,10.2,single,1,40.7,single,1,20.8,single,1,33.5,single,1,,,,,,
biweekly-desert-view-annex,detention,DESERT VIEW ANNEX,single,06037|06071,"San Bernardino County, CA|Los Angeles County, CA",CA,"10450 RANCHO ROAD, ADELANTO, CA 92301",single,1,331.9,single,1,56.8,single,1,36.1,single,1,9.2,single,1,434,single,1,CDF,single,1,,,,48.6,single,1,,,,,,,,,,,,,,,,0,single,1,0,single,1,LOS,single,1,,,,Male,single,1,480,single,1,,,,13,single,1,21.5,single,1,46.3,single,1,,,,Pass,single,1,2025-02-27,single,1,PBNDS 2011 - 2016 Revisions,single,1,ODO,single,1,,,,40.9,single,1,393.1,single,1,169.4,single,1,353.2,single,1,,,,,,
biweekly-diamondback-corr-facility,detention,DIAMONDBACK CORR FACILITY,single,40011,"Blaine County, OK",OK,"1000 DIAMONDBACK ROAD, WATONGA, OK 73772",single,1,413.6,single,1,46.9,single,1,84.8,single,1,60.1,single,1,605.4,single,1,DIGSA,single,1,,,,30.8,single,1,,,,,,,,,,,,,,,,6.4,single,1,108,single,1,DAL,single,1,,,,Female/Male,single,1,1200,single,1,,,,61.5,single,1,36.2,single,1,59.5,single,1,,,,Pass,single,1,2025-10-15,single,1,NDS 2025,single,1,Pre-Occupancy,single,1,,,,78.4,single,1,412.6,single,1,253,single,1,448.2,single,1,,,,,,
biweekly-dilley-immigration-processing-center,detention,DILLEY IMMIGRATION PROCESSING CENTER,single,48163|48283,"Frio County, TX|La Salle County, TX",TX,"300 EL RANCHO WAY, DILLEY, TX 78017",single,1,415.1,single,1,9.1,single,1,1.3,single,1,0.3,single,1,425.8,single,1,FAMILY,single,1,,,,31.3,single,1,,,,,,,,,,,,,,,,2.4,single,1,261.6,single,1,SNA,single,1,,,,Female/Male,single,1,2000,single,1,,,,0.6,single,1,1.2,single,1,4.1,single,1,,,,Pass,single,1,2026-04-09,single,1,FRS,single,1,ODO,single,1,,,,1.3,single,1,160.5,single,1,231.5,single,1,419.9,single,1,,,,,,
biweekly-dilley-processing-single-adult-female,detention,DILLEY PROCESSING SINGLE ADULT FEMALE,single,48163|48283,"Frio County, TX|La Salle County, TX",TX,"300 EL RANCHO WAY, DILLEY, TX 78017",single,1,180.1,single,1,31.3,single,1,0.3,single,1,0.6,single,1,212.3,single,1,DIGSA,single,1,,,,77.2,single,1,,,,,,,,,,,,,,,,8.7,single,1,203.7,single,1,SNA,single,1,,,,Female,single,1,400,single,1,,,,1.5,single,1,3.6,single,1,10.8,single,1,,,,,,,Scheduled FY26,single,1,,,,,,,,,,0,single,1,0,single,1,68.9,single,1,196.5,single,1,,,,,,
biweekly-fci-atlanta,detention,FCI ATLANTA,single,13089|13121,"Fulton County, GA|DeKalb County, GA",GA,"601 MCDONOUGH BOULEVARD, SE, ATLANTA, GA 30315",single,1,63.3,single,1,20.1,single,1,7.5,single,1,15,single,1,105.9,single,1,BOP,single,1,,,,13.6,single,1,,,,,,,,,,,,,,,,0,single,1,0,single,1,ATL,single,1,,,,Female/Male,single,1,,,,,,,17.2,single,1,17,single,1,18.6,single,1,,,,,,,,,,,,,,,,,,,46.6,single,1,59.3,single,1,82.6,single,1,53.1,single,1,,,,,,
biweekly-flagler-county-jail,detention,FLAGLER COUNTY JAIL,single,12035,"Flagler County, FL",FL,"1002 JUSICE LANE, BUNNELL, FL 32110",single,1,39,single,1,6.2,single,1,1.7,single,1,0.4,single,1,47.3,single,1,IGSA,single,1,,,,20.2,single,1,,,,,,,,,,,,,,,,2,single,1,45.3,single,1,MIA,single,1,,,,Male,single,1,70,single,1,,,,1.3,single,1,1.1,single,1,1.6,single,1,,,,Pass,single,1,2026-01-13,single,1,NDS 2025,single,1,Pre-Occupancy,single,1,,,,0,single,1,0,single,1,12.3,single,1,43.3,single,1,,,,,,
biweekly-franklin-county-jail,detention,FRANKLIN COUNTY JAIL,single,42055,"Franklin County, PA",PA,"625 FRANKLIN FARM LN, CHAMBERSBURG, PA 17201",single,1,0.7,single,1,0.3,single,1,0.2,single,1,0.1,single,1,1.3,single,1,USMS IGA,single,1,,,,1.5,single,1,,,,,,,,,,,,,,,,0,single,1,0.1,single,1,PHI,single,1,,,,,,,,,,,,,0.1,single,1,0.1,single,1,0.2,single,1,,,,,,,Scheduled FY27,single,1,,,,,,,,,,0.2,single,1,1.1,single,1,0.7,single,1,0.9,single,1,,,,,,
biweekly-fulton-co-jail-indiana,detention,FULTON CO JAIL INDIANA,single,18049|18085|18099|18103|18131,"Fulton County, IN|Marshall County, IN|Kosciusko County, IN|Miami County, IN|Pulaski County, IN",IN,"2006 SWEETGUM RD, ROCHESTER, IN 46975",single,1,5.2,single,1,0.7,single,1,1,single,1,0.9,single,1,7.8,single,1,USMS IGA,single,1,,,,2.4,single,1,,,,,,,,,,,,,,,,0.1,single,1,0.8,single,1,CHI,single,1,,,,Female/Male,single,1,,,,,,,0.7,single,1,0.6,single,1,1.2,single,1,,,,,,,Scheduled FY27,single,1,,,,,,,,,,1.8,single,1,5.2,single,1,4.9,single,1,5.4,single,1,,,,,,
biweekly-golden-state-annex,detention,GOLDEN STATE ANNEX,single,06029,"Kern County, CA",CA,"611 FRONTAGE RD, MCFARLAND, CA 93250",single,1,227.5,single,1,53.4,single,1,145.5,single,1,170.4,single,1,596.8,single,1,CDF,single,1,,,,69.1,single,1,,,,,,,,,,,,,,,,0,single,1,0,single,1,SFR,single,1,,,,Male,single,1,560,single,1,,,,168.9,single,1,53.9,single,1,46.9,single,1,,,,Pass,single,1,2025-01-30,single,1,PBNDS 2011 - 2016 Revisions,single,1,ODO,single,1,,,,226.4,single,1,370.4,single,1,245.3,single,1,327,single,1,,,,,,
biweekly-hopkins-county-jail,detention,HOPKINS COUNTY JAIL,single,21107,"Hopkins County, KY",KY,"2250 LAFOON TRAIL, MADISONVILLE, KY 42431",single,1,133.8,single,1,18.8,single,1,17.8,single,1,7.9,single,1,178.3,single,1,USMS IGA,single,1,,,,57,single,1,,,,,,,,,,,,,,,,0.5,single,1,1.9,single,1,CHI,single,1,,,,Female/Male,single,1,,,,,,,13.8,single,1,8,single,1,15.4,single,1,,,,,,,Scheduled FY26,single,1,,,,,,,,,,29.9,single,1,146,single,1,84.1,single,1,141.1,single,1,,,,,,
biweekly-kenton-county-jail,detention,KENTON COUNTY JAIL,single,21117,"Kenton County, KY",KY,"3000 DECKER CRANE LANE, COVINGTON, KY 41017",single,1,79.9,single,1,23.4,single,1,15.7,single,1,10.5,single,1,129.5,single,1,USMS IGA,single,1,,,,41.5,single,1,,,,,,,,,,,,,,,,0.1,single,1,0,single,1,CHI,single,1,,,,Male,single,1,,,,,,,12.7,single,1,16.8,single,1,20.6,single,1,,,,Pass,single,1,2026-07-09,single,1,FPBDS,single,1,ODO OASIP,single,1,,,,32.2,single,1,97.2,single,1,84.6,single,1,79.5,single,1,,,,,,
biweekly-lafayette-parish-correctional-center,detention,LAFAYETTE PARISH CORRECTIONAL CENTER,single,22055,"Lafayette Parish, LA",LA,"916 LAFAYETTE STREET, LAFAYETTE, LA 70501",single,1,2,single,1,0.3,single,1,0.4,single,1,0,single,1,2.7,single,1,IGSA,single,1,,,,2.8,single,1,,,,,,,,,,,,,,,,0,single,1,0,single,1,NOL,single,1,,,,Female/Male,single,1,96,single,1,,,,0.2,single,1,0.2,single,1,0.2,single,1,,,,Pass,single,1,2025-11-04,single,1,NDS 2025,single,1,Preoccupancy,single,1,,,,0.5,single,1,2.3,single,1,1.9,single,1,2.1,single,1,,,,,,
biweekly-liberty-county-jail,detention,LIBERTY COUNTY JAIL,single,12037|12077,"Liberty County, FL|Franklin County, FL",FL,"12499 NW POGO ST PO BOX 67, BRISTOL, FL 32321",single,1,31.6,single,1,3.7,single,1,1.5,single,1,3.2,single,1,40,single,1,IGSA,single,1,,,,13.7,single,1,,,,,,,,,,,,,,,,0,single,1,0,single,1,MIA,single,1,,,,Male,single,1,70,single,1,,,,3.3,single,1,1.9,single,1,2.1,single,1,,,,Pass,single,1,2026-01-13,single,1,NDS,single,1,Pre-Occupancy,single,1,,,,5.9,single,1,34,single,1,12.1,single,1,32.7,single,1,,,,,,
biweekly-logan-county-jail,detention,LOGAN COUNTY JAIL,single,40083,"Logan County, OK",OK,"216 S BROAD ST, GUTHRIE, OK 73044",single,1,3.4,single,1,0.3,single,1,0.3,single,1,0.3,single,1,4.3,single,1,USMS IGA,single,1,,,,1.5,single,1,,,,,,,,,,,,,,,,0,single,1,0.3,single,1,DAL,single,1,,,,Female/Male,single,1,,,,,,,0.3,single,1,0.3,single,1,0.3,single,1,,,,Pass,single,1,2025-05-13,single,1,NDS 2019,single,1,ORSA,single,1,,,,0.7,single,1,3.3,single,1,2.2,single,1,3.4,single,1,,,,,,
biweekly-louisiana-ice-processing,detention,LOUISIANA ICE PROCESSING,single,22125,"West Feliciana Parish, LA",LA,"18198 TUNICA TRACE BLDG E, ANGOLA, LA 70712",single,1,0.5,single,1,3.9,single,1,51,single,1,120.2,single,1,175.6,single,1,IGSA,single,1,,,,69.3,single,1,,,,,,,,,,,,,,,,0,single,1,0,single,1,NOL,single,1,,,,Male,single,1,208,single,1,,,,134.1,single,1,14,single,1,7.1,single,1,,,,,,,,,,,,,,,,,,,148.1,single,1,27.6,single,1,157.1,single,1,20.5,single,1,,,,,,
biweekly-mccook-detention-center,detention,MCCOOK DETENTION CENTER,single,31063|31087|31145,"Red Willow County, NE|Frontier County, NE|Hitchcock County, NE",NE,"2309 N HIGHWAY 83, MCCOOK, NE 69001",single,1,56.1,single,1,25,single,1,22.9,single,1,19.4,single,1,123.4,single,1,DIGSA,single,1,,,,33.6,single,1,,,,,,,,,,,,,,,,0,single,1,0,single,1,SPM,single,1,,,,Male,single,1,300,single,1,,,,17.4,single,1,21.9,single,1,34.5,single,1,,,,Pass,single,1,,,,,,,Preoccupancy,single,1,,,,52,single,1,71.4,single,1,70.5,single,1,49.5,single,1,,,,,,
biweekly-miami-correctional-center,detention,MIAMI CORRECTIONAL CENTER,single,18103,"Miami County, IN",IN,"3038 WEST 850 SOUTH P.O. BOX 900, BUNKERHILL, IN 46914",single,1,7.5,single,1,31.3,single,1,238.1,single,1,227.3,single,1,504.2,single,1,IGSA,single,1,,,,48.4,single,1,,,,,,,,,,,,,,,,0,single,1,0,single,1,CHI,single,1,,,,Male,single,1,,,,,,,231.3,single,1,65.9,single,1,55.1,single,1,,,,Pass,single,1,Scheduled FY26,single,1,NDS 2025,single,1,Preoccupancy,single,1,,,,291.7,single,1,212.5,single,1,339.4,single,1,151.9,single,1,,,,,,
biweekly-midwest-regional-reception-center,detention,MIDWEST REGIONAL RECEPTION CENTER,single,20103|20209,"Leavenworth County, KS|Wyandotte County, KS",KS,"100 HIGHWAY TERRACE, LEAVENWORTH, KS 66048",single,1,50.1,single,1,8.1,single,1,14.6,single,1,16.5,single,1,89.3,single,1,CDF,single,1,,,,16.5,single,1,,,,,,,,,,,,,,,,1.9,single,1,17.2,single,1,CHI,single,1,,,,Female/Male,single,1,1002,single,1,,,,13.8,single,1,5,single,1,11.4,single,1,,,,,,,Scheduled FY27,single,1,,,,,,,,,,21.6,single,1,48.7,single,1,39.4,single,1,59.1,single,1,,,,,,
biweekly-moshannon-valley-processing-center,detention,MOSHANNON VALLEY PROCESSING CENTER,single,42027|42033,"Centre County, PA|Clearfield County, PA",PA,"555 GEO DRIVE, PHILIPSBURG, PA 16866",single,1,976.2,single,1,241.6,single,1,208.8,single,1,184.2,single,1,1610.8,single,1,DIGSA,single,1,,,,45.5,single,1,,,,,,,,,,,,,,,,14.7,single,1,31.1,single,1,PHI,single,1,,,,Female/Male,single,1,800,single,1,,,,205.5,single,1,78.4,single,1,113.4,single,1,,,,Pass,single,1,2025-03-06,single,1,PBNDS 2011 - 2016 Revisions,single,1,ODO,single,1,,,,297.5,single,1,1267.4,single,1,886.4,single,1,1213.4,single,1,,,,,,
biweekly-nelson-coleman-correction,detention,NELSON COLEMAN CORRECTION,single,22089,"St. Charles Parish, LA",LA,"5061 HIGHWAY 3127, KILLONA, LA 70057",single,1,1.7,single,1,0.6,single,1,0.4,single,1,0.3,single,1,3,single,1,USMS IGA,single,1,,,,1.9,single,1,,,,,,,,,,,,,,,,0,single,1,0,single,1,NOL,single,1,,,,Male,single,1,,,,,,,0.2,single,1,0.2,single,1,0.3,single,1,,,,Pass,single,1,2025-04-11,single,1,NDS 2019,single,1,Pre-Occupancy,single,1,,,,0.5,single,1,2.5,single,1,2,single,1,2.4,single,1,,,,,,
biweekly-north-lake-correctional-facility,detention,NORTH LAKE CORRECTIONAL FACILITY,single,26085|26123,"Lake County, MI|Newaygo County, MI",MI,"1805 W 32ND ST, BALDWIN, MI 49304",single,1,1027.6,single,1,112,single,1,71.8,single,1,54.9,single,1,1266.3,single,1,CDF,single,1,,,,53.1,single,1,,,,,,,,,,,,,,,,6.9,single,1,98.5,single,1,DET,single,1,,,,Female/Male,single,1,1800,single,1,,,,63.3,single,1,50.3,single,1,90.9,single,1,,,,Pass,single,1,2025-03-04,single,1,NDS 2019,single,1,Pre-Occupancy,single,1,,,,137.1,single,1,1023.8,single,1,672,single,1,1061.8,single,1,,,,,,
biweekly-northwest-regional-corrections-center,detention,NORTHWEST REGIONAL CORRECTIONS CENTER,single,27119|27125,"Polk County, MN|Red Lake County, MN",MN,"816 MARIN AVE., SUITE 110, CROOKSTON, MN 56716",single,1,3.2,single,1,5.1,single,1,2.1,single,1,0.2,single,1,10.6,single,1,USMS IGA,single,1,,,,18.3,single,1,,,,,,,,,,,,,,,,0,single,1,0.5,single,1,SPM,single,1,,,,Female/Male,single,1,,,,,,,0.6,single,1,0.3,single,1,0.7,single,1,,,,Pass,single,1,2026-05-28,single,1,FPBDS,single,1,ORSA,single,1,,,,1.2,single,1,8.9,single,1,6.1,single,1,9.1,single,1,,,,,,
biweekly-ozark-county-sheriff-s-office,detention,OZARK COUNTY SHERIFF'S OFFICE,single,29153,"Ozark County, MO",MO,"1818 COUNTY ROAD 806, GAINESVILLE, MO 65655",single,1,8.1,single,1,0.9,single,1,7.7,single,1,5.8,single,1,22.5,single,1,IGSA,single,1,,,,54.8,single,1,,,,,,,,,,,,,,,,0,single,1,0,single,1,CHI,single,1,,,,,,,,,,,,,8.2,single,1,1.6,single,1,2.7,single,1,,,,Pass,single,1,2025-09-18,single,1,NDS 2025,single,1,ODO,single,1,,,,11.8,single,1,10.6,single,1,14.1,single,1,9.9,single,1,,,,,,
biweekly-phelps-county-jail-mo,detention,PHELPS COUNTY JAIL (MO),single,29065|29125|29161,"Phelps County, MO|Dent County, MO|Maries County, MO",MO,"301 W. 2ND, ROLLA, MO 65401",single,1,6.6,single,1,0.9,single,1,2.2,single,1,1.4,single,1,11.1,single,1,USMS IGA,single,1,,,,37.1,single,1,,,,,,,,,,,,,,,,0.3,single,1,1.7,single,1,CHI,single,1,,,,Female/Male,single,1,,,,,,,0.5,single,1,0.8,single,1,1.1,single,1,,,,Pass,single,1,2026-05-07,single,1,FPBDS,single,1,ODO OASIP,single,1,,,,1.6,single,1,7.6,single,1,6.3,single,1,8.7,single,1,,,,,,
biweekly-pickens-county-detention-center,detention,PICKENS COUNTY DETENTION CENTER,single,01107,"Pickens County, AL",AL,"188 CEMETERY ST, CARROLLTON, AL 35447",single,1,31.1,single,1,5,single,1,2.6,single,1,2.5,single,1,41.2,single,1,IGSA,single,1,,,,4.1,single,1,,,,,,,,,,,,,,,,1.3,single,1,3.7,single,1,NOL,single,1,,,,Female/Male,single,1,,,,,,,2,single,1,1.7,single,1,3.4,single,1,,,,Pass,single,1,2026-05-21,single,1,NDS 2019,single,1,ODO,single,1,,,,4.5,single,1,31.8,single,1,23.4,single,1,34.1,single,1,,,,,,
biweekly-putnam-county-sheriff,detention,PUTNAM COUNTY SHERIFF,single,47087|47133|47141,"Putnam County, TN|Jackson County, TN|Overton County, TN",TN,"421 E SPRING ST., COOKEVILLE, TN 38501",single,1,7.1,single,1,1.8,single,1,1.1,single,1,0.9,single,1,10.9,single,1,USMS IGA,single,1,,,,1.7,single,1,,,,,,,,,,,,,,,,0,single,1,0,single,1,NOL,single,1,,,,,,,,,,,,,1.5,single,1,1.5,single,1,1.7,single,1,,,,,,,Scheduled FY27,single,1,,,,,,,,,,2.5,single,1,8.4,single,1,8.7,single,1,6.2,single,1,,,,,,
biweekly-sauk-county-sheriff,detention,SAUK COUNTY SHERIFF,single,55021|55111,"Sauk County, WI|Columbia County, WI",WI,"1300 LANGE CT., BARABOO, WI 53913",single,1,3.8,single,1,1.1,single,1,4.8,single,1,1.7,single,1,11.4,single,1,USMS IGA,single,1,,,,17.7,single,1,,,,,,,,,,,,,,,,0,single,1,0,single,1,CHI,single,1,,,,Female/Male,single,1,,,,,,,1.3,single,1,1.6,single,1,2.6,single,1,,,,Pass,single,1,2026-05-07,single,1,FPBDS,single,1,ODO OASIP,single,1,,,,4.5,single,1,6.8,single,1,8.6,single,1,5.9,single,1,,,,,,
biweekly-scott-county-det-facility,detention,SCOTT COUNTY DET. FACILITY,single,19163,"Scott County, IA",IA,"416 W 4TH ST, DAVENPORT, IA 52801",single,1,0.1,single,1,0.2,single,1,0.3,single,1,0.9,single,1,1.5,single,1,USMS IGA,single,1,,,,1.9,single,1,,,,,,,,,,,,,,,,0,single,1,0,single,1,CHI,single,1,,,,Female/Male,single,1,,,,,,,1.3,single,1,0.1,single,1,0,single,1,,,,,,,Scheduled FY26,single,1,,,,,,,,,,1.3,single,1,0.2,single,1,1.3,single,1,0.1,single,1,,,,,,
biweekly-st-lucie-county-jail,detention,ST. LUCIE COUNTY JAIL,single,12111,"St. Lucie County, FL",FL,"900 N. ROCK RD., FORT PIERCE, FL 34945",single,1,1.6,single,1,0.1,single,1,0.4,single,1,0.6,single,1,2.7,single,1,IGSA,single,1,,,,1.9,single,1,,,,,,,,,,,,,,,,0,single,1,0.1,single,1,MIA,single,1,,,,,,,,,,,,,0.7,single,1,0.1,single,1,0.8,single,1,,,,,,,,,,,,,,,,,,,1,single,1,1.6,single,1,1.3,single,1,1.1,single,1,,,,,,
biweekly-ste-genevieve-county-sheriff-jail,detention,STE. GENEVIEVE COUNTY SHERIFF/JAIL,single,29186,"Ste. Genevieve County, MO",MO,"5 BASLER DR., STE. GENEVIEVE, MO 63670",single,1,88.8,single,1,12.4,single,1,18.3,single,1,12.9,single,1,132.4,single,1,USMS IGA,single,1,,,,21.4,single,1,,,,,,,,,,,,,,,,0.6,single,1,15.8,single,1,CHI,single,1,,,,Female/Male,single,1,,,,,,,9.7,single,1,7.3,single,1,18.3,single,1,,,,Pass,single,1,2026-07-09,single,1,FPBDS,single,1,ODO OASIP,single,1,,,,18.4,single,1,97.7,single,1,79.2,single,1,97.1,single,1,,,,,,
biweekly-sweetwater-county-jail,detention,SWEETWATER COUNTY JAIL,single,56037,"Sweetwater County, WY",WY,"50140 UNITED STATES HIGHWAY 191 SOUTH, ROCK SPRINGS, WY 82935",single,1,4.5,single,1,2.1,single,1,1.7,single,1,1.5,single,1,9.8,single,1,USMS IGA,single,1,,,,8.7,single,1,,,,,,,,,,,,,,,,0,single,1,0.3,single,1,DEN,single,1,,,,Female/Male,single,1,,,,,,,3,single,1,0.4,single,1,1.2,single,1,,,,Pass,single,1,2025-05-08,single,1,NDS 2019,single,1,ODO OASIP,single,1,,,,3.5,single,1,6,single,1,6.4,single,1,5.2,single,1,,,,,,
biweekly-walton-county-jail,detention,WALTON COUNTY JAIL,single,12059|12091|12131,"Walton County, FL|Holmes County, FL|Okaloosa County, FL",FL,"40 SHERIFF CIR, DEFUNIAK SPRINGS, FL 32433",single,1,20.7,single,1,2.8,single,1,1.5,single,1,3.2,single,1,28.2,single,1,USMS IGA,single,1,,,,2.8,single,1,,,,,,,,,,,,,,,,0,single,1,0,single,1,MIA,single,1,,,,Female/Male,single,1,,,,,,,2.8,single,1,1.8,single,1,2.3,single,1,,,,,,,Scheduled FY26,single,1,,,,,,,,,,4.9,single,1,23.4,single,1,12.6,single,1,21.4,single,1,,,,,,
biweekly-washoe-county-jail,detention,WASHOE COUNTY JAIL,single,32031,"Washoe County, NV",NV,"911 PARR BLVD 775 328 3308, RENO, NV 89506",single,1,13.9,single,1,9.4,single,1,13,single,1,12.2,single,1,48.5,single,1,USMS IGA,single,1,,,,25,single,1,,,,,,,,,,,,,,,,0.4,single,1,3.1,single,1,SLC,single,1,,,,Female/Male,single,1,,,,,,,12.8,single,1,4.9,single,1,7.5,single,1,,,,Pass,single,1,2024-11-07,single,1,NDS 2019,single,1,ODO,single,1,,,,16.8,single,1,28.1,single,1,26.1,single,1,23.1,single,1,,,,,,
biweekly-webb-county-detention-center-cca,detention,WEBB COUNTY DETENTION CENTER (CCA),single,48479,"Webb County, TX",TX,"9998 SOUTH HIGHWAY 83, LAREDO, TX 78041",single,1,277.6,single,1,17.2,single,1,37.9,single,1,45.7,single,1,378.4,single,1,DIGSA,single,1,,,,56.7,single,1,,,,,,,,,,,,,,,,1,single,1,3.3,single,1,HLG,single,1,,,,Female/Male,single,1,250,single,1,,,,20.4,single,1,15.1,single,1,26.3,single,1,,,,Pass,single,1,2026-02-05,single,1,PBNDS 2011 - 2016 Revisions,single,1,ODO,single,1,,,,40.7,single,1,333.4,single,1,237.9,single,1,316.5,single,1,,,,,,
BKLHOLD,detention,BAKERFIELD HOLD,single,06029,"Kern County, CA",CA,"800 TRUXTUN, BAKERSFIELD, CA 93301",single,1,,,,,,,,,,,,,,,,Other,single,1,DMCP,single,1,,,,,,,9,single,1,SUMMIT,single,1,BKI,single,1,HOLD,single,1,,,,,,,SFR,single,1,2/11/2008,single,1,,,,,,,no,single,1,,,,,,,,,,,,,,,,,,,,,,,,,11/3/2017,single,1,,,,,,,,,,,,,,,,yes,single,1
BLACKIA,detention,BLACK HAWK COUNTY JAIL,single,30005|30041,"Blaine County, MT|Hill County, MT",IA,"225 E. 6TH STREET, WATERLOO, IA 59523",single,1,,,,,,,,,,,,,,,,IGSA,single,1,DMCP,single,1,,,,,,,8,single,1,BLACK HAWK CO JAIL,single,1,OMA,single,1,,,,,,,,,,SPM,single,1,7/29/1996,single,1,,,,,,,,,,,,,,,,,,,,,,,,,,,,,,,,,,4/7/2003,single,1,,,,,,,,,,,,,,,,yes,single,1
BLAINMT,detention,BLAINE COUNTY JAIL,single,30005|30041,"Blaine County, MT|Hill County, MT",MT,"400 OHIO ST, CHINOOK, MT 59523",single,1,,,,,,,,,,,,,,,,IGSA,single,1,DMCP,single,1,,,,,,,9,single,1,BLAINE,single,1,HEL,single,1,,,,,,,,,,SLC,single,1,12/20/1991,single,1,,,,,,,,,,,,,,,,,,,,,,,,,,,,,,,,,,1/29/2003,single,1,,,,,,,,,,,,,,,,yes,single,1
BLANCTX,detention,BLANCO COUNTY JAIL,single,48031|48209,"Blanco County, TX|Hays County, TX",TX,"C/O COUNTY SHERIFF, JOHNSON CITY, TX 78636",single,1,,,,,,,,,,,,,,,,IGSA,single,1,DMCP,single,1,,,,,,,5,single,1,BLANCO,single,1,SNA,single,1,,,,,,,,,,SNA,single,1,5/16/2006,single,1,,,,,,,,,,,,,,,,,,,,,,,,,,,,,,,,,,6/24/2007,single,1,,,,,,,,,,,,,,,,yes,single,1
BLBNATX,detention,BLUEBONNET DETENTION FACILITY,conflict,48253,"Jones County, TX",TX,"400 2ND STREET, ANSON, TX 79501",converged,3,584,single,1,108.5,single,1,187.1,single,1,97.4,single,1,977,single,1,DIGSA,conflict,2,,,,21.4,single,1,,,,5,single,1,Jones,single,1,,,,,,,6.7,single,1,148.6,single,1,DAL,converged,3,,,,Female/Male,single,1,750,converged,2,no,single,1,116.6,single,1,85.5,single,1,116.6,single,1,,,,Pass,single,1,2024-12-12,single,1,PBNDS 2011 - 2016 Revisions,single,1,ODO,single,1,,,,196.3,single,1,625.4,single,1,635.5,single,1,658.2,single,1,(325) 823-8031,single,1,,,
BLHHOLD,detention,BELLINGHAM BPS ERO HOLDROOM,single,53073,"Whatcom County, WA",WA,"1431 SUNSET AVE, FERNDALE, WA 98248",single,1,,,,,,,,,,,,,,,,Other,single,1,DMCP,single,1,,,,,,,9,single,1,WHATCOM,single,1,,,,HOLD,single,1,,,,,,,SEA,single,1,9/14/2017,single,1,,,,,,,no,single,1,,,,,,,,,,,,,,,,,,,,,,,,,11/4/2017,single,1,,,,,,,,,,,,,,,,yes,single,1
BLOJVTN,detention,BLOUNT COUNTY JUVENILE DETENTION CENTER,single,47009,"Blount County, TN",TN,"329 COURT ST, MARYVILLE, TN 37804",single,1,,,,,,,,,,,,,,,,IGSA,single,1,JFRMU,single,1,,,,,,,6,single,1,BLOUNT,single,1,NOL,single,1,JUVENILE,single,1,,,,,,,NOL,single,1,1/31/2003,single,1,,,,,,,,,,,,,,,,,,,,,,,,,,,,,,,,,,1/25/2006,single,1,,,,,,,,,,,,,,,,no,single,1
BLOUNTN,detention,BLOUNT COUNTY JUSTICE CENTER,single,47009|47105|47123,"Blount County, TN|Monroe County, TN|Loudon County, TN",TN,"940 LAMAR ALEXANDER PARKWAY, MARYVILLE, TN 37801",single,1,,,,,,,,,,,,,,,,IGSA,single,1,DMCP,single,1,,,,,,,6,single,1,BLOUNT,single,1,NOL,single,1,,,,,,,,,,NOL,single,1,12/9/1999,single,1,,,,,,,no,single,1,,,,,,,,,,,,,,,,,,,,,,,,,2/24/2009,single,1,,,,,,,,,,,,,,,,yes,single,1
BOEHOLD,detention,EL PASO BOEING DR HOLDROOM,single,48141,"El Paso County, TX",TX,"6451 BOEING DRIVE, EL PASO, TX 79925",single,1,,,,,,,,,,,,,,,,Other,single,1,DMCP,single,1,,,,,,,5,single,1,EL PASO,single,1,EPC,single,1,HOLD,single,1,,,,,,,ELP,single,1,7/10/2014,single,1,,,,,,,no,single,1,,,,,,,,,,El Paso SPC Immigration Court (co-located — same ZIP),single,1,,,,,,,,,,,,,7/3/2017,single,1,,,,,,,,,,,,,,,,yes,single,1
BOIHOLD,detention,BOISE HOLDROOM,single,16001,"Ada County, ID",ID,"1185 S. VINNELL WAY, BOISE, ID 83709",single,1,,,,,,,,,,,,,,,,Other,single,1,DMCP,single,1,,,,,,,9,single,1,ADA,single,1,,,,HOLD,single,1,,,,,,,SLC,single,1,5/28/2015,single,1,,,,,,,no,single,1,,,,,,,,,,,,,,,,,,,,,,,,,5/28/2015,single,1,,,,,,,,,,,,,,,,yes,single,1
BONNEID,detention,BONNEVILLE COUNTY,single,16011|16019|16051,"Bonneville County, ID|Jefferson County, ID|Bingham County, ID",ID,"605 NORTH CAPITAL, IDAHO FALLS, ID 83402",single,1,,,,,,,,,,,,,,,,IGSA,single,1,DMCP,single,1,,,,,,,9,single,1,BONNEVILLE,single,1,BOI,single,1,,,,,,,,,,SLC,single,1,1/14/1991,single,1,,,,,,,yes,single,1,,,,,,,,,,,,,,,,,,,,,,,,,1/13/2013,single,1,,,,,,,,,,,,,,,,yes,single,1
BONNRID,detention,BONNER COUNTY DETENTION CENTER,single,16017,"Bonner County, ID",ID,"4001 N BOYER AVE, SANDPOINT, ID 83864",single,1,,,,,,,,,,,,,,,,IGSA,single,1,DMCP,single,1,,,,,,,9,single,1,BONNER,single,1,SEA,single,1,,,,,,,,,,SLC,single,1,8/8/2003,single,1,,,,,,,,,,,,,,,,,,,,,,,,,,,,,,,,,,9/11/2007,single,1,,,,,,,,,,,,,,,,yes,single,1
BOONEKY,detention,BOONE COUNTY JAIL,converged,21015,"Boone County, KY",KY,"3020 CONRAD LANE, BURLINGTON, KY 41005",converged,3,100,single,1,28.1,single,1,43.2,single,1,39.9,single,1,211.2,single,1,USMS IGA,converged,2,DMCP,single,1,57.8,single,1,200,single,1,6,single,1,BOONE,single,1,CHI,single,1,,,,1.3,single,1,5.9,single,1,CHI,converged,3,2/15/1994,single,1,Female/Male,single,1,,,,yes,single,1,36.9,single,1,32.5,single,1,34,single,1,,,,Pass,single,1,2024-11-21,single,1,NDS 2019,single,1,ODO,single,1,11/4/2017,single,1,77,single,1,126.9,single,1,134.4,single,1,107.8,single,1,(859) 334-2143,single,1,yes,single,1
BOPALF,detention,ALLENWOOD LOW SECURITY FEDERAL CORRECTIONAL INSTIT,single,42119,"Union County, PA",PA,"P.O. BOX 1500, WHITE DEER, PA 17887",single,1,,,,,,,,,,,,,,,,BOP,single,1,BOP,single,1,,,,,,,3,single,1,UNION,single,1,PHI,single,1,,,,,,,,,,PHI,single,1,6/23/1994,single,1,,,,,,,,,,,,,,,,,,,,,,,,,,,,,,,,,,6/21/2005,single,1,,,,,,,,,,,,,,,,no,single,1
BOPALM,detention,ALLENWOOD (MEDICAL) FEDERAL CORRECTIONAL INSTITUTE,single,42119,"Union County, PA",PA,"P.O. BOX 2500, WHITE DEER, PA 17887",single,1,,,,,,,,,,,,,,,,BOP,single,1,BOP,single,1,,,,,,,3,single,1,UNION,single,1,PHI,single,1,,,,,,,,,,PHI,single,1,6/18/1991,single,1,,,,,,,,,,,,,,,,,,,,,,,,,,,,,,,,,,3/18/2010,single,1,,,,,,,,,,,,,,,,no,single,1
BOPALP,detention,ALLENWOOD US PENITENTIARY,single,42119,"Union County, PA",PA,"PO BOX 3500, WHITE DEER, PA 17887",single,1,,,,,,,,,,,,,,,,BOP,single,1,BOP,single,1,,,,,,,3,single,1,UNION,single,1,PHI,single,1,,,,,,,,,,PHI,single,1,9/18/1991,single,1,,,,,,,,,,,,,,,,,,,,,,,,,,,,,,,,,,9/14/2007,single,1,,,,,,,,,,,,,,,,no,single,1
BOPASH,detention,ASHLAND FEDERAL CORRECTIONAL INSTITUTE,single,21019,"Boyd County, KY",KY,"ST RT 716, ASHLAND, KY 41105",single,1,,,,,,,,,,,,,,,,BOP,single,1,BOP,single,1,,,,,,,6,single,1,BOYD,single,1,CHI,single,1,,,,,,,,,,CHI,single,1,11/14/1985,single,1,,,,,,,,,,,,,,,,,,,,,,,,,,,,,,,,,,11/22/2004,single,1,,,,,,,,,,,,,,,,no,single,1
BOPATW,detention,ATWATER US PENITENTIARY,single,06047,"Merced County, CA",CA,"#1 FEDERAL WAY PO BOS 019000, ATWATER, CA 95301",single,1,,,,,,,,,,,,,,,,BOP,single,1,BOP,single,1,,,,,,,9,single,1,MERCED,single,1,SFR,single,1,,,,,,,,,,SFR,single,1,4/2/2002,single,1,,,,,,,,,,,,,,,,,,,,,,,,,,,,,,,,,,3/22/2005,single,1,,,,,,,,,,,,,,,,no,single,1
BOPBAS,detention,BASTROP FEDERAL CORRECTIONAL INSTITUTE,single,48021,"Bastrop County, TX",TX,"P.O. BOX 730, BASTROP, TX 78602",single,1,,,,,,,,,,,,,,,,BOP,single,1,BOP,single,1,,,,,,,5,single,1,BASTROP,single,1,SNA,single,1,,,,,,,,,,SNA,single,1,5/19/1983,single,1,,,,,,,,,,,,,,,,,,,,,,,,,,,,,,,,,,8/9/2007,single,1,,,,,,,,,,,,,,,,no,single,1
BOPBEC,detention,BECKLEY  FEDERAL CORRECTIONAL INSTITUTE,single,54081,"Raleigh County, WV",WV,"P.O. BOX 1280, BEAVER, WV 25813",single,1,,,,,,,,,,,,,,,,BOP,single,1,BOP,single,1,,,,,,,4,single,1,RALEIGH,single,1,PHI,single,1,,,,,,,,,,PHI,single,1,6/5/1992,single,1,,,,,,,,,,,,,,,,,,,,,,,,,,,,,,,,,,5/17/2006,single,1,,,,,,,,,,,,,,,,no,single,1
BOPBIG,detention,BIG SPRING FEDERAL CORRECTIONAL INSTITUTE,single,48173|48227|48317,"Howard County, TX|Glasscock County, TX|Martin County, TX",TX,"1900 SIMLER, BIG SPRING, TX 79720",single,1,,,,,,,,,,,,,,,,BOP,single,1,BOP,single,1,,,,,,,5,single,1,HOWARD,single,1,DAL,single,1,,,,,,,,,,DAL,single,1,5/6/1996,single,1,,,,,,,,,,,,,,,,,,,,,,,,,,,,,,,,,,3/25/2007,single,1,,,,,,,,,,,,,,,,no,single,1
BOPBMA,detention,BEAUMONT FEDERAL CORRECTIONAL INSTITUTE,single,48245,"Jefferson County, TX",TX,"P.O. BOX 26015, BEAUMONT, TX 77720",single,1,,,,,,,,,,,,,,,,BOP,single,1,BOP,single,1,,,,,,,5,single,1,JEFFERSON,single,1,HOU,single,1,,,,,,,,,,HOU,single,1,3/5/1999,single,1,,,,,,,,,,,,,,,,,,,,,,,,,,,,,,,,,,7/22/2004,single,1,,,,,,,,,,,,,,,,no,single,1
BOPBML,detention,BEAUMONT LOW SECURITY FEDERAL CORRECTIONAL CENTER,single,48245,"Jefferson County, TX",TX,"4550 HEBERT RD. PO BOX 26025, BEAUMONT, TX 77720",single,1,,,,,,,,,,,,,,,,BOP,single,1,BOP,single,1,,,,,,,5,single,1,JEFFERSON,single,1,HOU,single,1,,,,,,,,,,HOU,single,1,10/21/1999,single,1,,,,,,,,,,,,,,,,,,,,,,,,,,,,,,,,,,10/16/2005,single,1,,,,,,,,,,,,,,,,no,single,1
BOPBMM,detention,BEAUMONT MEDIUM SECURITY FEDERAL CORRECTIONAL CENT,single,48245,"Jefferson County, TX",TX,"4550 HEBERT RD. PO BOX 26045, BEAUMONT, TX 77720",single,1,,,,,,,,,,,,,,,,BOP,single,1,BOP,single,1,,,,,,,5,single,1,JEFFERSON,single,1,HOU,single,1,,,,,,,,,,HOU,single,1,11/6/1997,single,1,,,,,,,,,,,,,,,,,,,,,,,,,,,,,,,,,,1/16/2006,single,1,,,,,,,,,,,,,,,,no,single,1
BOPBMP,detention,BEAUMONT FEDERAL,single,48245,"Jefferson County, TX",TX,"4550 HEBERT RD. PO BOX 26035, BEAUMONT, TX 77720",single,1,,,,,,,,,,,,,,,,BOP,single,1,BOP,single,1,,,,,,,5,single,1,JEFFERSON,single,1,HOU,single,1,,,,,,,,,,HOU,single,1,1/24/1995,single,1,,,,,,,,,,,,,,,,,,,,,,,,,,,,,,,,,,3/13/2008,single,1,,,,,,,,,,,,,,,,no,single,1
BOPBRO,detention,BROOKLYN MDC,conflict,36047,"Kings County, NY",NY,"100 29TH STREET, BROOKLYN, NY 11232",conflict,3,117.3,single,1,31.5,single,1,0.5,single,1,1,single,1,150.3,single,1,BOP,converged,2,BOP,single,1,42.9,single,1,,,,2,single,1,KINGS,single,1,VRK,single,1,,,,0,single,1,0,single,1,NYC,converged,3,9/14/2001,single,1,Female/Male,single,1,,,,,,,4.2,single,1,13.1,single,1,25.7,single,1,,,,,,,,,,,,,,,,10/14/2007,single,1,29,single,1,121.3,single,1,68.4,single,1,107.3,single,1,(718) 840-4200,single,1,no,single,1
BOPBUT,detention,BUTNER FEDERAL CORRECTIONAL INSTITUTE,single,37077,"Granville County, NC",NC,"P.O. BOX 1000, BUTNER, NC 27509",single,1,,,,,,,,,,,,,,,,BOP,single,1,BOP,single,1,,,,,,,4,single,1,GRANVILLE,single,1,CLT,single,1,,,,,,,,,,ATL,single,1,8/19/1985,single,1,,,,,,,,,,,,,,,,,,,,,,,,,,,,,,,,,,5/6/2010,single,1,,,,,,,,,,,,,,,,no,single,1
BOPCAA,detention,USP CANAAN,single,42069|42127,"Wayne County, PA|Lackawanna County, PA",PA,"3057 EASTON TURNPIKE, WAYMART, PA 18472",single,1,,,,,,,,,,,,,,,,BOP,single,1,BOP,single,1,,,,,,,3,single,1,WAYNE,single,1,PHI,single,1,,,,,,,,,,PHI,single,1,9/2/2009,single,1,,,,,,,,,,,,,,,,,,,,,,,,,,,,,,,,,,10/22/2017,single,1,,,,,,,,,,,,,,,,no,single,1
BOPCCC,detention,CHICAGO MCC,single,17031,"Cook County, IL",IL,"71 W. VAN BUREN STREET, CHICAGO, IL 60605",single,1,,,,,,,,,,,,,,,,BOP,single,1,BOP,single,1,,,,,,,7,single,1,COOK,single,1,CHI,single,1,,,,,,,,,,CHI,single,1,5/8/1985,single,1,,,,,,,,,,,,,,,,,,,,,,,,,,,,,,,,,,11/19/2002,single,1,,,,,,,,,,,,,,,,no,single,1
BOPCNV,detention,NASHVILLE COMMUNITY CORRECTIONS,single,47037,"Davidson County, TN",TN,"701 BROADWAY STREET, NASHVILLE, TN 37203",single,1,,,,,,,,,,,,,,,,BOP,single,1,BOP,single,1,,,,,,,6,single,1,DAVIDSON,single,1,NSV,single,1,,,,,,,,,,NOL,single,1,5/3/2013,single,1,,,,,,,,,,,,,,,,,,,,,,,,,,,,,,,,,,10/21/2015,single,1,,,,,,,,,,,,,,,,no,single,1
BOPCOL,detention,COLEMAN FEDERAL CORRECTIONAL INSTITUTE,single,12119,"Sumter County, FL",FL,"P.O. BOX 909 (LOW) BOX 849 (MEDIUM), COLEMAN, FL 33521",single,1,,,,,,,,,,,,,,,,BOP,single,1,BOP,single,1,,,,,,,11,single,1,SUMTER,single,1,KRO,single,1,,,,,,,,,,MIA,single,1,2/19/1996,single,1,,,,,,,,,,,,,,,,,,,,,,,,,,,,,,,,,,4/11/2006,single,1,,,,,,,,,,,,,,,,no,single,1
BOPCRW,detention,CARSWELL FEDERAL MEDICAL CENTER,single,48439,"Tarrant County, TX",TX,"J STREET BUIDING 300, FORT WORTH, TX 76127",single,1,,,,,,,,,,,,,,,,BOP,single,1,BOP,single,1,,,,,,,5,single,1,TARRANT,single,1,DAL,single,1,,,,,,,,,,DAL,single,1,5/9/1998,single,1,,,,,,,,,,,,,,,,,,,,,,,,,,,,,,,,,,1/18/2006,single,1,,,,,,,,,,,,,,,,no,single,1
BOPCUM,detention,CUMBERLAND FEDERAL CORRECTIONAL INSTITUTE,single,24001,"Allegany County, MD",MD,"14601 BURBRIDGE ROAD SE, CUMBERLAND, MD 21502",single,1,,,,,,,,,,,,,,,,BOP,single,1,BOP,single,1,,,,,,,4,single,1,ALLEGANY,single,1,BAL,single,1,,,,,,,,,,BAL,single,1,7/13/1998,single,1,,,,,,,,,,,,,,,,,,,,,,,,,,,,,,,,,,4/13/2010,single,1,,,,,,,,,,,,,,,,no,single,1
BOPDAL,detention,DALBY CORRECTIONAL INSTITUTE,single,48033|48107|48169|48305,"Garza County, TX|Lynn County, TX|Crosby County, TX|Borden County, TX",TX,"805 NORTH AVENUE F, POST, TX 79356",single,1,,,,,,,,,,,,,,,,BOP,single,1,BOP,single,1,,,,,,,5,single,1,GARZA,single,1,,,,,,,,,,,,,DAL,single,1,3/23/2017,single,1,,,,,,,,,,,,,,,,,,,,,,,,,,,,,,,,,,6/20/2017,single,1,,,,,,,,,,,,,,,,no,single,1
BOPDAN,detention,DANBURY FEDERAL CORRECTIONAL INSTITUTE,single,09190,09190,CT,"ROUTE 37, DANBURY, CT 06811",single,1,,,,,,,,,,,,,,,,BOP,single,1,BOP,single,1,,,,,,,2,single,1,FAIRFIELD,single,1,HAR,single,1,,,,,,,,,,BOS,single,1,5/29/1986,single,1,,,,,,,,,,,,,,,,,,,,,,,,,,,,,,,,,,6/21/1999,single,1,,,,,,,,,,,,,,,,no,single,1
BOPDEV,detention,DEVENS FEDERAL MEDICAL CENTER,single,25017,"Middlesex County, MA",MA,"ISM DEPARTMENT, AYER, MA 01432",single,1,,,,,,,,,,,,,,,,BOP,single,1,BOP,single,1,,,,,,,1,single,1,MIDDLESEX,single,1,BOS,single,1,,,,,,,,,,BOS,single,1,1/21/1998,single,1,,,,,,,,,,,,,,,,,,,,,,,,,,,,,,,,,,5/6/2008,single,1,,,,,,,,,,,,,,,,no,single,1
BOPDUB,detention,DUBLIN FEDERAL CORRECTION INSTITUTION,single,06001|06013,"Alameda County, CA|Contra Costa County, CA",CA,"5701 8TH ST - CAMP PARKS, DUBLIN, CA 94568",single,1,,,,,,,,,,,,,,,,BOP,single,1,BOP,single,1,,,,,,,9,single,1,ALAMEDA,single,1,SFR,single,1,,,,,,,,,,SFR,single,1,7/31/2001,single,1,,,,,,,,,,,,,,,,,,,,,,,,,,,,,,,,,,3/11/2003,single,1,,,,,,,,,,,,,,,,no,single,1
BOPEDG,detention,EDGEFIELD FEDERAL CORRECTIONAL INSTITUTE,single,45037|45081,"Edgefield County, SC|Saluda County, SC",SC,"P.O. BOX 723, EDGEFIELD, SC 29824",single,1,,,,,,,,,,,,,,,,BOP,single,1,BOP,single,1,,,,,,,4,single,1,EDGEFIELD,single,1,ATL,single,1,,,,,,,,,,ATL,single,1,1/26/1998,single,1,,,,,,,,,,,,,,,,,,,,,,,,,,,,,,,,,,7/27/2003,single,1,,,,,,,,,,,,,,,,no,single,1
BOPELK,detention,ELKTON FEDERAL CORRECTIONAL INSTITUTE,single,39029,"Columbiana County, OH",OH,"8730 SCROGGS ROAD, ELKTON, OH 44415",single,1,,,,,,,,,,,,,,,,BOP,single,1,BOP,single,1,,,,,,,6,single,1,COLUMBIANA,single,1,CLE,single,1,,,,,,,,,,DET,single,1,8/9/2001,single,1,,,,,,,,,,,,,,,,,,,,,,,,,,,,,,,,,,3/29/2005,single,1,,,,,,,,,,,,,,,,no,single,1
BOPENG,detention,ENGLEWOOD FEDERAL CORRECTIONAL INSTITUTION,single,08005|08031|08059,"Jefferson County, CO|Denver County, CO|Arapahoe County, CO",CO,"9595 WEST QUINCEY  AVE, LITTLETON, CO 80123",single,1,,,,,,,,,,,,,,,,BOP,single,1,BOP,single,1,,,,,,,10,single,1,JEFFERSON,single,1,DEN,single,1,,,,,,,,,,DEN,single,1,10/5/1980,single,1,,,,,,,,,,,,,,,,,,,,,,,,,,,,,,,,,,5/4/2008,single,1,,,,,,,,,,,,,,,,no,single,1
BOPERE,detention,EL RENO FEDERAL CORRECTIONAL INSTITUTE,single,40017,"Canadian County, OK",OK,"HWY 66 WEST, EL RENO, OK 73036",single,1,,,,,,,,,,,,,,,,BOP,single,1,BOP,single,1,,,,,,,10,single,1,CANADIAN,single,1,OKC,single,1,,,,,,,,,,DAL,single,1,3/6/1981,single,1,,,,,,,,,,,,,,,,,,,,,,,,,,,,,,,,,,5/22/2006,single,1,,,,,,,,,,,,,,,,no,single,1
BOPEST,detention,ESTILL FEDERAL CORRECTIONAL INSTITUTE,single,45049,"Hampton County, SC",SC,"P.O. BOX 699, ESTILL, SC 29918",single,1,,,,,,,,,,,,,,,,BOP,single,1,BOP,single,1,,,,,,,4,single,1,HAMPTON,single,1,ATL,single,1,,,,,,,,,,ATL,single,1,12/7/1991,single,1,,,,,,,,,,,,,,,,,,,,,,,,,,,,,,,,,,8/1/2005,single,1,,,,,,,,,,,,,,,,no,single,1
BOPFAI,detention,FAIRTON FEDERAL CORRECTIONAL INSTITUTE,single,34011,"Cumberland County, NJ",NJ,"P.O. BOX 280, FAIRTON, NJ 08320",single,1,,,,,,,,,,,,,,,,BOP,single,1,BOP,single,1,,,,,,,3,single,1,CUMBERLAND,single,1,NEW,single,1,,,,,,,,,,NEW,single,1,6/28/1990,single,1,,,,,,,,,,,,,,,,,,,,,,,,,,,,,,,,,,3/14/2006,single,1,,,,,,,,,,,,,,,,no,single,1
BOPFLF,detention,FLORENCE FEDERAL CORRECTIONAL INSTITUTE,single,08027|08043,"Fremont County, CO|Custer County, CO",CO,"P.O. BOX 6500, FLORENCE, CO 81226",single,1,,,,,,,,,,,,,,,,BOP,single,1,BOP,single,1,,,,,,,10,single,1,FREMONT,single,1,DEN,single,1,,,,,,,,,,DEN,single,1,8/31/1992,single,1,,,,,,,,,,,,,,,,,,,,,,,,,,,,,,,,,,2/21/2006,single,1,,,,,,,,,,,,,,,,no,single,1
BOPFLM,detention,FLORENCE ADMAX US PENITENTIARY,single,08027|08043,"Fremont County, CO|Custer County, CO",CO,"P.O. BOX 8500, FLORENCE, CO 81226",single,1,,,,,,,,,,,,,,,,BOP,single,1,BOP,single,1,,,,,,,10,single,1,FREMONT,single,1,DEN,single,1,,,,,,,,,,DEN,single,1,4/5/1995,single,1,,,,,,,,,,,,,,,,,,,,,,,,,,,,,,,,,,9/28/2005,single,1,,,,,,,,,,,,,,,,no,single,1
BOPFLP,detention,FLORENCE US PENITENTIARY,single,08027|08043,"Fremont County, CO|Custer County, CO",CO,"P.O. BOX 7500, FLORENCE, CO 81226",single,1,,,,,,,,,,,,,,,,BOP,single,1,BOP,single,1,,,,,,,10,single,1,FREMONT,single,1,DEN,single,1,,,,,,,,,,DEN,single,1,8/14/1992,single,1,,,,,,,,,,,,,,,,,,,,,,,,,,,,,,,,,,6/22/2008,single,1,,,,,,,,,,,,,,,,no,single,1
BOPFOR,detention,FOREST CITY FEDERAL CORRECTIONAL INSTITUTE,single,,,AR,"P O BOX 7000, FOREST CITY, AR 72336",single,1,,,,,,,,,,,,,,,,BOP,single,1,BOP,single,1,,,,,,,8,single,1,SAINT FRANCIS,single,1,NOL,single,1,,,,,,,,,,NOL,single,1,9/24/1998,single,1,,,,,,,,,,,,,,,,,,,,,,,,,,,,,,,,,,3/3/2005,single,1,,,,,,,,,,,,,,,,no,single,1
BOPFTD,detention,FORT DIX FEDERAL CORRECTIONAL INSTITUTE,single,34005,"Burlington County, NJ",NJ,"HARTFORD & POINTVILLE BUILDING 5756, FORT DIX, NJ 08640",single,1,,,,,,,,,,,,,,,,BOP,single,1,BOP,single,1,,,,,,,3,single,1,BURLINGTON,single,1,NEW,single,1,,,,,,,,,,NEW,single,1,7/14/1999,single,1,,,,,,,,,,,,,,,,,,,,,,,,,,,,,,,,,,8/23/2006,single,1,,,,,,,,,,,,,,,,no,single,1
BOPFTW,detention,FORT WORTH FEDERAL MEDICAL CENTER,single,,,TX,"3150 HORTON RD, FT. WORTH, TX 76619",single,1,,,,,,,,,,,,,,,,BOP,single,1,BOP,single,1,,,,,,,5,single,1,TARRANT,single,1,DAL,single,1,,,,,,,,,,DAL,single,1,8/25/1989,single,1,,,,,,,,,,,,,,,,,,,,,,,,,,,,,,,,,,1/7/2005,single,1,,,,,,,,,,,,,,,,no,single,1
BOPGIL,detention,FCI GILMER,single,54021,"Gilmer County, WV",WV,"201 FCI LANE, GLENVILLE, WV 26351",single,1,,,,,,,,,,,,,,,,BOP,single,1,BOP,single,1,,,,,,,4,single,1,GILMER,single,1,,,,,,,,,,,,,PHI,single,1,5/11/2017,single,1,,,,,,,,,,,,,,,,,,,,,,,,,,,,,,,,,,5/11/2017,single,1,,,,,,,,,,,,,,,,no,single,1
BOPGRE,detention,GREENVILLE FEDERAL CORRECTIONAL INSTITUTE,single,17005|17027,"Bond County, IL|Clinton County, IL",IL,"100 U.S. 40, GREENVILLE, IL 62246",single,1,,,,,,,,,,,,,,,,BOP,single,1,BOP,single,1,,,,,,,7,single,1,BOND,single,1,CHI,single,1,,,,,,,,,,CHI,single,1,6/13/1995,single,1,,,,,,,,,,,,,,,,,,,,,,,,,,,,,,,,,,4/17/2005,single,1,,,,,,,,,,,,,,,,no,single,1
BOPGUA,detention,GUAYNABO MDC (SAN JUAN),single,72127,"San Juan Municipio, PR",PR,"HWY 28 INTSECT OF ROAD 165, SAN JUAN, PR 00939",single,1,,,,,,,,,,,,,,,,BOP,single,1,BOP,single,1,,,,,,,1,single,1,SAN JUAN,single,1,SAJ,single,1,,,,,,,,,,MIA,single,1,6/21/1993,single,1,,,,,,,,,,,,,,,,,,,,,,,,,,,,,,,,,,9/24/2017,single,1,,,,,,,,,,,,,,,,no,single,1
BOPHON,detention,HONOLULU FEDERAL DETENTION CENTER,conflict,15003,"Honolulu County, HI",HI,"351 ELLIOTT ST., HONOLULU, HI 96819",conflict,3,24,single,1,23.1,single,1,11.7,single,1,5.4,single,1,64.2,single,1,BOP,converged,2,BOP,single,1,66.8,single,1,,,,9,single,1,HONOLULU,single,1,HHW,single,1,,,,0.2,single,1,9.7,single,1,SFR,converged,3,2/11/2001,single,1,Female/Male,single,1,,,,,,,12.1,single,1,5.5,single,1,2.6,single,1,,,,,,,,,,,,,,,,11/4/2017,single,1,17.3,single,1,37.2,single,1,42.8,single,1,44.1,single,1,(808) 529-1970,single,1,no,single,1
BOPJES,detention,JESUP FEDERAL CORRECTIONAL INSTITUTE,single,13305,"Wayne County, GA",GA,"2600 HIGHWAY 301 SOUTH, JESUP, GA 31545",single,1,,,,,,,,,,,,,,,,BOP,single,1,BOP,single,1,,,,,,,11,single,1,WAYNE,single,1,ATL,single,1,,,,,,,,,,ATL,single,1,5/15/1988,single,1,,,,,,,,,,,,,,,,,,,,,,,,,,,,,,,,,,6/27/2005,single,1,,,,,,,,,,,,,,,,no,single,1
BOPLEW,detention,LEWISBURG US PENITENTIARY,conflict,42119,"Union County, PA",PA,"P.O. BOX 1000, LEWISBURG, PA 17837",conflict,3,9.9,single,1,10.1,single,1,26.4,single,1,43,single,1,89.4,single,1,BOP,converged,2,BOP,single,1,56.9,single,1,,,,3,single,1,UNION,single,1,PHI,single,1,,,,0,single,1,0,single,1,PHI,converged,3,9/9/1980,single,1,Female/Male,single,1,,,,,,,48.1,single,1,7.8,single,1,9.4,single,1,,,,,,,,,,,,,,,,3/6/2005,single,1,58.2,single,1,31.2,single,1,55,single,1,24,single,1,(570) 523-1251,single,1,no,single,1
BOPLEX,detention,LEXINTON FEDERAL MEDICAL CENTER,single,21017|21067|21209,"Fayette County, KY|Scott County, KY|Bourbon County, KY",KY,"3301 LEESTOWN ROAD, LEXINGTON, KY 40511",single,1,,,,,,,,,,,,,,,,BOP,single,1,BOP,single,1,,,,,,,6,single,1,FAYETTE,single,1,OAK,single,1,,,,,,,,,,CHI,single,1,1/25/1982,single,1,,,,,,,,,,,,,,,,,,,,,,,,,,,,,,,,,,4/11/2004,single,1,,,,,,,,,,,,,,,,no,single,1
BOPLOF,detention,LOMPOC FEDERAL CORRECTIONAL INSTITUTE,single,06083,"Santa Barbara County, CA",CA,"3600 GUARD ROAD, LOMPOC, CA 93436",single,1,,,,,,,,,,,,,,,,BOP,single,1,BOP,single,1,,,,,,,9,single,1,SANTA BARBARA,single,1,LOS,single,1,,,,,,,,,,LOS,single,1,7/5/2001,single,1,,,,,,,,,,,,,,,,,,,,,,,,,,,,,,,,,,7/11/2017,single,1,,,,,,,,,,,,,,,,no,single,1
BOPLOM,detention,LOMPOC USP,single,06083,"Santa Barbara County, CA",CA,"3901 KLEIN BLVD., LOMPOC, CA 93436",single,1,,,,,,,,,,,,,,,,BOP,single,1,BOP,single,1,,,,,,,9,single,1,SANTA BARBARA,single,1,COW,single,1,,,,,,,,,,LOS,single,1,10/27/1980,single,1,,,,,,,,,,,,,,,,,,,,,,,,,,,,,,,,,,6/7/2005,single,1,,,,,,,,,,,,,,,,no,single,1
BOPLOR,detention,LORETTO FEDERAL CORRECTIONAL INSTITUTE,single,42021,"Cambria County, PA",PA,"RURAL ROUTE 276, LORETTO, PA 15940",single,1,,,,,,,,,,,,,,,,BOP,single,1,BOP,single,1,,,,,,,3,single,1,CAMBRIA,single,1,PHI,single,1,,,,,,,,,,PHI,single,1,7/12/2000,single,1,,,,,,,,,,,,,,,,,,,,,,,,,,,,,,,,,,2/24/2005,single,1,,,,,,,,,,,,,,,,no,single,1
BOPLOS,detention,LOS ANGELES MET.DETENTION,single,06037,"Los Angeles County, CA",CA,"300 N. LOS ANGELES ST., LOS ANGELES, CA 90012",single,1,,,,,,,,,,,,,,,,BOP,single,1,BOP,single,1,,,,,,,9,single,1,RAPIDES,single,1,LOS,single,1,,,,,,,,,,LOS,single,1,11/17/1989,single,1,,,,,,,,,,,,,,,,,,,Los Angeles – N. Los Angeles Street Immigration Court (co-located — same ZIP),single,1,,,,,,,,,,,,,9/24/2008,single,1,,,,,,,,,,,,,,,,no,single,1
BOPLTL,detention,"LA TUNA FEDERAL SATTELITE, LOW",single,48141,"El Paso County, TX",TX,"Old Ironsides Drive, Building 11636, El Paso, TX 79906",single,1,,,,,,,,,,,,,,,,Other,single,1,,,,,,,,,,5,single,1,El Paso,single,1,,,,BOP,single,1,,,,,,,ELP,single,1,,,,,,,,,,no,single,1,,,,,,,,,,,,,,,,,,,,,,,,,,,,,,,,,,,,,,,,,,,,,
BOPLVN,detention,FCI Leavenworth,conflict,20103|20209,"Leavenworth County, KS|Wyandotte County, KS",KS,"1300 Metropolitan, Leavenworth, KS 66048",conflict,2,,,,,,,,,,,,,,,,BOP,single,1,BOP,single,1,,,,,,,10,single,1,LEAVENWORTH,single,1,KAN,single,1,,,,,,,,,,CHI,converged,2,6/11/1980,single,1,,,,,,,,,,,,,,,,,,,,,,,,,,,,,,,,,,4/21/2008,single,1,,,,,,,,,,,,,(913) 682-8700,single,1,no,single,1
BOPMAN,detention,MANCHESTER FEDERAL CORRECTIONAL INSTITUTE,single,21051|21095|21109|21121|21125|21131,"Clay County, KY|Laurel County, KY|Leslie County, KY|Knox County, KY|Jackson County, KY|Harlan County, KY",KY,"RT 8 FOX HOLLOW ROAD, MANCHESTER, KY 40962",single,1,,,,,,,,,,,,,,,,BOP,single,1,BOP,single,1,,,,,,,6,single,1,CLAY,single,1,CHI,single,1,,,,,,,,,,CHI,single,1,6/7/1992,single,1,,,,,,,,,,,,,,,,,,,,,,,,,,,,,,,,,,10/17/2004,single,1,,,,,,,,,,,,,,,,no,single,1
BOPMAR,detention,MARION USP,single,17199,"Williamson County, IL",IL,"RURAL RT. 5 LITTLE GRASSY ROAD, MARION, IL 62959",single,1,,,,,,,,,,,,,,,,BOP,single,1,BOP,single,1,,,,,,,7,single,1,WILLIAMSON,single,1,CHI,single,1,,,,,,,,,,CHI,single,1,6/17/1980,single,1,,,,,,,,,,,,,,,,,,,,,,,,,,,,,,,,,,9/27/2010,single,1,,,,,,,,,,,,,,,,no,single,1
BOPMCK,detention,MCKEAN FEDERAL CORRECTIONAL INSTITUTE,single,42083,"McKean County, PA",PA,"PO BOX 5000, BRADFORD, PA 16701",single,1,,,,,,,,,,,,,,,,BOP,single,1,BOP,single,1,,,,,,,3,single,1,MC KEAN,single,1,PHI,single,1,,,,,,,,,,PHI,single,1,10/30/1990,single,1,,,,,,,,,,,,,,,,,,,,,,,,,,,,,,,,,,4/17/2005,single,1,,,,,,,,,,,,,,,,no,single,1
BOPMCR,detention,MCCREARY USP,single,21147,"McCreary County, KY",KY,"330 FEDERAL WAY, PINE KNOT, KY 42635",single,1,,,,,,,,,,,,,,,,BOP,single,1,BOP,single,1,,,,,,,6,single,1,MCCREARY,single,1,OAK,single,1,,,,,,,,,,CHI,single,1,2/18/2010,single,1,,,,,,,,,,,,,,,,,,,,,,,,,,,,,,,,,,3/30/2011,single,1,,,,,,,,,,,,,,,,no,single,1
BOPMEM,detention,MEMPHIS FEDERAL CORRECTIONAL INSTITUTE,single,47157,"Shelby County, TN",TN,"1101 JOHN A DENIE ROAD, MEMPHIS, TN 38134",single,1,,,,,,,,,,,,,,,,BOP,single,1,BOP,single,1,,,,,,,6,single,1,SHELBY,single,1,NOL,single,1,,,,,,,,,,NOL,single,1,1/25/1982,single,1,,,,,,,,,,,,,,,,,,,,,,,,,,,,,,,,,,2/2/2010,single,1,,,,,,,,,,,,,,,,no,single,1
BOPMIA,detention,MIAMI FEDERAL CORRECTIONAL INSTITUTE (FORMER MCC),single,12086,"Miami-Dade County, FL",FL,"1350 NW 41 STREET, MIAMI, FL 33178",single,1,,,,,,,,,,,,,,,,BOP,single,1,BOP,single,1,,,,,,,11,single,1,MIAMI-DADE,single,1,KRO,single,1,,,,,,,,,,MIA,single,1,9/24/1986,single,1,,,,,,,,,,,,,,,,,,,,,,,,,,,,,,,,,,8/19/2008,single,1,,,,,,,,,,,,,,,,no,single,1
BOPMIL,detention,MILAN FEDERAL CORRECTIONAL INSTITUTE,single,26091|26115|26161,"Washtenaw County, MI|Monroe County, MI|Lenawee County, MI",MI,"PO BOX 9999, MILAN, MI 48160",single,1,,,,,,,,,,,,,,,,BOP,single,1,BOP,single,1,,,,,,,6,single,1,MONROE,single,1,DET,single,1,,,,,,,,,,DET,single,1,12/4/1985,single,1,,,,,,,,,,,,,,,,,,,,,,,,,,,,,,,,,,6/17/2004,single,1,,,,,,,,,,,,,,,,no,single,1
BOPMIM,detention,MIAMI FEDERAL DETENTION,conflict,12086,"Miami-Dade County, FL",FL,"33 NE 4 STREET, MIAMI, FL 33132",conflict,3,18.7,single,1,16.4,single,1,222.1,single,1,174.1,single,1,431.3,single,1,BOP,converged,2,BOP,single,1,61.6,single,1,,,,11,single,1,MIAMI-DADE,single,1,KRO,single,1,,,,0,single,1,0,single,1,MIA,converged,3,4/3/1997,single,1,Female/Male,single,1,,,,,,,142.2,single,1,58.2,single,1,46.9,single,1,,,,,,,,,,,,,,,,12/2/2008,single,1,195.1,single,1,236.2,single,1,227.6,single,1,184.1,single,1,(305) 577-0010,single,1,no,single,1
BOPMNA,detention,MARIANNA FEDERAL CORRECTIONAL INSTITUTE,single,12063,"Jackson County, FL",FL,"3625 FCI RD, MARIANNA, FL 32446",single,1,,,,,,,,,,,,,,,,BOP,single,1,BOP,single,1,,,,,,,11,single,1,JACKSON,single,1,KRO,single,1,,,,,,,,,,MIA,single,1,11/4/1986,single,1,,,,,,,,,,,,,,,,,,,,,,,,,,,,,,,,,,2/2/2005,single,1,,,,,,,,,,,,,,,,no,single,1
BOPNEO,detention,NORTHEAST OHIO CORRECTIONAL CENTER,converged,39099|39155,"Mahoning County, OH|Trumbull County, OH",OH,"2240 HUBBARD ROAD, YOUNGSTOWN, OH 44505",converged,2,124,single,1,24,single,1,17.3,single,1,15.6,single,1,180.9,single,1,USMS IGA,conflict,2,,,,32.9,single,1,,,,6,single,1,Mahoning,single,1,,,,,,,0,single,1,0,single,1,DET,converged,2,,,,Male,single,1,300,single,1,yes,single,1,21.8,single,1,10.4,single,1,11.9,single,1,,,,,,,Scheduled FY27,single,1,,,,,,,,,,37.3,single,1,143.6,single,1,116.4,single,1,136.7,single,1,,,,,,
BOPNYM,detention,NEW YORK MCC,single,36061,"New York County, NY",NY,"150 PARK ROW, NEW YORK, NY 10007",single,1,,,,,,,,,,,,,,,,BOP,single,1,BOP,single,1,,,,,,,2,single,1,NEW YORK,single,1,VRK,single,1,,,,,,,,,,NYC,single,1,11/26/1986,single,1,,,,,,,,,,,,,,,,,,,New York - Broadway Immigration Court (co-located — same ZIP),single,1,,,,,,,,,,,,,8/21/2003,single,1,,,,,,,,,,,,,,,,no,single,1
BOPOAD,detention,OAKDALE FEDERAL DETENTION CENTER,single,22003|22039|22079,"Allen Parish, LA|Rapides Parish, LA|Evangeline Parish, LA",LA,"2105 E. WHATLEY RD., OAKDALE, LA 71463",single,1,,,,,,,,,,,,,,,,BOP,single,1,BOP,single,1,,,,,,,5,single,1,ALLEN,single,1,OAK,single,1,,,,,,,,,,NOL,single,1,4/9/1990,single,1,,,,,,,,,,,,,,,,,,,Oakdale Immigration Court (co-located — same ZIP),single,1,,,,,,,,,,,,,7/9/2015,single,1,,,,,,,,,,,,,,,,no,single,1
BOPOAK,detention,OAKDALE FEDERAL CORRECTIONAL INSTITUTE,single,22003|22039|22079,"Allen Parish, LA|Rapides Parish, LA|Evangeline Parish, LA",LA,"P O BOX 5060, OAKDALE, LA 71463",single,1,,,,,,,,,,,,,,,,BOP,single,1,BOP,single,1,,,,,,,5,single,1,ALLEN,single,1,OAK,single,1,,,,,,,,,,NOL,single,1,1/3/1989,single,1,,,,,,,,,,,,,,,,,,,Oakdale Immigration Court (co-located — same ZIP),single,1,,,,,,,,,,,,,9/1/1997,single,1,,,,,,,,,,,,,,,,no,single,1
BOPOKL,detention,OKLAHOMA FEDERAL TRANSFER CENTER,single,40109,"Oklahoma County, OK",OK,"7500 MACARTHUR BLVD, OKLAHOMA CITY, OK 73109",single,1,,,,,,,,,,,,,,,,BOP,single,1,BOP,single,1,,,,,,,10,single,1,OKLAHOMA,single,1,OKC,single,1,,,,,,,,,,DAL,single,1,10/2/1995,single,1,,,,,,,,,,,,,,,,,,,,,,,,,,,,,,,,,,11/5/2003,single,1,,,,,,,,,,,,,,,,no,single,1
BOPOTV,detention,OTISVILLE FEDERAL CORRECTIONAL INSTITUTE,single,36071|36105,"Orange County, NY|Sullivan County, NY",NY,"PO BOX 60, OTISVILLE, NY 10963",single,1,,,,,,,,,,,,,,,,BOP,single,1,BOP,single,1,,,,,,,2,single,1,ORANGE,single,1,VRK,single,1,,,,,,,,,,NYC,single,1,12/1/1982,single,1,,,,,,,,,,,,,,,,,,,,,,,,,,,,,,,,,,8/18/1999,single,1,,,,,,,,,,,,,,,,no,single,1
BOPOXF,detention,OXFORD FEDERAL CORRECTIONAL INSTITUTE,single,55001|55077,"Marquette County, WI|Adams County, WI",WI,"P.O. BOX 500, OXFORD, WI 53952",single,1,,,,,,,,,,,,,,,,BOP,single,1,BOP,single,1,,,,,,,7,single,1,MARQUETTE,single,1,CHI,single,1,,,,,,,,,,CHI,single,1,6/8/1980,single,1,,,,,,,,,,,,,,,,,,,,,,,,,,,,,,,,,,8/11/2005,single,1,,,,,,,,,,,,,,,,no,single,1
BOPPEK,detention,PEKIN FEDERAL CORRECTIONAL INSTITUTE,single,17179,"Tazewell County, IL",IL,"2600 2ND STREET, PEKIN, IL 61554",single,1,,,,,,,,,,,,,,,,BOP,single,1,BOP,single,1,,,,,,,7,single,1,TAZEWELL,single,1,CHI,single,1,,,,,,,,,,CHI,single,1,8/30/1995,single,1,,,,,,,,,,,,,,,,,,,,,,,,,,,,,,,,,,4/27/2005,single,1,,,,,,,,,,,,,,,,no,single,1
BOPPET,detention,PETERSBURG FEDERAL CORRECTIONAL INSTITUTE,single,51730,"Petersburg city, VA",VA,"PO BOX 1000, PETERSBURG, VA 23804",single,1,,,,,,,,,,,,,,,,BOP,single,1,BOP,single,1,,,,,,,4,single,1,PETERSBURG CITY,single,1,WAS,single,1,,,,,,,,,,WAS,single,1,10/27/1980,single,1,,,,,,,,,,,,,,,,,,,,,,,,,,,,,,,,,,2/16/2005,single,1,,,,,,,,,,,,,,,,no,single,1
BOPPHX,detention,PHOENIX FEDERAL CORRECTIONAL INSTITUTE,single,04013,"Maricopa County, AZ",AZ,"37910 N 45TH AVE DEPT 1700, PHOENIX, AZ 85027",single,1,,,,,,,,,,,,,,,,BOP,single,1,BOP,single,1,,,,,,,9,single,1,MARICOPA,single,1,PHO,single,1,,,,,,,,,,PHO,single,1,5/1/1981,single,1,,,,,,,,,,,,,,,,,,,,,,,,,,,,,,,,,,11/6/2016,single,1,,,,,,,,,,,,,,,,no,single,1
BOPPOL,detention,POLLOCK US PENITENTIARY,single,22043|22079,"Grant Parish, LA|Rapides Parish, LA",LA,"1000 AIR BASE ROAD PO BOX 1000, POLLOCK, LA 71467",single,1,,,,,,,,,,,,,,,,BOP,single,1,BOP,single,1,,,,,,,5,single,1,GRANT,single,1,OAK,single,1,,,,,,,,,,NOL,single,1,4/28/1999,single,1,,,,,,,,,,,,,,,,,,,,,,,,,,,,,,,,,,4/4/2007,single,1,,,,,,,,,,,,,,,,no,single,1
BOPRAE,detention,MCRAE CORRECTIONAL FACILITY CCA,single,13271,"Telfair County, GA",GA,"1000 JIM HAMMOCK DR., MCRAE, GA 31055",single,1,,,,,,,,,,,,,,,,BOP,single,1,BOP,single,1,,,,,,,11,single,1,TELFAIR,single,1,ATL,single,1,,,,,,,,,,ATL,single,1,1/31/2014,single,1,,,,,,,,,,,,,,,,,,,,,,,,,,,,,,,,,,2/4/2014,single,1,,,,,,,,,,,,,,,,no,single,1
BOPRBK,detention,RAY BROOK FEDERAL CORRECTIONAL INSTITUTE,single,36031,"Essex County, NY",NY,"P.O.BOX 300, RAY BROOK, NY 12977",single,1,,,,,,,,,,,,,,,,BOP,single,1,BOP,single,1,,,,,,,2,single,1,ESSEX,single,1,BUF,single,1,,,,,,,,,,BUF,single,1,9/29/1982,single,1,,,,,,,,,,,,,,,,,,,,,,,,,,,,,,,,,,7/24/2007,single,1,,,,,,,,,,,,,,,,no,single,1
BOPRCH,detention,ROCHESTER FEDERAL MEDICAL CENTER,single,27109,"Olmsted County, MN",MN,"P.O. BOX 4600, ROCHESTER, MN 55903",single,1,,,,,,,,,,,,,,,,BOP,single,1,BOP,single,1,,,,,,,8,single,1,OLMSTED,single,1,SPM,single,1,,,,,,,,,,SPM,single,1,1/20/1987,single,1,,,,,,,,,,,,,,,,,,,,,,,,,,,,,,,,,,10/26/2009,single,1,,,,,,,,,,,,,,,,no,single,1
BOPSAF,detention,SAFFORD FEDERAL CORRECTIONAL INSTITUTE,single,04009,"Graham County, AZ",AZ,"1529 WEST US HIGHWAY 366, SAFFORD, AZ 85546",single,1,,,,,,,,,,,,,,,,BOP,single,1,BOP,single,1,,,,,,,9,single,1,GRAHAM,single,1,TUC,single,1,,,,,,,,,,PHO,single,1,10/21/1988,single,1,,,,,,,,,,,,,,,,,,,,,,,,,,,,,,,,,,3/21/2005,single,1,,,,,,,,,,,,,,,,no,single,1
BOPSCH,detention,SCHUYLKILL FEDERAL CORRECTIONAL INSTITUTE,single,42107,"Schuylkill County, PA",PA,"P.O. BOX 700, MINERSVILLE, PA 17954",single,1,,,,,,,,,,,,,,,,BOP,single,1,BOP,single,1,,,,,,,3,single,1,SCHUYLKILL,single,1,PHI,single,1,,,,,,,,,,PHI,single,1,6/16/1992,single,1,,,,,,,,,,,,,,,,,,,,,,,,,,,,,,,,,,8/8/2005,single,1,,,,,,,,,,,,,,,,no,single,1
BOPSDC,detention,SAN DIEGO MCC,single,06073,"San Diego County, CA",CA,"METROPOLITAN CORRECTIONAL CENTER, SAN DIEGO, CA 92101",single,1,,,,,,,,,,,,,,,,BOP,single,1,BOP,single,1,,,,,,,9,single,1,SAN DIEGO,single,1,SND,single,1,,,,,,,,,,SND,single,1,5/1/1985,single,1,,,,,,,,,,,,,,,,,,,San Diego Immigration Court (co-located — same ZIP),single,1,,,,,,,,,,,,,4/9/2017,single,1,,,,,,,,,,,,,,,,no,single,1
BOPSEA,detention,SEAGOVILLE FEDERAL CORRECTIONAL INSTITUTE,single,48113|48257,"Dallas County, TX|Kaufman County, TX",TX,"2113 N. HIGHWAY 75, SEAGOVILLE, TX 75159",single,1,,,,,,,,,,,,,,,,BOP,single,1,BOP,single,1,,,,,,,5,single,1,DALLAS,single,1,DAL,single,1,,,,,,,,,,DAL,single,1,2/13/1986,single,1,,,,,,,,,,,,,,,,,,,,,,,,,,,,,,,,,,6/2/2005,single,1,,,,,,,,,,,,,,,,no,single,1
BOPSET,detention,SEATAC FEDERAL DETENTION CENTER,single,53033,"King County, WA",WA,"2425 S.200TH STREET, SEATAC, WA 98198",single,1,,,,,,,,,,,,,,,,BOP,single,1,BOP,single,1,,,,,,,9,single,1,KING,single,1,SEA,single,1,,,,,,,,,,SEA,single,1,2/2/1998,single,1,,,,,,,,,,,,,,,,,,,,,,,,,,,,,,,,,,10/11/2016,single,1,,,,,,,,,,,,,,,,no,single,1
BOPSHE,detention,SHERIDAN FEDERAL CORRECTIONAL INSTITUTE,single,41053|41071,"Yamhill County, OR|Polk County, OR",OR,"27072 SOUTHWEST BALLSTON ROAD, SHERIDAN, OR 97378",single,1,,,,,,,,,,,,,,,,BOP,single,1,BOP,single,1,,,,,,,9,single,1,YAMHILL,single,1,COW,single,1,,,,,,,,,,SEA,single,1,9/20/1990,single,1,,,,,,,,,,,,,,,,,,,,,,,,,,,,,,,,,,10/5/2004,single,1,,,,,,,,,,,,,,,,no,single,1
BOPSPG,detention,SPRINGFIELD FEDERAL MEDICAL CENTER,single,29077,"Greene County, MO",MO,"1900 W. SUNSHINE, SPRINGFIELD, MO 65808",single,1,,,,,,,,,,,,,,,,BOP,single,1,BOP,single,1,,,,,,,8,single,1,GREENE,single,1,SPG,single,1,,,,,,,,,,CHI,single,1,6/15/1980,single,1,,,,,,,,,,,,,,,,,,,,,,,,,,,,,,,,,,3/12/2017,single,1,,,,,,,,,,,,,,,,no,single,1
BOPSST,detention,SANDSTONE FEDERAL CORRECTIONAL INSTITUTE,single,27001|27065|27115,"Pine County, MN|Kanabec County, MN|Aitkin County, MN",MN,"P.O. BOX 999, SANDSTONE, MN 55072",single,1,,,,,,,,,,,,,,,,BOP,single,1,BOP,single,1,,,,,,,8,single,1,PINE,single,1,SPM,single,1,,,,,,,,,,SPM,single,1,12/17/1984,single,1,,,,,,,,,,,,,,,,,,,,,,,,,,,,,,,,,,4/17/2006,single,1,,,,,,,,,,,,,,,,no,single,1
BOPTCN,detention,TUCSON FEDERAL CORRECTIONAL INSTITUTE,single,04019,"Pima County, AZ",AZ,"8901 SOUTH WILMOT ROAD, TUCSON, AZ 85706",single,1,,,,,,,,,,,,,,,,BOP,single,1,BOP,single,1,,,,,,,9,single,1,PIMA,single,1,TUC,single,1,,,,,,,,,,PHO,single,1,3/11/1988,single,1,,,,,,,,,,,,,,,,,,,,,,,,,,,,,,,,,,3/18/2016,single,1,,,,,,,,,,,,,,,,no,single,1
BOPTCP,detention,US PENITENTIARY TUCSON,single,04019,"Pima County, AZ",AZ,"9300 SOUTH WILMOT ROAD, TUCSON, AZ 85706",single,1,,,,,,,,,,,,,,,,BOP,single,1,BOP,single,1,,,,,,,9,single,1,PIMA,single,1,TUC,single,1,,,,,,,,,,PHO,single,1,7/5/2011,single,1,,,,,,,,,,,,,,,,,,,,,,,,,,,,,,,,,,8/21/2011,single,1,,,,,,,,,,,,,,,,no,single,1
BOPTDG,detention,TALLADEGA FEDERAL CORRECTIONAL INSTITUTE,single,01027|01121,"Talladega County, AL|Clay County, AL",AL,"565 EAST RENFROE ROAD, TALLADEGA, AL 35160",single,1,,,,,,,,,,,,,,,,BOP,single,1,BOP,single,1,,,,,,,11,single,1,TALLADEGA,single,1,NOL,single,1,,,,,,,,,,NOL,single,1,7/12/1980,single,1,,,,,,,,,,,,,,,,,,,,,,,,,,,,,,,,,,2/9/2005,single,1,,,,,,,,,,,,,,,,no,single,1
BOPTEX,detention,TEXARKANA FEDERAL CORRECTIONAL INSTITUTE,single,48037,"Bowie County, TX",TX,"PO BOX 9500, TEXARKANA, TX 75505",single,1,,,,,,,,,,,,,,,,BOP,single,1,BOP,single,1,,,,,,,5,single,1,BOWIE,single,1,DAL,single,1,,,,,,,,,,DAL,single,1,10/22/1980,single,1,,,,,,,,,,,,,,,,,,,,,,,,,,,,,,,,,,7/11/2005,single,1,,,,,,,,,,,,,,,,no,single,1
BOPTHA,detention,TERRE HAUTE USP,single,18167,"Vigo County, IN",IN,"HIGHWAY 63 SOUTH, TERRE HAUTE, IN 47808",single,1,,,,,,,,,,,,,,,,BOP,single,1,BOP,single,1,,,,,,,7,single,1,VIGO,single,1,CHI,single,1,,,,,,,,,,CHI,single,1,6/18/1980,single,1,,,,,,,,,,,,,,,,,,,,,,,,,,,,,,,,,,8/23/2017,single,1,,,,,,,,,,,,,,,,no,single,1
BOPTRV,detention,THREE RIVERS FEDERAL CORRECTIONAL INSTITUTE,single,48025|48297,"Live Oak County, TX|Bee County, TX",TX,"P.O. BOX 4000, THREE RIVERS, TX 78071",single,1,,,,,,,,,,,,,,,,BOP,single,1,BOP,single,1,,,,,,,5,single,1,LIVE OAK,single,1,SNA,single,1,,,,,,,,,,SNA,single,1,2/21/1990,single,1,,,,,,,,,,,,,,,,,,,,,,,,,,,,,,,,,,3/8/2012,single,1,,,,,,,,,,,,,,,,no,single,1
BOPVIM,detention,FCI VICTORVILLE,single,06071,"San Bernardino County, CA",CA,"UNAVAILABLE, VICTORVILLE, CA 92392",single,1,,,,,,,,,,,,,,,,BOP,single,1,BOP,single,1,,,,,,,9,single,1,SAN BERNARDINO,single,1,SBD,single,1,,,,,,,,,,LOS,single,1,,,,,,,,,,,,,,,,,,,,,,,,,,,,,,,,,,,,,,,,,,,,,,,,,,,,,,,no,single,1
BOPWAS,detention,WASECA FEDERAL CORRECTIONAL INSTITUTE,single,27147|27161,"Waseca County, MN|Steele County, MN",MN,"1000 UNIVERSITY DRIVE S.W., WASECA, MN 56093",single,1,,,,,,,,,,,,,,,,BOP,single,1,BOP,single,1,,,,,,,8,single,1,WASECA,single,1,SPM,single,1,,,,,,,,,,SPM,single,1,9/2/1998,single,1,,,,,,,,,,,,,,,,,,,,,,,,,,,,,,,,,,3/13/2005,single,1,,,,,,,,,,,,,,,,no,single,1
BOPYAM,detention,YAZOO CITY MEDIUM SECURITY FEDERAL CORRECTIONAL IN,single,28051|28053|28163,"Yazoo County, MS|Humphreys County, MS|Holmes County, MS",MS,"PO BOX 5888, YAZOO CITY, MS 39194",single,1,,,,,,,,,,,,,,,,BOP,single,1,BOP,single,1,,,,,,,5,single,1,YAZOO,single,1,OAK,single,1,,,,,,,,,,NOL,single,1,8/1/2005,single,1,,,,,,,,,,,,,,,,,,,,,,,,,,,,,,,,,,10/20/2005,single,1,,,,,,,,,,,,,,,,no,single,1
BOPYAZ,detention,YAZOO CITY FEDERAL CORRECTIONAL INSTITUTE,single,28051|28053|28163,"Yazoo County, MS|Humphreys County, MS|Holmes County, MS",MS,"2225 HALEY BARBOUR PARKWAY, YAZOO CITY, MS 39194",single,1,,,,,,,,,,,,,,,,BOP,single,1,BOP,single,1,,,,,,,5,single,1,YAZOO,single,1,OAK,single,1,,,,,,,,,,NOL,single,1,9/12/1997,single,1,,,,,,,,,,,,,,,,,,,,,,,,,,,,,,,,,,3/1/2005,single,1,,,,,,,,,,,,,,,,no,single,1
BOSHOLD,detention,BOSTON HOLD ROOM,single,25017,"Middlesex County, MA",MA,"10 NEW ENGLAND EXECUTIVE PARK, BURLINGTON, MA 01803",single,1,,,,,,,,,,,,,,,,Other,single,1,DMCP,single,1,,,,,,,1,single,1,MIDDLESEX,single,1,BOS,single,1,HOLD,single,1,,,,,,,BOS,single,1,8/23/2010,single,1,,,,,,,no,single,1,,,,,,,,,,,,,,,,,,,,,,,,,7/23/2017,single,1,,,,,,,,,,,,,,,,yes,single,1
BOSSRLA,detention,BOSSIER PARISH COR. CENTER,single,22015,"Bossier Parish, LA",LA,"2984 Old Plain Dealing Rd., Plain Dealing, LA 71064",single,1,,,,,,,,,,,,,,,,USMS IGA,single,1,,,,,,,,,,5,single,1,Bossier Parish,single,1,,,,,,,,,,,,,NOL,single,1,,,,,,,,,,yes,single,1,,,,,,,,,,,,,,,,,,,,,,,,,,,,,,,,,,,,,,,,,,,,,
BOTTIND,detention,BOTTINEAU COUNTY JAIL,single,38009,"Bottineau County, ND",ND,"314 WEST FIFTH ST., BOTTINEAU, ND 58318",single,1,,,,,,,,,,,,,,,,IGSA,single,1,DMCP,single,1,,,,,,,8,single,1,BOTTINEAU,single,1,SPM,single,1,,,,,,,,,,SPM,single,1,11/21/1995,single,1,,,,,,,no,single,1,,,,,,,,,,,,,,,,,,,,,,,,,9/28/2012,single,1,,,,,,,,,,,,,,,,yes,single,1
BOULDCO,detention,BOULDER COUNTY JAIL,single,08013,"Boulder County, CO",CO,"1777 6TH ST., BOULDER, CO 80302",single,1,,,,,,,,,,,,,,,,IGSA,single,1,DMCP,single,1,,,,,,,10,single,1,BOULDER,single,1,DEN,single,1,,,,,,,,,,DEN,single,1,7/26/1991,single,1,,,,,,,,,,,,,,,,,,,,,,,,,,,,,,,,,,4/16/2008,single,1,,,,,,,,,,,,,,,,yes,single,1
BOUNDID,detention,BOUNDARY COUNTY,single,16021,"Boundary County, ID",ID,"6438 KOOTENAI, BONNERS FERRY, ID 83805",single,1,,,,,,,,,,,,,,,,IGSA,single,1,DMCP,single,1,,,,,,,9,single,1,BOUNDARY,single,1,SEA,single,1,,,,,,,,,,SLC,single,1,1/9/2004,single,1,,,,,,,,,,,,,,,,,,,,,,,,,,,,,,,,,,6/12/2006,single,1,,,,,,,,,,,,,,,,yes,single,1
BOWCOTX,detention,BOWIE COUNTY JAIL,single,48201,"Harris County, TX",TX,"100 N. STATE LINE, TEXARKANA, TX 77501",single,1,,,,,,,,,,,,,,,,IGSA,single,1,DMCP,single,1,,,,,,,5,single,1,HARRIS,single,1,DAL,single,1,,,,,,,,,,DAL,single,1,3/28/2007,single,1,,,,,,,yes,single,1,,,,,,,,,,,,,,,,,,,,,,,,,10/5/2008,single,1,,,,,,,,,,,,,,,,yes,single,1
BOXBUNE,detention,BOX BUTTE COUNTY,single,31013|31123|31161|31165,"Box Butte County, NE|Sheridan County, NE|Sioux County, NE|Morrill County, NE",NE,"512 NIOBRARA AVENUE, ALLIANCE, NE 69301",single,1,,,,,,,,,,,,,,,,IGSA,single,1,DMCP,single,1,,,,,,,8,single,1,BOX BUTTE,single,1,OMA,single,1,,,,,,,,,,SPM,single,1,2/25/1999,single,1,,,,,,,,,,,,,,,,,,,,,,,,,,,,,,,,,,10/7/2002,single,1,,,,,,,,,,,,,,,,yes,single,1
BOXELUT,detention,BOX ELDER COUNTY,single,49003,"Box Elder County, UT",UT,"21 SOUTH MAIN, BRIGHAM, UT 84302",single,1,,,,,,,,,,,,,,,,IGSA,single,1,DMCP,single,1,,,,,,,10,single,1,BOX ELDER,single,1,SLC,single,1,,,,,,,,,,SLC,single,1,6/3/1997,single,1,,,,,,,,,,,,,,,,,,,,,,,,,,,,,,,,,,9/29/2004,single,1,,,,,,,,,,,,,,,,yes,single,1
BPC,detention,BOSTON SPC,single,25025,"Suffolk County, MA",MA,"U.S. COAST GUARD SUPPORT CENTER, BOSTON, MA 02109",single,1,,,,,,,,,,,,,,,,Other,single,1,DMCP,single,1,,,,,,,1,single,1,SUFFOLK,single,1,BOS,single,1,,,,,,,,,,BOS,single,1,4/25/1989,single,1,,,,,,,,,,,,,,,,,,,,,,,,,,,,,,,,,,11/8/2016,single,1,,,,,,,,,,,,,,,,yes,single,1
BPHOSOH,detention,BELLMONT PINES HOSPITAL,single,39099|39155,"Mahoning County, OH|Trumbull County, OH",OH,"615 CHURCH HILL-HUBBARD ROAD, YOUNGSTOWN, OH 44505",single,1,,,,,,,,,,,,,,,,Other,single,1,OTHER,single,1,,,,,,,6,single,1,MAHONING,single,1,CLE,single,1,HOSPITAL,single,1,,,,,,,DET,single,1,1/10/2000,single,1,,,,,,,,,,,,,,,,,,,,,,,,,,,,,,,,,,6/9/2004,single,1,,,,,,,,,,,,,,,,no,single,1
BRADEFL,detention,BRADENTON DETENTION CENTER,single,12081,"Manatee County, FL",FL,"515 11TH STREET WEST, BRADENTON, FL 34205",single,1,,,,,,,,,,,,,,,,IGSA,single,1,DMCP,single,1,,,,,,,11,single,1,MANATEE,single,1,TAM,single,1,,,,,,,,,,MIA,single,1,2/29/1996,single,1,,,,,,,,,,,,,,,,,,,,,,,,,,,,,,,,,,6/8/2009,single,1,,,,,,,,,,,,,,,,yes,single,1
BRAZITX,detention,BRAZORIA COUNTY DETENTION,single,48039,"Brazoria County, TX",TX,"3602 COUNTY ROAD 45, ANGELTON, TX 77515",single,1,,,,,,,,,,,,,,,,IGSA,single,1,DMCP,single,1,,,,,,,5,single,1,BRAZORIA,single,1,HOU,single,1,,,,,,,,,,HOU,single,1,6/5/1998,single,1,,,,,,,,,,,,,,,,,,,,,,,,,,,,,,,,,,3/24/2004,single,1,,,,,,,,,,,,,,,,yes,single,1
BRAZOTX,detention,BRAZOS COUNTY JAIL,single,48041,"Brazos County, TX",TX,"300 E 26TH ST # 105, BRYAN, TX 77801",single,1,,,,,,,,,,,,,,,,IGSA,single,1,DMCP,single,1,,,,,,,5,single,1,BRAZOS,single,1,SNA,single,1,,,,,,,,,,SNA,single,1,12/3/1998,single,1,,,,,,,no,single,1,,,,,,,,,,,,,,,,,,,,,,,,,1/21/2003,single,1,,,,,,,,,,,,,,,,yes,single,1
BRCHOLD,detention,BRUSH HOLDROOM,single,08087|08121,"Morgan County, CO|Washington County, CO",CO,"515 INDUSTRIAL PARK ROAD, BRUSH, CO 80723",single,1,,,,,,,,,,,,,,,,Other,single,1,DMCP,single,1,,,,,,,10,single,1,MORGAN,single,1,DEN,single,1,HOLD,single,1,,,,,,,DEN,single,1,,,,,,,,,,no,single,1,,,,,,,,,,,,,,,,,,,,,,,,,,,,,,,,,,,,,,,,,,,yes,single,1
BREMEIA,detention,BREMER COUNTY JAIL,single,19017|19023,"Bremer County, IA|Butler County, IA",IA,"111 4TH STREET NE, WAVERLY, IA 50677",single,1,,,,,,,,,,,,,,,,USMS IGA,single,1,DMCP,single,1,,,,,,,8,single,1,BREMER,single,1,,,,,,,,,,,,,SPM,single,1,5/14/1997,single,1,,,,,,,no,single,1,,,,,,,,,,,,,,,,,,,,,,,,,10/4/2017,single,1,,,,,,,,,,,,,,,,yes,single,1
BREVDFL,detention,BREVARD COUNTY JAIL COMPLEX,single,12009,"Brevard County, FL",FL,"860 CAMP ROAD, COCOA, FL 32927",single,1,,,,,,,,,,,,,,,,IGSA,single,1,DMCP,single,1,,,,,,,11,single,1,BREVARD,single,1,ORL,single,1,,,,,,,,,,MIA,single,1,,,,,,,,,,,,,,,,,,,,,,,,,,,,,,,,,,,,,,,,,,,,,,,,,,,,,,,yes,single,1
BREWSTX,detention,BREWSTER COUNTY JAIL,single,48043,"Brewster County, TX",TX,"307 WEST SUL ROSS AVENUE, ALPINE, TX 79830",single,1,,,,,,,,,,,,,,,,IGSA,single,1,DMCP,single,1,,,,,,,5,single,1,BREWSTER,single,1,EPC,single,1,,,,,,,,,,ELP,single,1,7/7/2008,single,1,,,,,,,no,single,1,,,,,,,,,,,,,,,,,,,,,,,,,7/7/2008,single,1,,,,,,,,,,,,,,,,yes,single,1
BRGMCFL,detention,BROWARD GENERAL MEDICAL CENTER,single,12011,"Broward County, FL",FL,"1600 SOUTH ANDREWS AVENUE, FT. LAUDERDALE, FL 33316",single,1,,,,,,,,,,,,,,,,Other,single,1,OTHER,single,1,,,,,,,11,single,1,BROWARD,single,1,KRO,single,1,HOSPITAL,single,1,,,,,,,MIA,single,1,12/19/2010,single,1,,,,,,,,,,,,,,,,,,,,,,,,,,,,,,,,,,7/30/2017,single,1,,,,,,,,,,,,,,,,no,single,1
BRIJUTX,detention,THE BRIDGE (YOUTH ALTERNATIVE),single,48029,"Bexar County, TX",TX,"3103 WEST AVENUE, SAN ANTONIO, TX 78213",single,1,,,,,,,,,,,,,,,,IGSA,single,1,JFRMU,single,1,,,,,,,5,single,1,BEXAR,single,1,SNA,single,1,JUVENILE,single,1,,,,,,,SNA,single,1,1/19/1999,single,1,,,,,,,,,,,,,,,,,,,,,,,,,,,,,,,,,,9/14/2004,single,1,,,,,,,,,,,,,,,,no,single,1
BRINBMA,detention,BRISTOL COUNTY JAIL (NEW BEDFORD),single,25005,"Bristol County, MA",MA,"226 ASH ST, NEW BEDFORD, MA 02740",single,1,,,,,,,,,,,,,,,,IGSA,single,1,DMCP,single,1,,,,,,,1,single,1,BRISTOL,single,1,BOS,single,1,,,,,,,,,,BOS,single,1,9/21/2000,single,1,,,,,,,,,,,,,,,,,,,,,,,,,,,,,,,,,,1/22/2003,single,1,,,,,,,,,,,,,,,,yes,single,1
BRINDMA,detention,BRISTOL COUNTY DETENTION CENTER,single,25005,"Bristol County, MA",MA,"400 FAUNCE CORNER ROAD, NORTH DARTMOUTH, MA 02747",single,1,,,,,,,,,,,,,,,,IGSA,single,1,DMCP,single,1,,,,,,,1,single,1,BRISTOL,single,1,BOS,single,1,,,,,,,,,,BOS,single,1,8/19/1996,single,1,,,,,,,yes,single,1,,,,,,,,,,,,,,,,,,,,,,,,,11/4/2017,single,1,,,,,,,,,,,,,,,,yes,single,1
BRKHOLD,detention,BERKS HOLD ROOM,single,42011,"Berks County, PA",PA,"1243 COUNTY WELFARE RD, LEESPORT, PA 19533",single,1,,,,,,,,,,,,,,,,Other,single,1,DMCP,single,1,,,,,,,3,single,1,BERKS,single,1,,,,HOLD,single,1,,,,,,,PHI,single,1,1/27/2017,single,1,,,,,,,no,single,1,,,,,,,,,,,,,,,,,,,,,,,,,10/17/2017,single,1,,,,,,,,,,,,,,,,yes,single,1
BRNPDMI,detention,BROWNSTOWN POLICE DEPARTMENT,single,26163,"Wayne County, MI",MI,"23125 KING ROAD, BROWNSTOWN, MI 48183",single,1,,,,,,,,,,,,,,,,IGSA,single,1,DMCP,single,1,,,,,,,6,single,1,WAYNE,single,1,DET,single,1,,,,,,,,,,DET,single,1,3/17/2004,single,1,,,,,,,,,,,,,,,,,,,,,,,,,,,,,,,,,,8/29/2004,single,1,,,,,,,,,,,,,,,,yes,single,1
BROADMT,detention,BROADWATER COUNTY SHERIFF,single,30007,"Broadwater County, MT",MT,"519 BROADWAY, TOWNSEND, MT 59644",single,1,,,,,,,,,,,,,,,,IGSA,single,1,DMCP,single,1,,,,,,,9,single,1,BROADWATER,single,1,HEL,single,1,,,,,,,,,,SLC,single,1,6/9/2006,single,1,,,,,,,no,single,1,,,,,,,,,,,,,,,,,,,,,,,,,3/31/2010,single,1,,,,,,,,,,,,,,,,yes,single,1
BROCRFL,detention,BROWARD CORRECTIONAL,single,12011,"Broward County, FL",FL,"P.O. BOX 8540, PEMBROKE PINES, FL 33332",single,1,,,,,,,,,,,,,,,,IGSA,single,1,DMCP,single,1,,,,,,,11,single,1,CHARLES MIX,single,1,KRO,single,1,,,,,,,,,,MIA,single,1,3/6/1998,single,1,,,,,,,,,,,,,,,,,,,,,,,,,,,,,,,,,,4/20/2009,single,1,,,,,,,,,,,,,,,,yes,single,1
BROJAFL,detention,BROWARD COUNTY JAIL,converged,12011,"Broward County, FL",FL,"555 SE 1ST AVENUE, FT.LAUDERDALE, FL 33301",converged,2,1.4,single,1,0.4,single,1,0.8,single,1,0.6,single,1,3.2,single,1,IGSA,converged,2,DMCP,single,1,1.1,single,1,,,,11,single,1,BROWARD,single,1,KRO,single,1,,,,0.1,single,1,0.6,single,1,MIA,converged,2,1/10/1995,single,1,Female/Male,single,1,,,,,,,0.3,single,1,0.2,single,1,0.2,single,1,,,,,,,,,,,,,,,,1/23/2017,single,1,0.5,single,1,2.1,single,1,1.6,single,1,2.6,single,1,,,,yes,single,1
BROKSTX,detention,BROOKS COUNTY DETENTION CENTER,single,48047|48249,"Brooks County, TX|Jim Wells County, TX",TX,"901 COUNTY ROAD 201, FALFURRIAS, TX 78355",single,1,,,,,,,,,,,,,,,,USMS IGA,single,1,DMCP,single,1,,,,200,single,1,5,single,1,BROOKS,single,1,PIC,single,1,,,,,,,,,,SNA,single,1,7/3/2005,single,1,,,,,,,yes,single,1,,,,,,,,,,,,,,,,,,,,,,,,,11/4/2017,single,1,,,,,,,,,,,,,,,,yes,single,1
BROMMNY,detention,Broome County Correctional Facility,conflict,36007,"Broome County, NY",NY,"155 Lt. VanWinkle Drive, Binghamton, NY 13905",conflict,2,,,,,,,,,,,,,,,,IGSA,single,1,DMCP,single,1,,,,,,,2,single,1,BROOME,single,1,BUF,single,1,,,,,,,,,,BUF,converged,2,1/10/1994,single,1,,,,,,,no,single,1,,,,,,,,,,,,,,,,,,,,,,,,,3/12/2014,single,1,,,,,,,,,,,,,(607) 778-6018,single,1,yes,single,1
BROOKSD,detention,BROOKINGS COUNTY JAIL (SOUTH DAKOTA),single,46011|46101,"Brookings County, SD|Moody County, SD",SD,"315 7TH AVENUE, BROOKINGS, SD 57006",single,1,,,,,,,,,,,,,,,,IGSA,single,1,DMCP,single,1,,,,,,,8,single,1,BROOKINGS,single,1,SPM,single,1,,,,,,,,,,SPM,single,1,6/26/1995,single,1,,,,,,,no,single,1,,,,,,,,,,,,,,,,,,,,,,,,,11/29/2005,single,1,,,,,,,,,,,,,,,,yes,single,1
BROOKTX,detention,BROOKS COUNTY JAIL (SHERIFF),single,48047|48249,"Brooks County, TX|Jim Wells County, TX",TX,"801 COUNTY ROAD 201, FALFURRIAS, TX 78355",single,1,,,,,,,,,,,,,,,,IGSA,single,1,DMCP,single,1,,,,,,,5,single,1,BROOKS,single,1,PIC,single,1,,,,,,,,,,SNA,single,1,3/9/2006,single,1,,,,,,,yes,single,1,,,,,,,,,,,,,,,,,,,,,,,,,6/14/2007,single,1,,,,,,,,,,,,,,,,yes,single,1
BROOMCO,detention,BROOMFIELD DETENTION CENTER,single,08014|08059,"Jefferson County, CO|Broomfield County, CO",CO,"11600 RIDGE PARKWAY, BROOMFIELD, CO 80021",single,1,,,,,,,,,,,,,,,,IGSA,single,1,DMCP,single,1,,,,,,,10,single,1,JEFFERSON,single,1,DEN,single,1,,,,,,,,,,DEN,single,1,8/15/2006,single,1,,,,,,,,,,,,,,,,,,,,,,,,,,,,,,,,,,3/6/2008,single,1,,,,,,,,,,,,,,,,yes,single,1
BROPDIL,detention,BROOKFIELD POLICE DEPARTMENT,single,17031,"Cook County, IL",IL,"8820 BROOKFIELD AVEN, BROOKFIELD, IL 60513",single,1,,,,,,,,,,,,,,,,IGSA,single,1,DMCP,single,1,,,,,,,7,single,1,COOK,single,1,CHI,single,1,,,,,,,,,,CHI,single,1,1/4/1988,single,1,,,,,,,no,single,1,,,,,,,,,,,,,,,,,,,,,,,,,2/22/2004,single,1,,,,,,,,,,,,,,,,yes,single,1
BROWNSD,detention,BROWN COUNTY JAIL,single,46013,"Brown County, SD",SD,"22 SE COURT STREET, ABERDEEN, SD 57401",single,1,,,,,,,,,,,,,,,,IGSA,single,1,DMCP,single,1,,,,,,,8,single,1,SAN DIEGO,single,1,SPM,single,1,,,,,,,,,,SPM,single,1,1/24/2012,single,1,,,,,,,,,,,,,,,,,,,,,,,,,,,,,,,,,,12/17/2012,single,1,,,,,,,,,,,,,,,,yes,single,1
BRULESD,detention,BRULE COUNTY JAIL,single,46015|46017,"Brule County, SD|Buffalo County, SD",SD,"300 SOUTH COURTLAND, CHAMBERLAIN, SD 57325",single,1,,,,,,,,,,,,,,,,IGSA,single,1,DMCP,single,1,,,,,,,8,single,1,BRULE,single,1,SPM,single,1,,,,,,,,,,SPM,single,1,3/30/1998,single,1,,,,,,,,,,,,,,,,,,,,,,,,,,,,,,,,,,12/23/2003,single,1,,,,,,,,,,,,,,,,yes,single,1
BRYANGA,detention,BRYAN COUNTY JAIL,single,13029|13031,"Bryan County, GA|Bulloch County, GA",GA,"95 PUBLIC SAFETY WAY, PEMBROKE, GA 31321",single,1,,,,,,,,,,,,,,,,IGSA,single,1,DMCP,single,1,,,,,,,11,single,1,BRYAN,single,1,ATL,single,1,,,,,,,,,,ATL,single,1,9/28/2006,single,1,,,,,,,,,,,,,,,,,,,,,,,,,,,,,,,,,,11/26/2006,single,1,,,,,,,,,,,,,,,,yes,single,1
BSAHOLD,detention,BROADVIEW SERVICE STAGING,single,17031,"Cook County, IL",IL,"1930 BEACH STREET, BROADVIEW, IL 60155",single,1,,,,,,,,,,,,,,,,Other,single,1,DMCP,single,1,,,,,,,7,single,1,COOK,single,1,CHI,single,1,STAGING,single,1,,,,,,,CHI,single,1,12/27/2011,single,1,,,,,,,no,single,1,,,,,,,,,,,,,,,,,,,,,,,,,10/9/2017,single,1,,,,,,,,,,,,,,,,yes,single,1
BSCDRTX,detention,BSCC CEDAR HILL UNIT,single,48173|48227|48317,"Howard County, TX|Glasscock County, TX|Martin County, TX",TX,"3711 WRIGHT AVENUE, BIG SPRING, TX 79720",single,1,,,,,,,,,,,,,,,,BOP,single,1,BOP,single,1,,,,,,,5,single,1,HOWARD,single,1,DAL,single,1,,,,,,,,,,DAL,single,1,8/28/2006,single,1,,,,,,,,,,,,,,,,,,,,,,,,,,,,,,,,,,2/2/2011,single,1,,,,,,,,,,,,,,,,no,single,1
BSCHOLD,detention,BIG SPRING HOLD ROOM,single,48173|48227|48317,"Howard County, TX|Glasscock County, TX|Martin County, TX",TX,"1701 APRON DRIVE, BIG SPRING, TX 79720",single,1,,,,,,,,,,,,,,,,Other,single,1,DMCP,single,1,,,,,,,5,single,1,HOWARD,single,1,DAL,single,1,HOLD,single,1,,,,,,,DAL,single,1,3/8/2013,single,1,,,,,,,no,single,1,,,,,,,,,,,,,,,,,,,,,,,,,3/23/2017,single,1,,,,,,,,,,,,,,,,yes,single,1
BSCORTX,detention,BSCC AIRPARK UNIT,single,48173|48227|48317,"Howard County, TX|Glasscock County, TX|Martin County, TX",TX,"3700 WRIGHT AVENUE, BIG SPRING, TX 79720",single,1,,,,,,,,,,,,,,,,BOP,single,1,BOP,single,1,,,,,,,5,single,1,HOWARD,single,1,DAL,single,1,,,,,,,,,,DAL,single,1,4/11/1991,single,1,,,,,,,,,,,,,,,,,,,,,,,,,,,,,,,,,,12/11/2012,single,1,,,,,,,,,,,,,,,,no,single,1
BSFLTTX,detention,BSCC FLIGHTLINE UNIT,single,48173|48227|48317,"Howard County, TX|Glasscock County, TX|Martin County, TX",TX,"2001 RICKABAUGH DR, BIG SPRING, TX 79720",single,1,,,,,,,,,,,,,,,,BOP,single,1,BOP,single,1,,,,,,,5,single,1,HOWARD,single,1,DAL,single,1,,,,,,,,,,DAL,single,1,7/27/2006,single,1,,,,,,,,,,,,,,,,,,,,,,,,,,,,,,,,,,2/2/2011,single,1,,,,,,,,,,,,,,,,no,single,1
BSGDFTX,detention,BSCC GILES DARBY FACILITY,single,48033|48107|48169|48305,"Garza County, TX|Lynn County, TX|Crosby County, TX|Borden County, TX",TX,"805 N. AVENUE F, POST, TX 79356",single,1,,,,,,,,,,,,,,,,BOP,single,1,BOP,single,1,,,,,,,5,single,1,GARZA,single,1,DAL,single,1,,,,,,,,,,DAL,single,1,5/15/2006,single,1,,,,,,,,,,,,,,,,,,,,,,,,,,,,,,,,,,2/2/2011,single,1,,,,,,,,,,,,,,,,no,single,1
BSNTRTX,detention,BSCC INTERSTATE UNIT,single,48173|48227|48317,"Howard County, TX|Glasscock County, TX|Martin County, TX",TX,"1801 W. I-20, BIG SPRING, TX 79720",single,1,,,,,,,,,,,,,,,,BOP,single,1,BOP,single,1,,,,,,,5,single,1,HOWARD,single,1,DAL,single,1,,,,,,,,,,DAL,single,1,1/13/2004,single,1,,,,,,,,,,,,,,,,,,,,,,,,,,,,,,,,,,3/8/2007,single,1,,,,,,,,,,,,,,,,no,single,1
BTV,detention,BUFFALO SERVICE PROCESSING CENTER,conflict,36037,"Genesee County, NY",NY,"4250 FEDERAL DRIVE, BATAVIA, NY 14020",converged,3,557.8,single,1,43.5,single,1,37.5,single,1,59.6,single,1,698.4,single,1,SPC,converged,2,DMCP,single,1,37.7,single,1,650,single,1,2,single,1,GENESEE,single,1,BTV,single,1,,,,0,single,1,0,single,1,BUF,converged,3,5/23/1995,single,1,Male,single,1,650,conflict,2,yes,single,1,82.8,single,1,23.5,single,1,38,single,1,Batavia Immigration Court (co-located — same ZIP),single,1,Pass,single,1,2026-06-25,single,1,PBNDS 2011 - 2016 Revisions,single,1,ODO,single,1,11/4/2017,single,1,108.7,single,1,589.7,single,1,271.7,single,1,554.1,single,1,(585) 344-6500,single,1,yes,single,1
BUCKSPA,detention,BUCKS COUNTY JAIL (PENNSYLVANIA),single,42017,"Bucks County, PA",PA,"MAIN AND COURT STS, DOYLESTOWN, PA 18901",single,1,,,,,,,,,,,,,,,,IGSA,single,1,DMCP,single,1,,,,,,,3,single,1,BUCKS,single,1,PHI,single,1,,,,,,,,,,PHI,single,1,5/13/1986,single,1,,,,,,,,,,,,,,,,,,,,,,,,,,,,,,,,,,2/6/2007,single,1,,,,,,,,,,,,,,,,yes,single,1
BUENAIA,detention,BUENA VISTA COUNTY JAIL,single,19021|19161,"Buena Vista County, IA|Sac County, IA",IA,"411 EXPANSION BLVD, STORM LAKE, IA 50588",single,1,,,,,,,,,,,,,,,,IGSA,single,1,DMCP,single,1,,,,,,,8,single,1,BUENA VISTA,single,1,OMA,single,1,,,,,,,,,,SPM,single,1,1/30/1997,single,1,,,,,,,,,,,,,,,,,,,,,,,,,,,,,,,,,,1/13/2003,single,1,,,,,,,,,,,,,,,,yes,single,1
BUFHOLD,detention,BUFFALO HOLD ROOM,single,36029,"Erie County, NY",NY,"130 DELAWARE AVE, BUFFALO, NY 14202",single,1,,,,,,,,,,,,,,,,Other,single,1,DMCP,single,1,,,,,,,2,single,1,BUFFALO,single,1,BUF,single,1,HOLD,single,1,,,,,,,BUF,single,1,12/8/2012,single,1,,,,,,,no,single,1,,,,,,,,,,Buffalo Immigration Court (co-located — same ZIP),single,1,,,,,,,,,,,,,1/27/2016,single,1,,,,,,,,,,,,,,,,yes,single,1
BULLOGA,detention,BULLOCK COUNTY JAIL,single,13031,"Bulloch County, GA",GA,"17257 HWY 301 N, STATESBORO, GA 30458",single,1,,,,,,,,,,,,,,,,IGSA,single,1,DMCP,single,1,,,,,,,11,single,1,BULLOCH,single,1,ATL,single,1,,,,,,,,,,ATL,single,1,8/1/2006,single,1,,,,,,,,,,,,,,,,,,,,,,,,,,,,,,,,,,9/1/2006,single,1,,,,,,,,,,,,,,,,yes,single,1
BURLEND,detention,BURLEIGH COUNTY,converged,38015,"Burleigh County, ND",ND,"P.O. BOX 1416, BISMARCK, ND 58502",converged,2,5.5,single,1,3.5,single,1,2.4,single,1,0.7,single,1,12.1,single,1,USMS IGA,conflict,2,DMCP,single,1,25.7,single,1,,,,8,single,1,BURLEIGH,single,1,SPM,single,1,,,,0.1,single,1,0.6,single,1,SPM,converged,2,9/7/1995,single,1,Female/Male,single,1,,,,,,,1.1,single,1,0.7,single,1,1,single,1,,,,,,,Scheduled FY26,single,1,,,,,,,4/18/2012,single,1,1.3,single,1,10.1,single,1,5.5,single,1,9.3,single,1,,,,yes,single,1
BURNETX,detention,BURNET COUNTY JAIL,single,48053|48299,"Burnet County, TX|Llano County, TX",TX,"JAIL ADMINISTRATOR, BURNET, TX 78611",single,1,,,,,,,,,,,,,,,,IGSA,single,1,DMCP,single,1,,,,,,,5,single,1,BURNET,single,1,AUS,single,1,,,,,,,,,,SNA,single,1,5/28/1998,single,1,,,,,,,no,single,1,,,,,,,,,,,,,,,,,,,,,,,,,11/4/2017,single,1,,,,,,,,,,,,,,,,yes,single,1
BUTLEKS,detention,BUTLER COUNTY JAIL,single,20015,"Butler County, KS",KS,"701 SE STONE ROAD, EL DORADO, KS 67042",single,1,,,,,,,,,,,,,,,,USMS IGA,single,1,DMCP,single,1,,,,25,single,1,10,single,1,BUTLER,single,1,WIC,single,1,,,,,,,,,,CHI,single,1,5/30/2002,single,1,,,,,,,yes,single,1,,,,,,,,,,,,,,,,,,,,,,,,,11/4/2017,single,1,,,,,,,,,,,,,,,,yes,single,1
BUTLEOH,detention,BUTLER COUNTY JAIL,conflict,39017,"Butler County, OH",OH,"705 HANOVER STREET, HAMILTON, OH 45011",converged,3,186.3,single,1,114.2,single,1,32.8,single,1,20.3,single,1,353.6,single,1,USMS IGA,conflict,2,DMCP,single,1,35,single,1,,,,6,single,1,BUTLER,single,1,CLM,single,1,,,,3.7,single,1,20.5,single,1,DET,converged,3,10/3/2002,single,1,Female/Male,single,1,,,,yes,single,1,25.2,single,1,19,single,1,39.9,single,1,,,,Fail,single,1,Scheduled FY27,single,1,ORSA NDS 2019,single,1,ORSA,single,1,11/4/2017,single,1,56.7,single,1,272.7,single,1,209.9,single,1,269.4,single,1,(513) 785-1106,single,1,yes,single,1
BUTLEPA,detention,BUTLER COUNTY JAIL (PENNSYLVANIA),single,42019,"Butler County, PA",PA,"121 VOGELEY WAY, BUTLER, PA 16001",single,1,,,,,,,,,,,,,,,,IGSA,single,1,DMCP,single,1,,,,,,,3,single,1,BUTLER,single,1,PIT,single,1,,,,,,,,,,PHI,single,1,9/21/1986,single,1,,,,,,,yes,single,1,,,,,,,,,,,,,,,,,,,,,,,,,7/4/2006,single,1,,,,,,,,,,,,,,,,yes,single,1
BVRHDMT,detention,BEAVERHEAD COUNTY DETENTION CENTER,single,30001,"Beaverhead County, MT",MT,"2 SOUTH PACIFIC, DILLON, MT 59725",single,1,,,,,,,,,,,,,,,,IGSA,single,1,DMCP,single,1,,,,,,,9,single,1,DENVER,single,1,HEL,single,1,,,,,,,,,,SLC,single,1,12/19/2007,single,1,,,,,,,,,,,,,,,,,,,,,,,,,,,,,,,,,,1/11/2008,single,1,,,,,,,,,,,,,,,,yes,single,1
BWDGICA,detention,BEST WESTERN DRAGON GATE INN,single,06037,"Los Angeles County, CA",CA,"818 N. HILL ST., LOS ANGELES, CA 90012",single,1,,,,,,,,,,,,,,,,Other,single,1,OTHER,single,1,,,,,,,9,single,1,LOS ANGELES,single,1,LOS,single,1,,,,,,,,,,LOS,single,1,5/14/2008,single,1,,,,,,,,,,,,,,,,,,,Los Angeles – N. Los Angeles Street Immigration Court (co-located — same ZIP),single,1,,,,,,,,,,,,,10/18/2017,single,1,,,,,,,,,,,,,,,,no,single,1
BWMARCA,detention,BEST WESTERN MARINA,single,06073,"San Diego County, CA",CA,"800 BAY MARINA DR, NATIONAL CITY, CA 91950",single,1,,,,,,,,,,,,,,,,Other,single,1,OTHER,single,1,,,,,,,9,single,1,SAN DIEGO,single,1,,,,,,,,,,,,,SND,single,1,1/16/2017,single,1,,,,,,,,,,,,,,,,,,,,,,,,,,,,,,,,,,2/5/2017,single,1,,,,,,,,,,,,,,,,no,single,1
CACCJAM,detention,SCC/JAMESTOWN,single,06109,"Tuolumne County, CA",CA,"5100 O'BRYNES FERRY ROAD, JAMESTOWN, CA 95327",single,1,,,,,,,,,,,,,,,,Other,single,1,DMCP,single,1,,,,,,,9,single,1,COUNTY,single,1,SFR,single,1,,,,,,,,,,SFR,single,1,8/15/2014,single,1,,,,,,,,,,,,,,,,,,,,,,,,,,,,,,,,,,8/18/2014,single,1,,,,,,,,,,,,,,,,yes,single,1
CACFBAK,detention,BAKER CALIFORNIA CORRECTIONAL FACILITY (CCF),single,06071,"San Bernardino County, CA",CA,"10 LAKEVIEW DRIVE, BAKER, CA 92309",single,1,,,,,,,,,,,,,,,,IGSA,single,1,DMCP,single,1,,,,,,,9,single,1,BAKER,single,1,SND,single,1,,,,,,,,,,LOS,single,1,,,,,,,,,,,,,,,,,,,,,,,,,,,,,,,,,,,,,,,,,,,,,,,,,,,,,,,yes,single,1
CACFDON,detention,RJ DONOVAN CORRECTIONAL FACILITY,single,06073,"San Diego County, CA",CA,"480 ALTA ROAD, SAN DIEGO, CA 92104",single,1,,,,,,,,,,,,,,,,Other,single,1,DMCP,single,1,,,,,,,9,single,1,SAN DIEGO,single,1,SND,single,1,,,,,,,,,,SND,single,1,7/12/1996,single,1,,,,,,,,,,,,,,,,,,,,,,,,,,,,,,,,,,12/12/2016,single,1,,,,,,,,,,,,,,,,yes,single,1
CACFLEO,detention,CCF/LEO CHESNEY,single,06101,"Sutter County, CA",CA,"2800 APPRICOT ST, LIVE OAK, CA 95953",single,1,,,,,,,,,,,,,,,,Other,single,1,DMCP,single,1,,,,,,,9,single,1,SUTTER,single,1,,,,,,,,,,,,,SFR,single,1,,,,,,,,,,,,,,,,,,,,,,,,,,,,,,,,,,,,,,,,,,,,,,,,,,,,,,,yes,single,1
CACFMES,detention,MESA VERDE ICE PROCESSING CENTER,conflict,06029,"Kern County, CA",CA,"425 GOLDEN STATE AVE, BAKERSFIELD, CA 93301",conflict,3,197.1,single,1,34.9,single,1,55.2,single,1,56.5,single,1,343.7,single,1,CDF,conflict,2,DMCP,single,1,54.2,single,1,400,single,1,9,single,1,KERN,single,1,BKI,single,1,DIGSA,single,1,0,single,1,0.2,single,1,SFR,converged,3,3/20/2015,single,1,Male,single,1,320,converged,2,yes,single,1,57.8,single,1,22.6,single,1,28.3,single,1,,,,Pass,single,1,2025-04-17,single,1,PBNDS 2011 - 2016 Revisions,single,1,ODO,single,1,11/4/2017,single,1,79.4,single,1,264.1,single,1,105.4,single,1,235.1,single,1,(661) 859-1028,single,1,yes,single,1
CACHEUT,detention,CACHE COUNTY JAIL,converged,49005,"Cache County, UT",UT,"50 WEST 200 NORTH, LOGAN, UT 84321",converged,2,0.7,single,1,0.5,single,1,0.1,single,1,0.1,single,1,1.4,single,1,USMS IGA,converged,2,DMCP,single,1,3.1,single,1,,,,10,single,1,CACHE,single,1,SLC,single,1,,,,0,single,1,0.1,single,1,SLC,converged,2,6/12/1997,single,1,Female/Male,single,1,,,,yes,single,1,0.3,single,1,0.3,single,1,0.2,single,1,,,,,,,,,,,,,,,,11/4/2017,single,1,0.4,single,1,1,single,1,0.9,single,1,0.7,single,1,,,,yes,single,1
CACTYCA,detention,CALIFORNIA CITY IMMIGRATION PROCESSING CENTER,conflict,06029,"Kern County, CA",CA,"22844 VIRGINIA BOULEVARD, CALIFORNIA CITY, CA 93505",converged,3,791.8,single,1,172.2,single,1,199.7,single,1,262,single,1,1425.7,single,1,CDF,conflict,2,DMCP,single,1,56.9,single,1,200,single,1,9,single,1,KERN,single,1,BKI,single,1,,,,36.4,single,1,161.4,single,1,SFR,converged,3,3/7/2011,single,1,Female/Male,single,1,2560,single,1,yes,single,1,281.2,single,1,90.9,single,1,105.8,single,1,,,,Pass,single,1,2025-04-18,single,1,NDS 2019,single,1,Pre-Occupancy,single,1,11/28/2013,single,1,331.6,single,1,896.2,single,1,514.9,single,1,947.8,single,1,(760) 491-8104,single,1,yes,single,1
CADCCAL,detention,CDC CALIPATRIA IHP,single,06025,"Imperial County, CA",CA,"7018 BLAIR ROAD, CALIPATRIA, CA 92233",single,1,,,,,,,,,,,,,,,,IGSA,single,1,DMCP,single,1,,,,,,,9,single,1,COUNTY,single,1,IMP,single,1,,,,,,,,,,SND,single,1,2/26/2014,single,1,,,,,,,yes,single,1,,,,,,,,,,,,,,,,,,,,,,,,,1/12/2015,single,1,,,,,,,,,,,,,,,,yes,single,1
CAHBOYS,detention,HOSANNA HOMES FOR BOYS,single,06001,"Alameda County, CA",CA,"9990 CROW CANYON ROAD, CASTRO VALLEY, CA 94552",single,1,,,,,,,,,,,,,,,,IGSA,single,1,JFRMU,single,1,,,,,,,9,single,1,ALAMEDA,single,1,SFR,single,1,JUVENILE,single,1,,,,,,,SFR,single,1,11/28/1995,single,1,,,,,,,,,,,,,,,,,,,,,,,,,,,,,,,,,,6/28/2006,single,1,,,,,,,,,,,,,,,,no,single,1
CAHGIRL,detention,HOSANA GIRLS RANCH,single,06001,"Alameda County, CA",CA,"6625 CROW CANYON ROAD, CASTRO VALLEY, CA 94552",single,1,,,,,,,,,,,,,,,,IGSA,single,1,JFRMU,single,1,,,,,,,9,single,1,ALAMEDA,single,1,SFR,single,1,JUVENILE,single,1,,,,,,,SFR,single,1,2/14/1998,single,1,,,,,,,,,,,,,,,,,,,,,,,,,,,,,,,,,,6/28/2006,single,1,,,,,,,,,,,,,,,,no,single,1
CAJUVMN,detention,CARVER COUNTY JUVENILE DETENTION CENTER,single,27019,"Carver County, MN",MN,"600 EAST FOURTH ST., CHASKA, MN 55318",single,1,,,,,,,,,,,,,,,,IGSA,single,1,JFRMU,single,1,,,,,,,8,single,1,CARVER,single,1,SPM,single,1,JUVENILE,single,1,,,,,,,SPM,single,1,9/11/1995,single,1,,,,,,,no,single,1,,,,,,,,,,,,,,,,,,,,,,,,,11/4/2017,single,1,,,,,,,,,,,,,,,,no,single,1
CALCALA,detention,CALCASIEU PARISH,single,22019,"Calcasieu Parish, LA",LA,"5410 EAST BROAD STREET, LAKE CHARLES, LA 70601",single,1,,,,,,,,,,,,,,,,IGSA,single,1,DMCP,single,1,,,,,,,5,single,1,CALCASIEU,single,1,OAK,single,1,,,,,,,,,,NOL,single,1,7/20/1987,single,1,,,,,,,yes,single,1,,,,,,,,,,,,,,,,,,,,,,,,,4/20/2008,single,1,,,,,,,,,,,,,,,,yes,single,1
CALDWMO,detention,CALDWELL COUNTY DETENTION CENTER,single,29025,"Caldwell County, MO",MO,"280 WEST MAIN STREET, KINGSTON, MO 64650",single,1,,,,,,,,,,,,,,,,IGSA,single,1,DMCP,single,1,,,,,,,8,single,1,CALDWELL,single,1,KAN,single,1,,,,,,,,,,CHI,single,1,1/19/2004,single,1,,,,,,,yes,single,1,,,,,,,,,,,,,,,,,,,,,,,,,11/4/2017,single,1,,,,,,,,,,,,,,,,yes,single,1
CALDWTX,detention,CALDWELL COUNTY JAIL,single,48055,"Caldwell County, TX",TX,"C/O SHERIFF, LOCKHART, TX 78644",single,1,,,,,,,,,,,,,,,,IGSA,single,1,DMCP,single,1,,,,,,,5,single,1,CALDWELL,single,1,SNA,single,1,,,,,,,,,,SNA,single,1,4/5/2004,single,1,,,,,,,,,,,,,,,,,,,,,,,,,,,,,,,,,,8/29/2007,single,1,,,,,,,,,,,,,,,,yes,single,1
CALHOMI,detention,CALHOUN COUNTY CORRECTIONAL CENTER,converged,26025|26045,"Calhoun County, MI|Eaton County, MI",MI,"185 EAST MICHIGAN AVENUE, BATTLE CREEK, MI 49014",conflict,3,145.9,single,1,13,single,1,7.6,single,1,7.6,single,1,174.1,single,1,IGSA,converged,2,DMCP,single,1,49.7,single,1,125,single,1,6,single,1,BRANCH,single,1,DET,single,1,,,,0.2,single,1,19.9,single,1,DET,converged,3,7/25/1995,single,1,Female/Male,single,1,200,conflict,2,yes,single,1,9.2,single,1,3.6,single,1,10.8,single,1,,,,Pass,single,1,Scheduled FY26,single,1,NDS 2019,single,1,ODO,single,1,11/4/2017,single,1,16.9,single,1,137,single,1,97.8,single,1,150.5,single,1,(313) 771-6601,single,1,yes,single,1
CALLAMO,detention,CALLAWAY COUNTY JAIL,single,29027,"Callaway County, MO",MO,"1201 STATE ROAD O, FULTON, MO 65251",single,1,,,,,,,,,,,,,,,,IGSA,single,1,DMCP,single,1,,,,,,,8,single,1,CALLAWAY,single,1,KAN,single,1,,,,,,,,,,CHI,single,1,7/19/2000,single,1,,,,,,,,,,,,,,,,,,,,,,,,,,,,,,,,,,1/9/2003,single,1,,,,,,,,,,,,,,,,yes,single,1
CAMBRPA,detention,CAMBRIA COUNTY PRISON,conflict,42021,"Cambria County, PA",PA,"425 MANOR DRIVE, EBENSBURG, PA 15931",converged,2,37.9,single,1,4,single,1,4.7,single,1,4.7,single,1,51.3,single,1,USMS IGA,converged,2,DMCP,single,1,13.5,single,1,15,single,1,3,single,1,CAMBRIA,single,1,YRK,single,1,,,,1.5,single,1,13.3,single,1,PHI,converged,2,5/19/1987,single,1,Female/Male,single,1,,,,yes,single,1,6.4,single,1,2,single,1,6.3,single,1,,,,Pass,single,1,2026-07-02,single,1,FPBDS,single,1,ODO OASIP,single,1,11/4/2017,single,1,8,single,1,28.4,single,1,23.6,single,1,36.5,single,1,,,,yes,single,1
CAMCOWY,detention,CAMPBELL COUNTY JAIL,single,56005,"Campbell County, WY",WY,"600 WEST BOXELDER, GILLETTE, WY 82718",single,1,,,,,,,,,,,,,,,,IGSA,single,1,DMCP,single,1,,,,,,,10,single,1,CAMPBELL,single,1,DEN,single,1,,,,,,,,,,DEN,single,1,9/3/1991,single,1,,,,,,,no,single,1,,,,,,,,,,,,,,,,,,,,,,,,,4/13/2009,single,1,,,,,,,,,,,,,,,,yes,single,1
CAMDENJ,detention,CAMDEN COUNTY JAIL,single,34007,"Camden County, NJ",NJ,"830 FEDERAL STREET, CAMDEN, NJ 08101",single,1,,,,,,,,,,,,,,,,IGSA,single,1,DMCP,single,1,,,,,,,3,single,1,CAMDEN,single,1,NEW,single,1,,,,,,,,,,NEW,single,1,3/12/1996,single,1,,,,,,,,,,,,,,,,,,,,,,,,,,,,,,,,,,2/25/2004,single,1,,,,,,,,,,,,,,,,yes,single,1
CAMEDAZ,detention,CENTRAL ARIZONA MEDICAL,single,04021,"Pinal County, AZ",AZ,"450 ADAMSVILLE, FLORENCE, AZ 85232",single,1,,,,,,,,,,,,,,,,Other,single,1,OTHER,single,1,,,,,,,9,single,1,PINAL,single,1,FLO,single,1,HOSPITAL,single,1,,,,,,,PHO,single,1,5/2/1989,single,1,,,,,,,,,,,,,,,,,,,,,,,,,,,,,,,,,,5/2/2012,single,1,,,,,,,,,,,,,,,,no,single,1
CAMENCE,detention,CALIF. MEN COLONY EAST,single,06079,"San Luis Obispo County, CA",CA,"HIGHWAY 1  PO BOX 8101, SAN LUIS OBISPO, CA 93409",single,1,,,,,,,,,,,,,,,,Other,single,1,DMCP,single,1,,,,,,,9,single,1,SAN LUIS OBISPO,single,1,,,,,,,,,,,,,LOS,single,1,12/29/1989,single,1,,,,,,,,,,,,,,,,,,,,,,,,,,,,,,,,,,6/18/1990,single,1,,,,,,,,,,,,,,,,yes,single,1
CAMENCW,detention,CALIF. MEN COLONY WEST,single,06079,"San Luis Obispo County, CA",CA,"HIGHWAY 1 PO BOX 8101, SAN LUIS OBISPO, CA 93409",single,1,,,,,,,,,,,,,,,,Other,single,1,DMCP,single,1,,,,,,,9,single,1,SAN LUIS OBISPO,single,1,,,,,,,,,,,,,LOS,single,1,11/28/1989,single,1,,,,,,,,,,,,,,,,,,,,,,,,,,,,,,,,,,2/25/1999,single,1,,,,,,,,,,,,,,,,yes,single,1
CAMERTX,detention,CAMERON COUNTY JAIL,single,48061,"Cameron County, TX",TX,"954 E. HARRISON, BROWNSVILLE, TX 78520",single,1,,,,,,,,,,,,,,,,IGSA,single,1,DMCP,single,1,,,,,,,5,single,1,CAMERON,single,1,PIC,single,1,,,,,,,,,,SNA,single,1,2/13/1996,single,1,,,,,,,yes,single,1,,,,,,,,,,,,,,,,,,,,,,,,,3/14/2017,single,1,,,,,,,,,,,,,,,,yes,single,1
CANADOK,detention,CANDIAN COUNTY (EL RENO),single,40017,"Canadian County, OK",OK,"208 W. ROGERS, EL RENO, OK 73036",single,1,,,,,,,,,,,,,,,,IGSA,single,1,DMCP,single,1,,,,,,,10,single,1,CANADIAN,single,1,OKC,single,1,,,,,,,,,,DAL,single,1,4/19/1991,single,1,,,,,,,yes,single,1,,,,,,,,,,,,,,,,,,,,,,,,,2/26/2007,single,1,,,,,,,,,,,,,,,,yes,single,1
CANYNID,detention,CANYON COUNTY JAIL - DALE G HAILE DET CEN,single,16027,"Canyon County, ID",ID,"219 N. 12TH AVENUE, CALDWELL, ID 83605",single,1,,,,,,,,,,,,,,,,IGSA,single,1,DMCP,single,1,,,,,,,9,single,1,CANYON,single,1,HEL,single,1,,,,,,,,,,SLC,single,1,3/11/2004,single,1,,,,,,,,,,,,,,,,,,,,,,,,,,,,,,,,,,8/14/2007,single,1,,,,,,,,,,,,,,,,yes,single,1
CARBOPA,detention,CARBON COUNTY CORRECTIONL,single,42025|42107,"Carbon County, PA|Schuylkill County, PA",PA,"ROUTE 93 & BROAD STREET, NESQUEHONING, PA 18240",single,1,,,,,,,,,,,,,,,,IGSA,single,1,DMCP,single,1,,,,,,,3,single,1,CARBON,single,1,PHI,single,1,,,,,,,,,,PHI,single,1,6/3/1998,single,1,,,,,,,yes,single,1,,,,,,,,,,,,,,,,,,,,,,,,,9/19/2013,single,1,,,,,,,,,,,,,,,,yes,single,1
CARBOWY,detention,CARBON COUNTY JAIL,single,56007|56013,"Carbon County, WY|Fremont County, WY",WY,"BOX 190, RAWLINS, WY 82301",single,1,,,,,,,,,,,,,,,,IGSA,single,1,DMCP,single,1,,,,,,,10,single,1,CARBON,single,1,DEN,single,1,,,,,,,,,,DEN,single,1,11/1/1990,single,1,,,,,,,,,,,,,,,,,,,,,,,,,,,,,,,,,,4/28/2009,single,1,,,,,,,,,,,,,,,,yes,single,1
CARDFVA,detention,CAROLINE DETENTION FACILITY,converged,51033,"Caroline County, VA",VA,"11093 S.W. LEWIS MEMORIAL DRIVE, BOWLING GREEN, VA 22427",conflict,3,140.5,single,1,83.8,single,1,51.1,single,1,59.7,single,1,335.1,single,1,DIGSA,converged,2,,,,37.4,single,1,,,,4,single,1,Caroline,single,1,,,,,,,4,single,1,22.7,single,1,WAS,converged,3,,,,Female/Male,single,1,224,converged,2,yes,single,1,71,single,1,27.4,single,1,27.6,single,1,,,,Pass,single,1,2026-02-12,single,1,PBNDS 2011 - 2016 Revisions,single,1,ODO,single,1,,,,99.3,single,1,209.2,single,1,178.7,single,1,209.1,single,1,(804) 633-0043,single,1,,,
CARJAMN,detention,CARVER COUNTY JAIL,single,27019,"Carver County, MN",MN,"600 EAST FOURTH ST., CHASKA, MN 55318",single,1,,,,,,,,,,,,,,,,IGSA,single,1,DMCP,single,1,,,,,,,8,single,1,CARVER,single,1,SPM,single,1,,,,,,,,,,SPM,single,1,10/31/1990,single,1,,,,,,,yes,single,1,,,,,,,,,,,,,,,,,,,,,,,,,11/4/2017,single,1,,,,,,,,,,,,,,,,yes,single,1
CARROMD,detention,CARROLL COUNTY DETENTION CENTER,single,24013,"Carroll County, MD",MD,"100 NORTH COURT STREET, WESTMINSTER, MD 21157",single,1,,,,,,,,,,,,,,,,IGSA,single,1,DMCP,single,1,,,,,,,4,single,1,CARROLL,single,1,BAL,single,1,,,,,,,,,,BAL,single,1,2/3/2000,single,1,,,,,,,yes,single,1,,,,,,,,,,,,,,,,,,,,,,,,,5/12/2013,single,1,,,,,,,,,,,,,,,,yes,single,1
CARTEOK,detention,CARTER COUNTY (ARDMORE OKLAHOMA),single,40019|40069|40085|40095,"Carter County, OK|Johnston County, OK|Love County, OK|Marshall County, OK",OK,"100 S. WASHINGTON, ARDMORE, OK 73401",single,1,,,,,,,,,,,,,,,,IGSA,single,1,DMCP,single,1,,,,,,,10,single,1,CARTER,single,1,OKC,single,1,,,,,,,,,,DAL,single,1,8/2/1989,single,1,,,,,,,no,single,1,,,,,,,,,,,,,,,,,,,,,,,,,10/12/2000,single,1,,,,,,,,,,,,,,,,yes,single,1
CASCAMT,detention,"CASCADE COUNTY JAIL, MT",conflict,30013|30015,"Cascade County, MT|Chouteau County, MT",MT,"3800 ULM NORTH FRONTAGE ROAD, GREAT FALLS, MT 59404",converged,2,2,single,1,1.4,single,1,0.4,single,1,0.2,single,1,4,single,1,USMS IGA,converged,2,DMCP,single,1,4.7,single,1,35,single,1,9,single,1,CASCADE,single,1,HEL,single,1,,,,0,single,1,0.1,single,1,SLC,converged,2,1/18/1991,single,1,Male,single,1,,,,yes,single,1,0.3,single,1,0.2,single,1,0.6,single,1,,,,Fail,single,1,Scheduled FY27,single,1,NDS 2019,single,1,ODO,single,1,11/4/2017,single,1,0.6,single,1,3.4,single,1,2.7,single,1,3,single,1,,,,yes,single,1
CASPCAL,detention,CALIPATRIA STATE,single,06025,"Imperial County, CA",CA,"7018 BLAIR ROAD, CALIPATRIA, CA 92233",single,1,,,,,,,,,,,,,,,,Other,single,1,DMCP,single,1,,,,,,,9,single,1,IMPERIAL,single,1,LOS,single,1,,,,,,,,,,SND,single,1,6/20/2006,single,1,,,,,,,,,,,,,,,,,,,,,,,,,,,,,,,,,,3/30/2009,single,1,,,,,,,,,,,,,,,,yes,single,1
CASPSAC,detention,CSP-SACRAMENTO,single,06067,"Sacramento County, CA",CA,"100 PRISON ROAD, REPRESA, CA 95671",single,1,,,,,,,,,,,,,,,,IGSA,single,1,DMCP,single,1,,,,,,,9,single,1,SACRAMENTO,single,1,,,,,,,,,,,,,SFR,single,1,,,,,,,,,,,,,,,,,,,,,,,,,,,,,,,,,,,,,,,,,,,,,,,,,,,,,,,yes,single,1
CASPSAT,detention,CALIFORNIA STATE,single,06031|06107,"Kings County, CA|Tulare County, CA",CA,"CA. SUBSTANCE ABUSE TREATMENT FACILITY, CORCORAN, CA 93212",single,1,,,,,,,,,,,,,,,,IGSA,single,1,DMCP,single,1,,,,,,,9,single,1,KINGS,single,1,LOS,single,1,,,,,,,,,,LOS,single,1,7/5/1996,single,1,,,,,,,,,,,,,,,,,,,,,,,,,,,,,,,,,,11/25/2007,single,1,,,,,,,,,,,,,,,,yes,single,1
CASPSOL,detention,CSP-SOLANO,single,06095,"Solano County, CA",CA,"2100 PEABODY ROAD, VACAVILLE, CA 95696",single,1,,,,,,,,,,,,,,,,IGSA,single,1,DMCP,single,1,,,,,,,9,single,1,SOLANO,single,1,SFR,single,1,,,,,,,,,,SFR,single,1,,,,,,,,,,,,,,,,,,,,,,,,,,,,,,,,,,,,,,,,,,,,,,,,,,,,,,,yes,single,1
CASSCIA,detention,CASS COUNTY CORRECTIONAL FACILITY (IOWA),single,19009|19029|19165,"Cass County, IA|Audubon County, IA|Shelby County, IA",IA,"5 W 7TH STREET #H, ATLANTIC, IA 50022",single,1,,,,,,,,,,,,,,,,IGSA,single,1,DMCP,single,1,,,,,,,8,single,1,CASS,single,1,OMA,single,1,,,,,,,,,,SPM,single,1,3/21/1997,single,1,,,,,,,,,,,,,,,,,,,,,,,,,,,,,,,,,,11/14/2002,single,1,,,,,,,,,,,,,,,,yes,single,1
CASSCND,detention,CASS COUNTY JAIL,single,38017,"Cass County, ND",ND,"450 34TH STREET SOUTH, FARGO, ND 58107",single,1,,,,,,,,,,,,,,,,IGSA,single,1,DMCP,single,1,,,,,,,8,single,1,CASS,single,1,SPM,single,1,,,,,,,,,,SPM,single,1,10/22/1992,single,1,,,,,,,,,,,,,,,,,,,,,,,,,,,,,,,,,,1/27/2015,single,1,,,,,,,,,,,,,,,,yes,single,1
CASSCNE,detention,CASS COUNTY JAIL,converged,31025,"Cass County, NE",NE,"336 MAIN STREET, PLATTSMOUTH, NE 68048",converged,2,8.5,single,1,1.3,single,1,3.2,single,1,2.3,single,1,15.3,single,1,USMS IGA,converged,2,DMCP,single,1,19.8,single,1,50,single,1,8,single,1,CASS,single,1,OMA,single,1,,,,0.6,single,1,1.2,single,1,SPM,converged,2,11/10/1998,single,1,Female/Male,single,1,,,,yes,single,1,1.7,single,1,2.1,single,1,2.9,single,1,,,,,,,,,,,,,,,,11/4/2017,single,1,4.8,single,1,8.7,single,1,10.6,single,1,8.7,single,1,,,,yes,single,1
CASSJCA,detention,CASA SAN JUAN,single,06073,"San Diego County, CA",CA,"CASA DE SAN JUAN, SAN DIEGO, CA 92103",single,1,,,,,,,,,,,,,,,,IGSA,single,1,JFRMU,single,1,,,,,,,9,single,1,SAN DIEGO,single,1,SND,single,1,JUVENILE,single,1,,,,,,,SND,single,1,2/18/1986,single,1,,,,,,,,,,,,,,,,,,,,,,,,,,,,,,,,,,4/8/2007,single,1,,,,,,,,,,,,,,,,no,single,1
CATAHLA,detention,CATAHOULA CORRECTIONAL CENTER,single,22079,"Rapides Parish, LA",LA,"499 COLUMBIA HARRISONBURG ROAD, HARRISONBURG, LA 71430",single,1,,,,,,,,,,,,,,,,IGSA,single,1,DMCP,single,1,,,,,,,5,single,1,RAPIDES,single,1,OAK,single,1,,,,,,,,,,NOL,single,1,1/31/2000,single,1,,,,,,,yes,single,1,,,,,,,,,,,,,,,,,,,,,,,,,2/16/2005,single,1,,,,,,,,,,,,,,,,yes,single,1
CATFSOL,detention,CTF-SOLEDAD,single,06053,"Monterey County, CA",CA,"P.O. BOX 686, SOLEDAD, CA 93960",single,1,,,,,,,,,,,,,,,,IGSA,single,1,DMCP,single,1,,,,,,,9,single,1,MONTEREY,single,1,SFR,single,1,,,,,,,,,,SFR,single,1,,,,,,,,,,,,,,,,,,,,,,,,,,,,,,,,,,,,,,,,,,,,,,,,,,,,,,,yes,single,1
CATTANY,detention,CATTARAUGUS COUNTY JAIL,single,36009,"Cattaraugus County, NY",NY,"301 COURT STREET, LITTLE VALLEY, NY 14755",single,1,,,,,,,,,,,,,,,,IGSA,single,1,DMCP,single,1,,,,,,,2,single,1,CATTARAUGUS,single,1,BUF,single,1,,,,,,,,,,BUF,single,1,8/26/1993,single,1,,,,,,,yes,single,1,,,,,,,,,,,,,,,,,,,,,,,,,8/1/2012,single,1,,,,,,,,,,,,,,,,yes,single,1
CAYTHGS,detention,HERMAN G. STARKS YTS,single,06037|06071,"San Bernardino County, CA|Los Angeles County, CA",CA,"15180 EUCLID AVENUE, CHINO, CA 91710",single,1,,,,,,,,,,,,,,,,IGSA,single,1,DMCP,single,1,,,,,,,9,single,1,SAN BERNARDINO,single,1,LOS,single,1,,,,,,,,,,LOS,single,1,7/26/1999,single,1,,,,,,,,,,,,,,,,,,,,,,,,,,,,,,,,,,11/4/2002,single,1,,,,,,,,,,,,,,,,yes,single,1
CAYUGNY,detention,CAYUGA COUNTY JAIL,single,36011|36067,"Cayuga County, NY|Onondaga County, NY",NY,"7445 COUNTY HOUSE RD PO BOX518, AUBURN, NY 13021",single,1,,,,,,,,,,,,,,,,IGSA,single,1,DMCP,single,1,,,,,,,2,single,1,CAYUGA,single,1,BUF,single,1,,,,,,,,,,BUF,single,1,9/5/2002,single,1,,,,,,,yes,single,1,,,,,,,,,,,,,,,,,,,,,,,,,4/7/2016,single,1,,,,,,,,,,,,,,,,yes,single,1
CBENDTX,detention,COASTAL BEND DETENTION FACILITY,conflict,48249|48355,"Nueces County, TX|Jim Wells County, TX",TX,"4909 FM 2826, ROBSTOWN, TX 78380",conflict,3,33.1,single,1,6.7,single,1,6.7,single,1,3.9,single,1,50.4,single,1,USMS IGA,converged,2,DMCP,single,1,5.8,single,1,700,single,1,5,single,1,NUECES,single,1,PIC,single,1,,,,2.9,single,1,11.4,single,1,HLG,conflict,3,6/9/2012,single,1,Female/Male,single,1,,,,yes,single,1,4.4,single,1,3.8,single,1,4.5,single,1,,,,Pass,single,1,2025-02-06,single,1,NDS 2019,single,1,ODO OASIP,single,1,11/4/2017,single,1,6.8,single,1,29.4,single,1,38.2,single,1,37.7,single,1,(361) 767-3400,single,1,yes,single,1
CBPCHLV,detention,CBP CHULA VISTA BPS,single,06073,"San Diego County, CA",CA,"San Diego, CA 92154",single,1,,,,,,,,,,,,,,,,Other,single,1,,,,,,,,,,9,single,1,San Diego,single,1,,,,BPS,single,1,,,,,,,SND,single,1,,,,,,,,,,no,single,1,,,,,,,,,,Otay Mesa Immigration Court (co-located — same ZIP),single,1,,,,,,,,,,,,,,,,,,,,,,,,,,,,,,,,,
CBPSYS,detention,CBP SAN YSIDRO POE,single,06073,"San Diego County, CA",CA,"720 East San Ysidro Blvd, San Ysidro, CA 92173",single,1,,,,,,,,,,,,,,,,Other,single,1,,,,,,,,,,9,single,1,San Diego,single,1,,,,POE,single,1,,,,,,,SND,single,1,,,,,,,,,,no,single,1,,,,,,,,,,,,,,,,,,,,,,,,,,,,,,,,,,,,,,,,,,,,,
CBRRSNC,detention,CABARRUS COUNTY JAIL,single,37025,"Cabarrus County, NC",NC,"30 CORBAN AVENUE SE, CONCORD, NC 28025",single,1,,,,,,,,,,,,,,,,IGSA,single,1,DMCP,single,1,,,,,,,4,single,1,CABARRUS,single,1,CLT,single,1,,,,,,,,,,ATL,single,1,6/2/2009,single,1,,,,,,,no,single,1,,,,,,,,,,,,,,,,,,,,,,,,,11/2/2017,single,1,,,,,,,,,,,,,,,,yes,single,1
CCADCAZ,detention,Central Arizona Florence Correctional Center,conflict,04021,"Pinal County, AZ",AZ,"1100 Bowling Road, Florence, AZ 85132",conflict,2,,,,,,,,,,,,,,,,USMS IGA,single,1,DMCP,single,1,,,,230,single,1,9,single,1,PINAL,single,1,FLO,single,1,,,,,,,,,,PHO,converged,2,1/8/1998,single,1,,,,,,,yes,single,1,,,,,,,,,,Florence Immigration Court (co-located — same ZIP),single,1,,,,,,,,,,,,,9/7/2016,single,1,,,,,,,,,,,,,(520) 868-9095,single,1,yes,single,1
CCAFLAZ,detention,CCA FLORENCE CORRECTIONAL CENTER,single,04021,"Pinal County, AZ",AZ,"1100 BOWLING ROAD, FLORENCE, AZ 85132",single,1,,,,,,,,,,,,,,,,USMS IGA,single,1,DMCP,single,1,,,,806,single,1,9,single,1,PINAL,single,1,FLO,single,1,,,,,,,,,,PHO,single,1,11/4/1987,single,1,,,,,,,yes,single,1,,,,,,,,,,Florence Immigration Court (co-located — same ZIP),single,1,,,,,,,,,,,,,11/4/2017,single,1,,,,,,,,,,,,,,,,yes,single,1
CCAHUTX,detention,T DON HUTTO DETENTION CENTER,conflict,48453|48491,"Williamson County, TX|Travis County, TX",TX,"1001 WELCH STREET, TAYLOR, TX 76574",converged,3,278.9,single,1,40.4,single,1,68.1,single,1,55.8,single,1,443.2,single,1,CDF,conflict,2,JFRMU,single,1,33.2,single,1,512,single,1,5,single,1,WILLIAMSON,single,1,DHD,single,1,FAMILY,single,1,0,single,1,0,single,1,SNA,converged,3,4/13/1998,single,1,Male,single,1,461,converged,2,yes,single,1,47.2,single,1,43.7,single,1,65.4,single,1,,,,Pending Final Report,single,1,2026-07-09,single,1,PBNDS 2011 - 2016 Revisions,single,1,ODO,single,1,11/4/2017,single,1,94,single,1,349.1,single,1,248.3,single,1,286.9,single,1,(512) 218-2400,single,1,no,single,1
CCALEKS,detention,CORRECTIONAL CORPORATION OF AMERICA (JEFFERSON OK,single,20045,"Douglas County, KS",KS,"100 HIGHWAY TERRACE, LEAVENWORTH, KS 66045",single,1,,,,,,,,,,,,,,,,IGSA,single,1,DMCP,single,1,,,,,,,10,single,1,DOUGLAS,single,1,KAN,single,1,,,,,,,,,,CHI,single,1,5/16/1997,single,1,,,,,,,,,,,,,,,,,,,,,,,,,,,,,,,,,,11/27/2003,single,1,,,,,,,,,,,,,,,,yes,single,1
CCANOOH,detention,NORTHEAST OHIO CORRECTIONAL CTR (YOUNGSTOWN CDF),single,39099|39155,"Mahoning County, OH|Trumbull County, OH",OH,"2240 HUBBARD ROAD, YOUNGSTOWN, OH 44505",single,1,,,,,,,,,,,,,,,,CDF,single,1,DMCP,single,1,,,,352,single,1,6,single,1,MAHONING,single,1,CLE,single,1,,,,,,,,,,DET,single,1,12/18/2016,single,1,,,,,,,yes,single,1,,,,,,,,,,,,,,,,,,,,,,,,,11/4/2017,single,1,,,,,,,,,,,,,,,,yes,single,1
CCASDCA,detention,OTAY MESA DETENTION CENTER,conflict,06073,"San Diego County, CA",CA,"7488 CALZADA DE LA FUENTE, SAN DIEGO, CA 92154",converged,2,877,single,1,205.4,single,1,76.1,single,1,72.9,single,1,1231.4,single,1,CDF,converged,2,DMCP,single,1,61.2,single,1,896,single,1,9,single,1,SAN DIEGO,single,1,SND,single,1,USMS CDF,single,1,13.6,single,1,195.9,single,1,SND,converged,2,9/5/1998,single,1,Female/Male,single,1,750,conflict,2,yes,single,1,116.9,single,1,42.6,single,1,90.2,single,1,Otay Mesa Immigration Court (co-located — same ZIP),single,1,Pass,single,1,2026-02-26,single,1,PBNDS 2011 - 2016 Revisions,single,1,ODO,single,1,11/4/2017,single,1,189.8,single,1,832.2,single,1,463,single,1,981.7,single,1,,,,yes,single,1
CCFAMNV,detention,CC FAMILY & YOUTH SERVICE,single,32003,"Clark County, NV",NV,"CLARK COUNTY FAMILY & YOUTH SERVICES, LAS VEGAS, NV 89101",single,1,,,,,,,,,,,,,,,,IGSA,single,1,JFRMU,single,1,,,,,,,9,single,1,CLARK,single,1,LVG,single,1,JUVENILE,single,1,,,,,,,SLC,single,1,10/23/1991,single,1,,,,,,,,,,,,,,,,,,,,,,,,,,,,,,,,,,12/15/2003,single,1,,,,,,,,,,,,,,,,no,single,1
CCHHSIL,detention,COOK COUNTY HOSPITAL-JHS,single,17031,"Cook County, IL",IL,"1969 W OGDEN AVE, CHICAGO, IL 60612",single,1,,,,,,,,,,,,,,,,Other,single,1,OTHER,single,1,,,,,,,7,single,1,COOK,single,1,,,,HOSPITAL,single,1,,,,,,,CHI,single,1,8/29/2016,single,1,,,,,,,,,,,,,,,,,,,,,,,,,,,,,,,,,,9/1/2016,single,1,,,,,,,,,,,,,,,,no,single,1
CCHOSIL,detention,COOK COUNTY HOSPITAL,single,17031,"Cook County, IL",IL,"1900 WEST POLK ST, CHICAGO, IL 60612",single,1,,,,,,,,,,,,,,,,Other,single,1,OTHER,single,1,,,,,,,7,single,1,COOK,single,1,CHI,single,1,HOSPITAL,single,1,,,,,,,CHI,single,1,2/3/2006,single,1,,,,,,,,,,,,,,,,,,,,,,,,,,,,,,,,,,2/8/2006,single,1,,,,,,,,,,,,,,,,no,single,1
CEDARNE,detention,CEDAR COUNTY JAIL,single,31027|31051,"Cedar County, NE|Dixon County, NE",NE,"101 EAST CENTRE STREET, HARTINGTON, NE 68739",single,1,,,,,,,,,,,,,,,,IGSA,single,1,DMCP,single,1,,,,,,,8,single,1,CEDAR,single,1,OMA,single,1,,,,,,,,,,SPM,single,1,2/7/2003,single,1,,,,,,,,,,,,,,,,,,,,,,,,,,,,,,,,,,2/9/2003,single,1,,,,,,,,,,,,,,,,yes,single,1
CEMEDFL,detention,CEDARS MEDICAL CENTER,single,12086,"Miami-Dade County, FL",FL,"1400 NW 12TH AVE, MIAMI, FL 33136",single,1,,,,,,,,,,,,,,,,Other,single,1,OTHER,single,1,,,,,,,11,single,1,MIAMI-DADE,single,1,KRO,single,1,HOSPITAL,single,1,,,,,,,MIA,single,1,3/9/1999,single,1,,,,,,,,,,,,,,,,,,,,,,,,,,,,,,,,,,8/10/2016,single,1,,,,,,,,,,,,,,,,no,single,1
CENTRPA,detention,CENTRE COUNTY JAIL,single,42027,"Centre County, PA",PA,"COURTHOUSE, BELLEFONTE, PA 16823",single,1,,,,,,,,,,,,,,,,IGSA,single,1,DMCP,single,1,,,,,,,3,single,1,CENTRE,single,1,PIT,single,1,,,,,,,,,,PHI,single,1,10/26/2005,single,1,,,,,,,,,,,,,,,,,,,,,,,,,,,,,,,,,,10/27/2005,single,1,,,,,,,,,,,,,,,,yes,single,1
CENTRWV,detention,CENTRAL REGIONAL JAIL,single,54007|54067,"Braxton County, WV|Nicholas County, WV",WV,"300 DAYS DRIVE, SUTTON, WV 26601",single,1,,,,,,,,,,,,,,,,IGSA,single,1,DMCP,single,1,,,,,,,4,single,1,BRAXTON,single,1,CHS,single,1,,,,,,,,,,PHI,single,1,1/29/2013,single,1,,,,,,,yes,single,1,,,,,,,,,,,,,,,,,,,,,,,,,1/29/2013,single,1,,,,,,,,,,,,,,,,yes,single,1
CFALSMT,detention,COLUMBIA FALLS POLICE DEPARTMENT,single,30029,"Flathead County, MT",MT,"130 6TH ST. W., COLUMBIA FALLS, MT 59912",single,1,,,,,,,,,,,,,,,,IGSA,single,1,DMCP,single,1,,,,,,,9,single,1,FLATHEAD,single,1,HEL,single,1,,,,,,,,,,SLC,single,1,1/23/2005,single,1,,,,,,,,,,,,,,,,,,,,,,,,,,,,,,,,,,3/29/2006,single,1,,,,,,,,,,,,,,,,yes,single,1
CFREDVA,detention,CLARKE FREDK WINCH.,single,51069,"Frederick County, VA",VA,"141 FT COLLIER ROAD, WINCHESTER, VA 22603",single,1,,,,,,,,,,,,,,,,IGSA,single,1,DMCP,single,1,,,,,,,4,single,1,FREDERICK,single,1,WAS,single,1,,,,,,,,,,WAS,single,1,5/29/1991,single,1,,,,,,,yes,single,1,,,,,,,,,,,,,,,,,,,,,,,,,10/29/2008,single,1,,,,,,,,,,,,,,,,yes,single,1
CGRMCAZ,detention,CASA GRANDE REGIONAL MEDICAL CENTER,single,04021,"Pinal County, AZ",AZ,"1800 E. FLORENCE BL., CASA GRANDE, AZ 85222",single,1,,,,,,,,,,,,,,,,Other,single,1,OTHER,single,1,,,,,,,9,single,1,PINAL,single,1,FLO,single,1,HOSPITAL,single,1,,,,,,,PHO,single,1,11/7/2002,single,1,,,,,,,,,,,,,,,,,,,,,,,,,,,,,,,,,,3/12/2015,single,1,,,,,,,,,,,,,,,,no,single,1
CHACONY,detention,CHAUTAUQUA COUNTY JAIL,single,36013,"Chautauqua County, NY",NY,"15 E. CHAUTAUQUA STREET, MAYVILLE, NY 14757",single,1,,,,,,,,,,,,,,,,IGSA,single,1,DMCP,single,1,,,,,,,2,single,1,CHAUTAUQUA,single,1,BUF,single,1,,,,,,,,,,BUF,single,1,10/29/1987,single,1,,,,,,,yes,single,1,,,,,,,,,,,,,,,,,,,,,,,,,11/4/2017,single,1,,,,,,,,,,,,,,,,yes,single,1
CHAFFCO,detention,CHAFFEE COUNTY JAIL,single,08015|08043,"Chaffee County, CO|Fremont County, CO",CO,"P.O. BOX 699, SALIDA, CO 81201",single,1,,,,,,,,,,,,,,,,IGSA,single,1,DMCP,single,1,,,,,,,10,single,1,CHAFFEE,single,1,DEN,single,1,,,,,,,,,,DEN,single,1,7/31/1997,single,1,,,,,,,no,single,1,,,,,,,,,,,,,,,,,,,,,,,,,4/17/2008,single,1,,,,,,,,,,,,,,,,yes,single,1
CHAHOLD,detention,CHARLOTTE AMALIE HOLDROOM,single,78030,"St. Thomas Island, VI",VI,"UNAVAILABLE, ST. THOMAS, VI 00801",single,1,,,,,,,,,,,,,,,,Other,single,1,DMCP,single,1,,,,,,,3,single,1,ST. THOMAS,single,1,CHA,single,1,HOLD,single,1,,,,,,,MIA,single,1,6/6/2011,single,1,,,,,,,no,single,1,,,,,,,,,,,,,,,,,,,,,,,,,7/26/2017,single,1,,,,,,,,,,,,,,,,yes,single,1
CHARLSC,detention,CHARLESTON COUNTY DETENTION CENTER,single,45019,"Charleston County, SC",SC,"3841 LEEDS AVENUE, NORTH CHARLESTON, SC 29405",single,1,,,,,,,,,,,,,,,,USMS IGA,single,1,DMCP,single,1,,,,256,single,1,4,single,1,CHARLESTON,single,1,CHL,single,1,,,,,,,,,,ATL,single,1,10/31/1997,single,1,,,,,,,yes,single,1,,,,,,,,,,,,,,,,,,,,,,,,,11/4/2017,single,1,,,,,,,,,,,,,,,,yes,single,1
CHARLSD,detention,CHARLES MIX COUNTY,single,46023,"Charles Mix County, SD",SD,"501 EAST LAKE STREET, LAKE ANDES, SD 57356",single,1,,,,,,,,,,,,,,,,IGSA,single,1,DMCP,single,1,,,,,,,8,single,1,CHARLES MIX,single,1,SPM,single,1,,,,,,,,,,SPM,single,1,9/20/1998,single,1,,,,,,,,,,,,,,,,,,,,,,,,,,,,,,,,,,5/4/2003,single,1,,,,,,,,,,,,,,,,yes,single,1
CHASEKS,detention,CHASE COUNTY JAIL,conflict,20017,"Chase County, KS",KS,"301 SOUTH WALNUT STREET, COTTONWOOD FALL, KS 66845",conflict,3,55,single,1,19,single,1,18.4,single,1,20.9,single,1,113.3,single,1,IGSA,converged,2,DMCP,single,1,23.1,single,1,,,,10,single,1,CHASE,single,1,WIC,single,1,,,,3,single,1,14.7,single,1,CHI,converged,3,7/25/1994,single,1,Female/Male,single,1,,,,yes,single,1,17.6,single,1,8.8,single,1,21.1,single,1,,,,Pass,single,1,2025-03-13,single,1,NDS 2019,single,1,ODO,single,1,11/4/2017,single,1,33.8,single,1,61.7,single,1,73.9,single,1,65.8,single,1,(620) 273-7054,single,1,yes,single,1
CHATHGA,detention,CHATHAM COUNTY JAIL,single,13051,"Chatham County, GA",GA,"1050 CARL GRIFFEN DRIVE, SAVANNAH, GA 31405",single,1,,,,,,,,,,,,,,,,IGSA,single,1,DMCP,single,1,,,,,,,11,single,1,CHATHAM,single,1,ATL,single,1,,,,,,,,,,ATL,single,1,10/2/1994,single,1,,,,,,,yes,single,1,,,,,,,,,,,,,,,,,,,,,,,,,5/28/2008,single,1,,,,,,,,,,,,,,,,yes,single,1
CHAVENM,detention,CHAVEZ DETENTION CENTER,single,35005,"Chaves County, NM",NM,"3701 S. ATKINSON, ROSWELL, NM 88201",single,1,,,,,,,,,,,,,,,,IGSA,single,1,DMCP,single,1,,,,,,,10,single,1,CHAVES,single,1,EPC,single,1,,,,,,,,,,ELP,single,1,6/30/2003,single,1,,,,,,,no,single,1,,,,,,,,,,,,,,,,,,,,,,,,,7/1/2003,single,1,,,,,,,,,,,,,,,,yes,single,1
CHCNLTX,detention,COMP HLTH SVC-CASA NORMA LINDA,single,48061,"Cameron County, TX",TX,"Los Fresnos, TX 78566",single,1,,,,,,,,,,,,,,,,Other,single,1,,,,,,,,,,5,single,1,Cameron,single,1,,,,HEALTH,single,1,,,,,,,SNA,single,1,,,,,,,,,,no,single,1,,,,,,,,,,Port Isabel Immigration Court (co-located — same ZIP),single,1,,,,,,,,,,,,,,,,,,,,,,,,,,,,,,,,,
CHELAWA,detention,CHELAN COUNTY REGIONAL JUSTICE CENTER,single,53007,"Chelan County, WA",WA,"401 WASHINGTON ST 2ND FLOOR, WENATCHEE, WA 98801",single,1,,,,,,,,,,,,,,,,USMS IGA,single,1,DMCP,single,1,,,,,,,9,single,1,CHELAN,single,1,WNT,single,1,,,,,,,,,,SEA,single,1,7/15/1989,single,1,,,,,,,no,single,1,,,,,,,,,,,,,,,,,,,,,,,,,3/7/2012,single,1,,,,,,,,,,,,,,,,yes,single,1
CHEMUNY,detention,CHEMUNG COUNTY JAIL,single,36015,"Chemung County, NY",NY,"211 WILLIAM STREET, ELMIRA, NY 14901",single,1,,,,,,,,,,,,,,,,IGSA,single,1,DMCP,single,1,,,,,,,2,single,1,CHEMUNG,single,1,BUF,single,1,,,,,,,,,,BUF,single,1,9/3/1988,single,1,,,,,,,,,,,,,,,,,,,,,,,,,,,,,,,,,,10/11/2006,single,1,,,,,,,,,,,,,,,,yes,single,1
CHEROAL,detention,CHEROKEE COUNTY JAIL,single,01019,"Cherokee County, AL",AL,"201 N. RIVER STREET, CENTRE, AL 35960",single,1,,,,,,,,,,,,,,,,IGSA,single,1,DMCP,single,1,,,,,,,11,single,1,CHEROKEE,single,1,NOL,single,1,,,,,,,,,,NOL,single,1,6/16/1999,single,1,,,,,,,,,,,,,,,,,,,,,,,,,,,,,,,,,,1/5/2004,single,1,,,,,,,,,,,,,,,,yes,single,1
CHEROGA,detention,CHEROKEE COUNTY JAIL (GEORGIA),single,13057,"Cherokee County, GA",GA,"498 CHATTIN DRIVE, CANTON, GA 30115",single,1,,,,,,,,,,,,,,,,IGSA,single,1,DMCP,single,1,,,,,,,11,single,1,CHEROKEE,single,1,ATL,single,1,,,,,,,,,,ATL,single,1,8/28/1989,single,1,,,,,,,,,,,,,,,,,,,,,,,,,,,,,,,,,,4/30/2003,single,1,,,,,,,,,,,,,,,,yes,single,1
CHEROIA,detention,CHEROKEE COUNTY SHERIFF'S OFFICE,single,19035,"Cherokee County, IA",IA,"111 NORTH 5TH STREET, CHEROKEE, IA 51012",single,1,,,,,,,,,,,,,,,,IGSA,single,1,DMCP,single,1,,,,,,,8,single,1,CHEROKEE,single,1,OMA,single,1,,,,,,,,,,SPM,single,1,9/6/1998,single,1,,,,,,,,,,,,,,,,,,,,,,,,,,,,,,,,,,10/1/2002,single,1,,,,,,,,,,,,,,,,yes,single,1
CHEROOK,detention,CHEROKEE COUNTY JAIL,single,40021,"Cherokee County, OK",OK,"213 WEST DELAWARE STREET, TAHLEQUAH, OK 74464",single,1,,,,,,,,,,,,,,,,Other,single,1,DMCP,single,1,,,,,,,10,single,1,CHEROKEE,single,1,OKC,single,1,,,,,,,,,,DAL,single,1,,,,,,,,,,,,,,,,,,,,,,,,,,,,,,,,,,,,,,,,,,,,,,,,,,,,,,,yes,single,1
CHESTPA,detention,CHESTER COUNTY JAIL (PENNSYLVANIA),single,42029,"Chester County, PA",PA,"17 N CHURCH ST, WEST CHESTER, PA 19380",single,1,,,,,,,,,,,,,,,,IGSA,single,1,DMCP,single,1,,,,,,,3,single,1,CHESTER,single,1,PHI,single,1,,,,,,,,,,PHI,single,1,10/5/1987,single,1,,,,,,,,,,,,,,,,,,,,,,,,,,,,,,,,,,5/23/2007,single,1,,,,,,,,,,,,,,,,yes,single,1
CHEYENE,detention,CHEYENNE COUNTY DETENTION CENTER,single,31033,"Cheyenne County, NE",NE,"1000 10TH AVENUE. PO BOX 75, SIDNEY, NE 69162",single,1,,,,,,,,,,,,,,,,IGSA,single,1,DMCP,single,1,,,,,,,8,single,1,CHEYENNE,single,1,OMA,single,1,,,,,,,,,,SPM,single,1,11/27/1996,single,1,,,,,,,,,,,,,,,,,,,,,,,,,,,,,,,,,,10/10/2002,single,1,,,,,,,,,,,,,,,,yes,single,1
CHIHOLD,detention,INS AIRPORT HOLD,single,17031,"Cook County, IL",IL,"CHICAGO O'HARE AIRPORT TERMINAL #5, CHICAGO, IL 60666",single,1,,,,,,,,,,,,,,,,Other,single,1,DMCP,single,1,,,,,,,7,single,1,COOK,single,1,CHI,single,1,HOLD,single,1,,,,,,,CHI,single,1,3/7/1986,single,1,,,,,,,no,single,1,,,,,,,,,,,,,,,,,,,,,,,,,10/9/2017,single,1,,,,,,,,,,,,,,,,yes,single,1
CHIPPMI,detention,CHIPPEWA COUNTY SSM,conflict,26033,"Chippewa County, MI",MI,"325 COURT STREET, SAULT STE MARIE, MI 49783",conflict,3,24.5,single,1,2.1,single,1,5.4,single,1,1.5,single,1,33.5,single,1,IGSA,converged,2,DMCP,single,1,64,single,1,,,,6,single,1,CHIPPEWA,single,1,DET,single,1,,,,0,single,1,0,single,1,DET,converged,3,9/30/1991,single,1,Male,single,1,,,,yes,single,1,1.9,single,1,1.8,single,1,2.6,single,1,,,,Pass,single,1,Scheduled FY27,single,1,NDS 2019,single,1,ODO,single,1,11/4/2017,single,1,4.4,single,1,29.1,single,1,24.6,single,1,27.3,single,1,(313) 771-6601,single,1,yes,single,1
CHLHOLD,detention,CHARLESTON SC HOLD ROOM,single,45015|45019,"Berkeley County, SC|Charleston County, SC",SC,"3950 FABER PLACE DR, CHARLESTON, SC 29705",single,1,,,,,,,,,,,,,,,,Other,single,1,DMCP,single,1,,,,,,,4,single,1,YORK,single,1,,,,HOLD,single,1,,,,,,,ATL,single,1,8/29/2017,single,1,,,,,,,no,single,1,,,,,,,,,,,,,,,,,,,,,,,,,11/4/2017,single,1,,,,,,,,,,,,,,,,yes,single,1
CHOUTMT,detention,CHOUTEAU COUNTY JAIL,single,30015,"Chouteau County, MT",MT,"P.O. BOX 459, FORT BENTON, MT 59442",single,1,,,,,,,,,,,,,,,,IGSA,single,1,DMCP,single,1,,,,,,,9,single,1,CHOUTEAU,single,1,HEL,single,1,,,,,,,,,,SLC,single,1,12/20/1991,single,1,,,,,,,,,,,,,,,,,,,,,,,,,,,,,,,,,,7/8/2004,single,1,,,,,,,,,,,,,,,,yes,single,1
CHRISKY,detention,CHRISTIAN COUNTY JAIL,converged,21047|21219,"Christian County, KY|Todd County, KY",KY,"410 WEST 7TH STREET,, HOPKINSVILLE, KY 42240",converged,3,70.8,single,1,11.1,single,1,19.8,single,1,13.6,single,1,115.3,single,1,USMS IGA,conflict,2,DMCP,single,1,45.7,single,1,,,,6,single,1,CHRISTIAN,single,1,CHI,single,1,,,,0.6,single,1,1.5,single,1,CHI,converged,3,1/29/2003,single,1,Female/Male,single,1,,,,,,,14,single,1,6.8,single,1,9.9,single,1,,,,,,,Scheduled FY27,single,1,,,,,,,8/24/2003,single,1,20.5,single,1,92.7,single,1,63.6,single,1,84.6,single,1,(270) 887-4152,single,1,yes,single,1
CHRISMO,detention,CHRISTIAN COUNTY JAIL,single,29043|29077,"Christian County, MO|Greene County, MO",MO,"110 WEST ELM, OZARK, MO 65721",single,1,,,,,,,,,,,,,,,,IGSA,single,1,DMCP,single,1,,,,,,,8,single,1,CHRISTIAN,single,1,SPG,single,1,,,,,,,,,,CHI,single,1,1/3/2004,single,1,,,,,,,yes,single,1,,,,,,,,,,,,,,,,,,,,,,,,,11/4/2017,single,1,,,,,,,,,,,,,,,,yes,single,1
CHRLTFL,detention,CHARLOTTE COUNTY JAIL,converged,12015,"Charlotte County, FL",FL,"26601 AIRPORT RD, PUNTA GORDA, FL 33982",converged,2,2.8,single,1,0.3,single,1,0.1,single,1,0.2,single,1,3.4,single,1,IGSA,converged,2,DMCP,single,1,1.7,single,1,,,,11,single,1,CHARLOTTE,single,1,TAM,single,1,,,,0,single,1,0.1,single,1,MIA,converged,2,10/3/2002,single,1,Female/Male,single,1,,,,,,,0.1,single,1,0.3,single,1,0.4,single,1,,,,,,,,,,,,,,,,5/10/2017,single,1,0.4,single,1,2.9,single,1,1.2,single,1,2.7,single,1,,,,yes,single,1
CHSLFTX,detention,COMPREHENSIVE HLTH SVC-LOS FRESNOS,single,48061,"Cameron County, TX",TX,"Los Fresnos, TX 78566",single,1,,,,,,,,,,,,,,,,Other,single,1,,,,,,,,,,5,single,1,Cameron,single,1,,,,HEALTH,single,1,,,,,,,SNA,single,1,,,,,,,,,,no,single,1,,,,,,,,,,Port Isabel Immigration Court (co-located — same ZIP),single,1,,,,,,,,,,,,,,,,,,,,,,,,,,,,,,,,,
CHYHOLD,detention,CHEYENNE HOLDROOM,single,56021,"Laramie County, WY",WY,"308 W. 21ST STREET, CHEYENNE, WY 82001",single,1,,,,,,,,,,,,,,,,Other,single,1,DMCP,single,1,,,,,,,10,single,1,LARAMIE,single,1,DEN,single,1,HOLD,single,1,,,,,,,DEN,single,1,4/30/2015,single,1,,,,,,,no,single,1,,,,,,,,,,,,,,,,,,,,,,,,,4/30/2015,single,1,,,,,,,,,,,,,,,,yes,single,1
CIBOCNM,detention,CIBOLA COUNTY CORRECTIONAL CENTER,converged,35006,"Cibola County, NM",NM,"2000 CIBOLA LOOP, MILAN, NM 87021",converged,3,152.3,single,1,40.6,single,1,21.5,single,1,8.2,single,1,222.6,single,1,IGSA,converged,2,DMCP,single,1,69.6,single,1,500,single,1,10,single,1,CIBOLA,single,1,CIB,single,1,,,,0,single,1,0,single,1,ELP,converged,3,12/27/2016,single,1,Male,single,1,314,conflict,2,yes,single,1,9.8,single,1,7,single,1,22.7,single,1,,,,Pass,single,1,2025-02-27,single,1,PBNDS 2011 - 2016 Revisions,single,1,ODO,single,1,11/4/2017,single,1,27.6,single,1,194.9,single,1,77.8,single,1,182.9,single,1,(505) 285-4900,single,1,yes,single,1
CIBOLNM,detention,CIBOLA COUNTY DETENTION CENTER,single,35006|35031,"Cibola County, NM|McKinley County, NM",NM,"P.O. BOX 3540, GRANTS, NM 87020",single,1,,,,,,,,,,,,,,,,IGSA,single,1,DMCP,single,1,,,,,,,10,single,1,CIBOLA,single,1,ELP,single,1,,,,,,,,,,ELP,single,1,3/13/1998,single,1,,,,,,,yes,single,1,,,,,,,,,,,,,,,,,,,,,,,,,10/3/2007,single,1,,,,,,,,,,,,,,,,yes,single,1
CIPHOLD,detention,CENTRAL ISLIP HOLD ROOM,single,36103,"Suffolk County, NY",NY,"Central Islip, NY 11722",single,1,,,,,,,,,,,,,,,,Other,single,1,,,,,,,,,,2,single,1,Suffolk,single,1,,,,HOLD,single,1,,,,,,,NYC,single,1,,,,,,,,,,no,single,1,,,,,,,,,,,,,,,,,,,,,,,,,,,,,,,,,,,,,,,,,,,,,
CITRUFL,detention,CITRUS COUNTY JAIL,single,12017,"Citrus County, FL",FL,"2604 W. WOODLAND RIDGE DR., LECANTO, FL 34461",single,1,,,,,,,,,,,,,,,,IGSA,single,1,DMCP,single,1,,,,,,,11,single,1,CITRUS,single,1,ORL,single,1,,,,,,,,,,MIA,single,1,2/14/1996,single,1,,,,,,,yes,single,1,,,,,,,,,,,,,,,,,,,,,,,,,5/21/2008,single,1,,,,,,,,,,,,,,,,yes,single,1
CKHOSFL,detention,COLUMBIA KENDAL HOSPITAL,single,12086,"Miami-Dade County, FL",FL,"11750 S.W. BIRD RD., MIAMI, FL 33175",single,1,,,,,,,,,,,,,,,,Other,single,1,OTHER,single,1,,,,,,,11,single,1,MIAMI-DADE,single,1,KRO,single,1,HOSPITAL,single,1,,,,,,,MIA,single,1,1/29/1997,single,1,,,,,,,,,,,,,,,,,,,,,,,,,,,,,,,,,,10/18/2017,single,1,,,,,,,,,,,,,,,,no,single,1
CLACOMO,detention,CLAY COUNTY JAIL,single,29047,"Clay County, MO",MO,"14 S. WATER, LIBERTY, MO 64068",single,1,,,,,,,,,,,,,,,,IGSA,single,1,DMCP,single,1,,,,,,,8,single,1,CLAY,single,1,KAN,single,1,,,,,,,,,,CHI,single,1,2/13/1991,single,1,,,,,,,,,,,,,,,,,,,,,,,,,,,,,,,,,,2/18/2004,single,1,,,,,,,,,,,,,,,,yes,single,1
CLACOSD,detention,CLAY COUNTY JAIL,single,46027,"Clay County, SD",SD,"15 WASHINGTON STREET, VERMILLION, SD 57069",single,1,,,,,,,,,,,,,,,,IGSA,single,1,DMCP,single,1,,,,,,,8,single,1,CLAY,single,1,OMA,single,1,,,,,,,,,,SPM,single,1,3/18/1998,single,1,,,,,,,,,,,,,,,,,,,,,,,,,,,,,,,,,,10/27/2004,single,1,,,,,,,,,,,,,,,,yes,single,1
CLAJUIN,detention,CLARK COUNTY JUVENILE,single,18019,"Clark County, IN",IN,"609 MEIGS AVENUE, JEFFERSONVILLE, IN 47130",single,1,,,,,,,,,,,,,,,,IGSA,single,1,JFRMU,single,1,,,,,,,7,single,1,CLARK,single,1,CHI,single,1,JUVENILE,single,1,,,,,,,CHI,single,1,9/13/2000,single,1,,,,,,,,,,,,,,,,,,,,,,,,,,,,,,,,,,4/11/2003,single,1,,,,,,,,,,,,,,,,no,single,1
CLARIPA,detention,CLARION  COUNTY CORRECTIONS,single,42031,"Clarion County, PA",PA,"309 AMGLER AVE., SHIPPENVILLE, PA 16254",single,1,,,,,,,,,,,,,,,,IGSA,single,1,DMCP,single,1,,,,,,,3,single,1,CLARION,single,1,PIT,single,1,,,,,,,,,,PHI,single,1,9/20/1996,single,1,,,,,,,no,single,1,,,,,,,,,,,,,,,,,,,,,,,,,5/12/2009,single,1,,,,,,,,,,,,,,,,yes,single,1
CLARKIA,detention,CLARKE COUNTY SHERIFF,single,19039|19181,"Clarke County, IA|Warren County, IA",IA,"100 S MAIN ST, OSCEOLA, IA 50213",single,1,,,,,,,,,,,,,,,,IGSA,single,1,DMCP,single,1,,,,,,,8,single,1,CLARKE,single,1,OMA,single,1,,,,,,,,,,SPM,single,1,3/3/2000,single,1,,,,,,,,,,,,,,,,,,,,,,,,,,,,,,,,,,11/14/2002,single,1,,,,,,,,,,,,,,,,yes,single,1
CLARKID,detention,CLARK COUNTY JAIL (IN),conflict,18019,"Clark County, IN",ID|IN,"501 EAST COURT AVE., JEFFERSONVILLE, IN 47130",conflict,3,51.7,single,1,13.4,single,1,8.5,single,1,6.5,single,1,80.1,single,1,USMS IGA,conflict,2,DMCP,single,1,57.3,single,1,,,,9,single,1,CLARK,single,1,HEL,single,1,,,,5,single,1,48.6,single,1,CHI,conflict,3,,,,Female/Male,single,1,,,,,,,8.4,single,1,3.5,single,1,6.9,single,1,,,,,,,Scheduled FY27,single,1,,,,,,,,,,4.4,single,1,22,single,1,51,single,1,61.4,single,1,(812) 283-4471,single,1,yes,single,1
CLARKWA,detention,CLARKE COUNTY JAIL,single,53011,"Clark County, WA",WA,"OFFICE OF THE SHERIFF, VANCOUVER, WA 98666",single,1,,,,,,,,,,,,,,,,IGSA,single,1,DMCP,single,1,,,,,,,9,single,1,CLARK,single,1,POO,single,1,,,,,,,,,,SEA,single,1,8/10/1990,single,1,,,,,,,,,,,,,,,,,,,,,,,,,,,,,,,,,,10/31/1999,single,1,,,,,,,,,,,,,,,,yes,single,1
CLATSOR,detention,CLATSOP COUNTY JAIL,single,41007,"Clatsop County, OR",OR,"636 DUANE STREET, ASTORIA, OR 97103",single,1,,,,,,,,,,,,,,,,IGSA,single,1,DMCP,single,1,,,,,,,9,single,1,CLATSOP,single,1,POO,single,1,,,,,,,,,,SEA,single,1,3/15/1994,single,1,,,,,,,,,,,,,,,,,,,,,,,,,,,,,,,,,,10/17/2002,single,1,,,,,,,,,,,,,,,,yes,single,1
CLAYCFL,detention,CLAY COUNTY JAIL,single,12019|12107,"Clay County, FL|Putnam County, FL",FL,"901 N. ORANGE AVENUE, GREENCOVE SPRING, FL 32043",single,1,,,,,,,,,,,,,,,,IGSA,single,1,DMCP,single,1,,,,,,,11,single,1,CLAY,single,1,ORL,single,1,,,,,,,,,,MIA,single,1,12/9/2000,single,1,,,,,,,yes,single,1,,,,,,,,,,,,,,,,,,,,,,,,,1/16/2008,single,1,,,,,,,,,,,,,,,,yes,single,1
CLAYCIN,detention,CLAY COUNTY JUSTICE CENTER,conflict,18021|18121|18133|18167,"Clay County, IN|Vigo County, IN|Parke County, IN|Putnam County, IN",IN,"611 EAST JACKSON STREET, BRAZIL, IN 47834",converged,3,165.5,single,1,28.1,single,1,32.2,single,1,21.3,single,1,247.1,single,1,USMS IGA,converged,2,DMCP,single,1,10.7,single,1,,,,7,single,1,CLAY,single,1,CHI,single,1,,,,0.1,single,1,1,single,1,CHI,converged,3,7/23/2013,single,1,Female/Male,single,1,,,,yes,single,1,20.1,single,1,14.2,single,1,28.7,single,1,,,,Pass,single,1,Scheduled FY27,single,1,NDS 2019,single,1,ODO,single,1,11/4/2017,single,1,45.7,single,1,200.2,single,1,128.5,single,1,184,single,1,(812) 448-9051,single,1,yes,single,1
CLAYCMN,detention,CLAY COUNTY,single,27027|27167,"Clay County, MN|Wilkin County, MN",MN,"BOX 280, MOORHEAD, MN 56560",single,1,,,,,,,,,,,,,,,,IGSA,single,1,DMCP,single,1,,,,,,,8,single,1,CLAY,single,1,SPM,single,1,,,,,,,,,,SPM,single,1,4/12/1996,single,1,,,,,,,,,,,,,,,,,,,,,,,,,,,,,,,,,,4/27/2004,single,1,,,,,,,,,,,,,,,,yes,single,1
CLEARCO,detention,CLEAR CREEK COUNTY JAIL,single,08019,"Clear Creek County, CO",CO,"P.O. BOX 2000, GEORGETOWN, CO 80444",single,1,,,,,,,,,,,,,,,,IGSA,single,1,DMCP,single,1,,,,,,,10,single,1,CLEAR CREEK,single,1,DEN,single,1,,,,,,,,,,DEN,single,1,1/17/1991,single,1,,,,,,,,,,,,,,,,,,,,,,,,,,,,,,,,,,7/13/2008,single,1,,,,,,,,,,,,,,,,yes,single,1
CLEARPA,detention,CLEARFIELD COUNTY JAIL,single,42033,"Clearfield County, PA",PA,"410 21ST STREET, CLEARFIELD, PA 16830",single,1,,,,,,,,,,,,,,,,IGSA,single,1,DMCP,single,1,,,,,,,3,single,1,CLEARFIELD,single,1,PIT,single,1,,,,,,,,,,PHI,single,1,8/31/2001,single,1,,,,,,,no,single,1,,,,,,,,,,,,,,,,,,,,,,,,,5/4/2008,single,1,,,,,,,,,,,,,,,,yes,single,1
CLEHOLD,detention,CLEVELAND HOLD ROOM,single,39035,"Cuyahoga County, OH",OH,"1240 E. 9TH STREET ROOM 585, CLEVELAND, OH 44199",single,1,,,,,,,,,,,,,,,,Other,single,1,DMCP,single,1,,,,,,,6,single,1,CUYAHOGA,single,1,CLE,single,1,HOLD,single,1,,,,,,,DET,single,1,6/11/2012,single,1,,,,,,,no,single,1,,,,,,,,,,,,,,,,,,,,,,,,,10/1/2017,single,1,,,,,,,,,,,,,,,,yes,single,1
CLICONY,detention,Clinton County Jail,converged,36019,"Clinton County, NY",NY,"25 McCarthy Drive, Plattsburgh, NY 12901",converged,2,,,,,,,,,,,,,,,,USMS IGA,single,1,DMCP,single,1,,,,13,single,1,2,single,1,CLINTON,single,1,CHM,single,1,,,,,,,,,,BUF,converged,2,10/16/1987,single,1,,,,,,,yes,single,1,,,,,,,,,,,,,,,,,,,,,,,,,11/4/2017,single,1,,,,,,,,,,,,,(518) 565-4343,single,1,yes,single,1
CLINTIA,detention,CLINTON COUNTY JAIL,single,19045,"Clinton County, IA",IA,"241 7TH AVENUE NORTH, CLINTON, IA 52732",single,1,,,,,,,,,,,,,,,,IGSA,single,1,DMCP,single,1,,,,,,,8,single,1,CLINTON,single,1,OMA,single,1,,,,,,,,,,SPM,single,1,4/18/1992,single,1,,,,,,,,,,,,,,,,,,,,,,,,,,,,,,,,,,11/4/2002,single,1,,,,,,,,,,,,,,,,yes,single,1
CLINTIN,detention,Clinton County Sheriff&#039;s Office,conflict,18011|18015|18023|18067|18157,"Clinton County, IN|Carroll County, IN|Howard County, IN|Tippecanoe County, IN|Boone County, IN",IN,"301 E Walnut Street, Frankfort, IN 46041",converged,2,,,,,,,,,,,,,,,,IGSA,single,1,DMCP,single,1,,,,,,,7,single,1,CLINTON,single,1,CHI,single,1,,,,,,,,,,CHI,converged,2,,,,,,,,,,,,,,,,,,,,,,,,,,,,,,,,,,,,,,,,,,,,,,,,,,,,(765) 659-6396,single,1,yes,single,1
CLINTPA,detention,CLINTON COUNTY CORRECTIONAL FACILITY,single,42035|42081,"Clinton County, PA|Lycoming County, PA",PA,"419 SHOEMAKER ROAD, LOCK HAVEN, PA 17745",single,1,,,,,,,,,,,,,,,,USMS IGA,single,1,DMCP,single,1,,,,50,single,1,3,single,1,CLINTON,single,1,ALW,single,1,,,,,,,,,,PHI,single,1,4/21/2001,single,1,,,,,,,yes,single,1,,,,,,,,,,,,,,,,,,,,,,,,,11/4/2017,single,1,,,,,,,,,,,,,,,,yes,single,1
CLJUVWA,detention,CLARK COUNTY JUVENILE,single,53011,"Clark County, WA",WA,"500 WEST 11TH STREET, VANCOUVER, WA 98660",single,1,,,,,,,,,,,,,,,,IGSA,single,1,JFRMU,single,1,,,,,,,9,single,1,CLARK,single,1,NOL,single,1,JUVENILE,single,1,,,,,,,NOL,single,1,4/4/1997,single,1,,,,,,,,,,,,,,,,,,,,,,,,,,,,,,,,,,6/23/2003,single,1,,,,,,,,,,,,,,,,no,single,1
CLMHOLD,detention,COLUMBUS HOLDROOM,single,39049,"Franklin County, OH",OH,"50 WEST BROAD ST, COLUMBUS, OH 43215",single,1,,,,,,,,,,,,,,,,Other,single,1,DMCP,single,1,,,,,,,6,single,1,FRANKLIN,single,1,,,,HOLD,single,1,,,,,,,DET,single,1,12/11/2015,single,1,,,,,,,no,single,1,,,,,,,,,,,,,,,,,,,,,,,,,12/19/2015,single,1,,,,,,,,,,,,,,,,yes,single,1
CLTHOLD,detention,CHARLOTTE HOLD ROOM,single,37119,"Mecklenburg County, NC",NC,"UNAVAILABLE, CHARLOTTE, NC 28202",single,1,,,,,,,,,,,,,,,,Other,single,1,DMCP,single,1,,,,,,,4,single,1,MECKLENBURG,single,1,CLT,single,1,HOLD,single,1,,,,,,,ATL,single,1,3/29/2011,single,1,,,,,,,no,single,1,,,,,,,,,,,,,,,,,,,,,,,,,8/22/2017,single,1,,,,,,,,,,,,,,,,yes,single,1
CMEDHPR,detention,CENTRO MEDICO HOSPITAL,single,72127,"San Juan Municipio, PR",PR,"BARRIO MONACILLOS, SAN JUAN, PR 00935",single,1,,,,,,,,,,,,,,,,Other,single,1,OTHER,single,1,,,,,,,1,single,1,COUNTY,single,1,SAJ,single,1,HOSPITAL,single,1,,,,,,,MIA,single,1,9/19/2014,single,1,,,,,,,,,,,,,,,,,,,,,,,,,,,,,,,,,,10/5/2014,single,1,,,,,,,,,,,,,,,,no,single,1
CMPJVNY,detention,COMPASS HOUSE SHELTER,single,36029,"Erie County, NY",NY,"370 LINWOOD AVE, BUFFALO, NY 14209",single,1,,,,,,,,,,,,,,,,IGSA,single,1,JFRMU,single,1,,,,,,,2,single,1,ERIE,single,1,BUF,single,1,JUVENILE,single,1,,,,,,,BUF,single,1,9/23/2005,single,1,,,,,,,no,single,1,,,,,,,,,,,,,,,,,,,,,,,,,8/16/2017,single,1,,,,,,,,,,,,,,,,no,single,1
CNGHOLD,detention,CHATTANOOGA HOLD ROOM,single,47065,"Hamilton County, TN",TN,"UNAVAILABLE, CHATTANOOGA, TN 37450",single,1,,,,,,,,,,,,,,,,Other,single,1,DMCP,single,1,,,,,,,6,single,1,HAMILTON,single,1,CNG,single,1,HOLD,single,1,,,,,,,NOL,single,1,,,,,,,,,,no,single,1,,,,,,,,,,,,,,,,,,,,,,,,,,,,,,,,,,,,,,,,,,,yes,single,1
CNTGRIL,detention,CENTEGRA HOSPITAL,single,17111,"McHenry County, IL",IL,"3701 DOTY ST, WOODSTOCK, IL 60098",single,1,,,,,,,,,,,,,,,,Other,single,1,OTHER,single,1,,,,,,,7,single,1,MCHENRY,single,1,,,,HOSPITAL,single,1,,,,,,,CHI,single,1,4/20/2016,single,1,,,,,,,,,,,,,,,,,,,,,,,,,,,,,,,,,,4/26/2016,single,1,,,,,,,,,,,,,,,,no,single,1
COAHOLD,detention,COLUMBIA SC HOLDROOM,single,45079,"Richland County, SC",SC,"1835 ASSEMBLY DRIVE ROOM 1569, COLUMBIA, SC 29201",single,1,,,,,,,,,,,,,,,,Other,single,1,DMCP,single,1,,,,,,,4,single,1,RICHLAND,single,1,ATL,single,1,HOLD,single,1,,,,,,,ATL,single,1,8/27/2014,single,1,,,,,,,no,single,1,,,,,,,,,,,,,,,,,,,,,,,,,7/25/2017,single,1,,,,,,,,,,,,,,,,yes,single,1
COBBJGA,detention,COBB COUNTY JAIL,single,13067,"Cobb County, GA",GA,"1825 COUNTY SERVICES PARKWAY, MARIETTA, GA 30060",single,1,,,,,,,,,,,,,,,,IGSA,single,1,DMCP,single,1,,,,,,,11,single,1,COBB,single,1,ATL,single,1,,,,,,,,,,ATL,single,1,2/15/2005,single,1,,,,,,,no,single,1,,,,,,,,,,,,,,,,,,,,,,,,,11/4/2017,single,1,,,,,,,,,,,,,,,,yes,single,1
COCHIAZ,detention,COCHISE COUNTY JAIL,single,04003,"Cochise County, AZ",AZ,"203 NORTH JUDD DRIVE, BISBEE, AZ 85603",single,1,,,,,,,,,,,,,,,,IGSA,single,1,DMCP,single,1,,,,,,,9,single,1,COCHISE,single,1,FLO,single,1,,,,,,,,,,PHO,single,1,6/18/1984,single,1,,,,,,,,,,,,,,,,,,,,,,,,,,,,,,,,,,4/30/2010,single,1,,,,,,,,,,,,,,,,yes,single,1
COCONAZ,detention,COCONINO COUNTY DETENTION FACILITY,single,04005,"Coconino County, AZ",AZ,"952 E. SAW MILL ROAD, FLAGSTAFF, AZ 86001",single,1,,,,,,,,,,,,,,,,USMS IGA,single,1,DMCP,single,1,,,,,,,9,single,1,COCONINO,single,1,PHO,single,1,,,,,,,,,,PHO,single,1,1/4/1992,single,1,,,,,,,no,single,1,,,,,,,,,,,,,,,,,,,,,,,,,8/28/2014,single,1,,,,,,,,,,,,,,,,yes,single,1
CODCCSP,detention,COLO DEPARTMENT OF CORRECTIONS,single,08041|08119,"El Paso County, CO|Teller County, CO",CO,"2862 SOUTH CIRCLE DRIVE #100, COLO. SPGS, CO 80906",single,1,,,,,,,,,,,,,,,,Other,single,1,DMCP,single,1,,,,,,,10,single,1,EL PASO,single,1,DEN,single,1,,,,,,,,,,DEN,single,1,7/22/2007,single,1,,,,,,,,,,,,,,,,,,,,,,,,,,,,,,,,,,1/29/2008,single,1,,,,,,,,,,,,,,,,yes,single,1
CODINSD,detention,CODINGTON COUNTY,single,46029|46057,"Codington County, SD|Hamlin County, SD",SD,"119 SOUTH MAPLE, WATERTOWN, SD 57201",single,1,,,,,,,,,,,,,,,,IGSA,single,1,DMCP,single,1,,,,,,,8,single,1,CODINGTON,single,1,SPM,single,1,,,,,,,,,,SPM,single,1,10/10/1996,single,1,,,,,,,,,,,,,,,,,,,,,,,,,,,,,,,,,,11/29/2005,single,1,,,,,,,,,,,,,,,,yes,single,1
COJUVAZ,detention,COCHISE COUNTY CHILD CENTER,single,04003,"Cochise County, AZ",AZ,"721 GONZALEZ, HUACHUCA CITY, AZ 85616",single,1,,,,,,,,,,,,,,,,IGSA,single,1,JFRMU,single,1,,,,,,,9,single,1,COCHISE,single,1,PHO,single,1,JUVENILE,single,1,,,,,,,PHO,single,1,6/13/1990,single,1,,,,,,,no,single,1,,,,,,,,,,,,,,,,,,,,,,,,,10/24/2004,single,1,,,,,,,,,,,,,,,,no,single,1
COLCASC,detention,COLUMBIA CARE CENTER,single,45079,"Richland County, SC",SC,"7901 FARROW ROAD, COLUMBIA, SC 29203",single,1,,,,,,,,,,,,,,,,Other,single,1,OTHER,single,1,,,,,,,4,single,1,RICHLAND,single,1,CHL,single,1,HOSPITAL,single,1,,,,,,,ATL,single,1,3/5/1999,single,1,,,,,,,,,,,,,,,,,,,,,,,,,,,,,,,,,,11/4/2017,single,1,,,,,,,,,,,,,,,,no,single,1
COLESIL,detention,COLES COUNTY JAIL,single,17029|17035,"Coles County, IL|Cumberland County, IL",IL,"701 7TH STREET, CHARLESTON, IL 61920",single,1,,,,,,,,,,,,,,,,IGSA,single,1,DMCP,single,1,,,,,,,7,single,1,COLES,single,1,CHI,single,1,,,,,,,,,,CHI,single,1,4/24/1998,single,1,,,,,,,,,,,,,,,,,,,,,,,,,,,,,,,,,,6/18/2003,single,1,,,,,,,,,,,,,,,,yes,single,1
COLFANE,detention,COLFAX CO JAIL,single,31037,"Colfax County, NE",NE,"411 EAST 11TH STREET, SCHUYLER, NE 68661",single,1,,,,,,,,,,,,,,,,IGSA,single,1,DMCP,single,1,,,,,,,8,single,1,COLFAX,single,1,OMA,single,1,,,,,,,,,,SPM,single,1,3/4/1995,single,1,,,,,,,,,,,,,,,,,,,,,,,,,,,,,,,,,,1/26/2003,single,1,,,,,,,,,,,,,,,,yes,single,1
COLLIFL,detention,COLLIER COUNTY NAPLES JAIL CENTER,converged,12021,"Collier County, FL",FL,"3347 TAMIAMI TRAIL E, NAPLES, FL 34112",conflict,2,28.8,single,1,6.9,single,1,6,single,1,5.4,single,1,47.1,single,1,IGSA,converged,2,DMCP,single,1,4.8,single,1,,,,11,single,1,COLLIER,single,1,KRO,single,1,,,,0.5,single,1,6.1,single,1,MIA,converged,2,11/17/1990,single,1,Female/Male,single,1,,,,yes,single,1,5,single,1,6.5,single,1,9,single,1,,,,Pass,single,1,2024-12-05,single,1,NDS 2019,single,1,ODO,single,1,11/4/2017,single,1,10.9,single,1,29.6,single,1,21.2,single,1,26.5,single,1,,,,yes,single,1
COLOMNY,detention,COLOMBIA COUNTY JAIL,single,36071,"Orange County, NY",NY,"85 INDUSTRIAL TRACT, HUDSON, NY 12543",single,1,,,,,,,,,,,,,,,,IGSA,single,1,DMCP,single,1,,,,,,,2,single,1,ORANGE,single,1,ALB,single,1,,,,,,,,,,BUF,single,1,11/14/1989,single,1,,,,,,,no,single,1,,,,,,,,,,,,,,,,,,,,,,,,,1/25/2010,single,1,,,,,,,,,,,,,,,,yes,single,1
COLQUGA,detention,COLQUITT COUNTY JAIL,single,13071,"Colquitt County, GA",GA,"COLQUITT COUNTY SHERIFFS DEPT., MOULTRIE, GA 31776",single,1,,,,,,,,,,,,,,,,IGSA,single,1,DMCP,single,1,,,,,,,11,single,1,COLQUITT,single,1,ATL,single,1,,,,,,,,,,ATL,single,1,6/17/1997,single,1,,,,,,,no,single,1,,,,,,,,,,,,,,,,,,,,,,,,,4/14/2008,single,1,,,,,,,,,,,,,,,,yes,single,1
COLUMOR,detention,COLUMBIA COUNTY JAIL,single,41009,"Columbia County, OR",OR,"901 PORT AVENUE, SAINT HELENS, OR 97051",single,1,,,,,,,,,,,,,,,,USMS IGA,single,1,DMCP,single,1,,,,,,,9,single,1,COLUMBIA,single,1,POO,single,1,,,,,,,,,,SEA,single,1,7/19/1991,single,1,,,,,,,yes,single,1,,,,,,,,,,,,,,,,,,,,,,,,,4/24/2014,single,1,,,,,,,,,,,,,,,,yes,single,1
COLUMPA,detention,COLUMBIA COUNTY,single,42037|42079|42093,"Columbia County, PA|Luzerne County, PA|Montour County, PA",PA,"721 IRON ST., BLOOMSBURG, PA 17815",single,1,,,,,,,,,,,,,,,,USMS IGA,single,1,DMCP,single,1,,,,,,,3,single,1,COLUMBIA,single,1,ALW,single,1,,,,,,,,,,PHI,single,1,8/1/2008,single,1,,,,,,,yes,single,1,,,,,,,,,,,,,,,,,,,,,,,,,9/14/2010,single,1,,,,,,,,,,,,,,,,yes,single,1
COMALTX,detention,COMAL CITY JAIL,single,48091|48187|48209,"Comal County, TX|Guadalupe County, TX|Hays County, TX",TX,"C/O JAIL ADMINISTRATOR, NEW BRAUNFELS, TX 78130",single,1,,,,,,,,,,,,,,,,IGSA,single,1,DMCP,single,1,,,,,,,5,single,1,COMAL,single,1,SNA,single,1,,,,,,,,,,SNA,single,1,7/1/1991,single,1,,,,,,,no,single,1,,,,,,,,,,,,,,,,,,,,,,,,,7/10/2008,single,1,,,,,,,,,,,,,,,,yes,single,1
COMFTFL,detention,COMFORT SUITES HOTEL,single,12086,"Miami-Dade County, FL",FL,"3901 SW 117TH AVE., MIAMI, FL 33175",single,1,,,,,,,,,,,,,,,,Other,single,1,OTHER,single,1,,,,,,,11,single,1,MIAMI-DADE,single,1,KRO,single,1,,,,,,,,,,MIA,single,1,1/21/2000,single,1,,,,,,,,,,,,,,,,,,,,,,,,,,,,,,,,,,10/18/2017,single,1,,,,,,,,,,,,,,,,no,single,1
COMHICO,detention,COLORADO MENTAL HEALTH INSTITUTE,single,08101,"Pueblo County, CO",CO,"1600 WEST 24TH STREET, PUEBLO, CO 81003",single,1,,,,,,,,,,,,,,,,Other,single,1,OTHER,single,1,,,,,,,10,single,1,PUEBLO,single,1,DEN,single,1,HOSPITAL,single,1,,,,,,,DEN,single,1,,,,,,,,,,,,,,,,,,,,,,,,,,,,,,,,,,,,,,,,,,,,,,,,,,,,,,,no,single,1
CONCOCA,detention,CONTRA COSTA COUNTY JAIL,single,06013,"Contra Costa County, CA",CA,"1000 WARD STREET, MARTINEZ, CA 94553",single,1,,,,,,,,,,,,,,,,USMS IGA,single,1,DMCP,single,1,,,,,,,9,single,1,CONTRA COSTA,single,1,SFR,single,1,,,,,,,,,,SFR,single,1,4/6/2010,single,1,,,,,,,yes,single,1,,,,,,,,,,,,,,,,,,,,,,,,,10/30/2017,single,1,,,,,,,,,,,,,,,,yes,single,1
CONCOLA,detention,CONCORDIA PARISH C C,single,22029|22107,"Concordia Parish, LA|Tensas Parish, LA",LA,"26356 HWY 15, FERRIDAY, LA 71334",single,1,,,,,,,,,,,,,,,,IGSA,single,1,DMCP,single,1,,,,,,,5,single,1,CONCORDIA,single,1,OAK,single,1,,,,,,,,,,NOL,single,1,2/10/1987,single,1,,,,,,,no,single,1,,,,,,,,,,,,,,,,,,,,,,,,,1/18/2005,single,1,,,,,,,,,,,,,,,,yes,single,1
CONEJCO,detention,CONEJOS COUNTY JAIL,single,08021,"Conejos County, CO",CO,"14044 CO ROAD G5, ANTONITO, CO 81120",single,1,,,,,,,,,,,,,,,,IGSA,single,1,DMCP,single,1,,,,,,,10,single,1,CONEJOS,single,1,DEN,single,1,,,,,,,,,,DEN,single,1,5/3/2006,single,1,,,,,,,no,single,1,,,,,,,,,,,,,,,,,,,,,,,,,6/25/2014,single,1,,,,,,,,,,,,,,,,yes,single,1
CONVEWY,detention,CONVERSE COUNTY JAIL,single,56009,"Converse County, WY",WY,"107 NORTH 5TH STREET, DOUGLAS, WY 82633",single,1,,,,,,,,,,,,,,,,IGSA,single,1,DMCP,single,1,,,,,,,10,single,1,CONVERSE,single,1,DEN,single,1,,,,,,,,,,DEN,single,1,4/6/1992,single,1,,,,,,,,,,,,,,,,,,,,,,,,,,,,,,,,,,4/29/2009,single,1,,,,,,,,,,,,,,,,yes,single,1
CONWECA,detention,CONTRA COSTA COUNTY JAIL WEST,single,06013,"Contra Costa County, CA",CA,"5555 GIANT HIGHWAY, RICHMOND, CA 94806",single,1,,,,,,,,,,,,,,,,USMS IGA,single,1,DMCP,single,1,,,,318,single,1,9,single,1,CONTRA COSTA,single,1,SFR,single,1,,,,,,,,,,SFR,single,1,4/5/2010,single,1,,,,,,,yes,single,1,,,,,,,,,,,,,,,,,,,,,,,,,11/4/2017,single,1,,,,,,,,,,,,,,,,yes,single,1
COOKETX,detention,COOKE COUNTY JAIL,single,48097|48181,"Cooke County, TX|Grayson County, TX",TX,"301 SOUTH CHESTNUT ST, GAINSVILLE, TX 76240",single,1,,,,,,,,,,,,,,,,IGSA,single,1,DMCP,single,1,,,,,,,5,single,1,COOKE,single,1,DAL,single,1,,,,,,,,,,DAL,single,1,10/2/1989,single,1,,,,,,,,,,,,,,,,,,,,,,,,,,,,,,,,,,10/30/1991,single,1,,,,,,,,,,,,,,,,yes,single,1
COOSCOR,detention,COOS COUNTY,single,41011,"Coos County, OR",OR,"COOS COUNTY SHERIFF'S OFFICE, COQUILLE, OR 97423",single,1,,,,,,,,,,,,,,,,IGSA,single,1,DMCP,single,1,,,,,,,9,single,1,COOS,single,1,POO,single,1,,,,,,,,,,SEA,single,1,10/16/1996,single,1,,,,,,,,,,,,,,,,,,,,,,,,,,,,,,,,,,10/17/2017,single,1,,,,,,,,,,,,,,,,yes,single,1
CORCONY,detention,CORTLAND COUNTY JAIL,single,36011|36023|36109,"Cortland County, NY|Cayuga County, NY|Tompkins County, NY",NY,"54 GREENBUSH STREET, CORTLAND, NY 13045",single,1,,,,,,,,,,,,,,,,IGSA,single,1,DMCP,single,1,,,,,,,2,single,1,CORTLAND,single,1,BUF,single,1,,,,,,,,,,BUF,single,1,4/29/1997,single,1,,,,,,,,,,,,,,,,,,,,,,,,,,,,,,,,,,11/1/2007,single,1,,,,,,,,,,,,,,,,yes,single,1
CORTYTX,detention,CORYELL COUNTY JAIL,single,48027|48035|48099|48281,"Coryell County, TX|Bell County, TX|Lampasas County, TX|Bosque County, TX",TX,"COUNTY SHERIFF, COPPERAS COVE, TX 76528",single,1,,,,,,,,,,,,,,,,IGSA,single,1,DMCP,single,1,,,,,,,5,single,1,CORYELL,single,1,SNA,single,1,,,,,,,,,,SNA,single,1,3/5/1999,single,1,,,,,,,,,,,,,,,,,,,,,,,,,,,,,,,,,,12/25/2006,single,1,,,,,,,,,,,,,,,,yes,single,1
COSTACA,detention,COSTA MESA COLLEGE HOSPITAL,single,06059,"Orange County, CA",CA,"301 VICTORIA ST., COSTA MESA, CA 92627",single,1,,,,,,,,,,,,,,,,Other,single,1,OTHER,single,1,,,,,,,9,single,1,ORANGE,single,1,LOS,single,1,HOSPITAL,single,1,,,,,,,LOS,single,1,5/19/2008,single,1,,,,,,,,,,,,,,,,,,,,,,,,,,,,,,,,,,5/6/2012,single,1,,,,,,,,,,,,,,,,no,single,1
COSTICO,detention,COSTILLA COUNTY JAIL,single,08023,"Costilla County, CO",CO,"103 GASPER STREET, SAN LUIS, CO 81152",single,1,,,,,,,,,,,,,,,,IGSA,single,1,DMCP,single,1,,,,,,,10,single,1,COSTILLA,single,1,DEN,single,1,,,,,,,,,,DEN,single,1,10/22/1992,single,1,,,,,,,,,,,,,,,,,,,,,,,,,,,,,,,,,,9/13/2007,single,1,,,,,,,,,,,,,,,,yes,single,1
COWJVWA,detention,COWLITZ COUNTY JUVENILE,single,53015|53069,"Cowlitz County, WA|Wahkiakum County, WA",WA,"1725 1ST AVE., LONGVIEW, WA 98632",single,1,,,,,,,,,,,,,,,,IGSA,single,1,JFRMU,single,1,,,,,,,9,single,1,COWLITZ,single,1,POO,single,1,JUVENILE,single,1,,,,,,,SEA,single,1,10/2/2007,single,1,,,,,,,no,single,1,,,,,,,,,,,,,,,,,,,,,,,,,11/4/2017,single,1,,,,,,,,,,,,,,,,no,single,1
COWLIWA,detention,COWLITZ COUNTY JAIL,single,53015,"Cowlitz County, WA",WA,"312 FIRST AVE WEST, KELSO, WA 98626",single,1,,,,,,,,,,,,,,,,IGSA,single,1,DMCP,single,1,,,,,,,9,single,1,COWLITZ,single,1,POO,single,1,,,,,,,,,,SEA,single,1,1/24/1996,single,1,,,,,,,,,,,,,,,,,,,,,,,,,,,,,,,,,,9/23/2007,single,1,,,,,,,,,,,,,,,,yes,single,1
CRAWFIA,detention,CRAWFORD COUNTY JAIL,single,19047,"Crawford County, IA",IA,"1119 1ST AVE, DENISON, IA 51442",single,1,,,,,,,,,,,,,,,,IGSA,single,1,DMCP,single,1,,,,,,,8,single,1,CRAWFORD,single,1,OMA,single,1,,,,,,,,,,SPM,single,1,4/10/1996,single,1,,,,,,,,,,,,,,,,,,,,,,,,,,,,,,,,,,1/13/2003,single,1,,,,,,,,,,,,,,,,yes,single,1
CRAWFMI,detention,CRAWFORD COUNTY JAIL (GRAYLING MICHIGAN),single,26039|26079|26135|26137,"Crawford County, MI|Kalkaska County, MI|Otsego County, MI|Oscoda County, MI",MI,"200 WEST MICHIGAN, GRAYLING, MI 49738",single,1,,,,,,,,,,,,,,,,IGSA,single,1,DMCP,single,1,,,,,,,6,single,1,CRAWFORD,single,1,DET,single,1,,,,,,,,,,DET,single,1,8/28/1991,single,1,,,,,,,yes,single,1,,,,,,,,,,,,,,,,,,,,,,,,,8/26/2004,single,1,,,,,,,,,,,,,,,,yes,single,1
CRGHOLD,detention,CRAIG HOLDROOM,single,08081|08107,"Moffat County, CO|Routt County, CO",CO,"466 TUCKER STREET, CRAIG, CO 81625",single,1,,,,,,,,,,,,,,,,Other,single,1,DMCP,single,1,,,,,,,10,single,1,MOFFAT,single,1,DEN,single,1,HOLD,single,1,,,,,,,DEN,single,1,8/1/2017,single,1,,,,,,,no,single,1,,,,,,,,,,,,,,,,,,,,,,,,,8/1/2017,single,1,,,,,,,,,,,,,,,,yes,single,1
CRIHOLD,detention,CEDAR RAPIDS HOLD ROOM,single,19113,"Linn County, IA",IA,"UNAVAILABLE, CEDAR RAPIDS, IA 52401",single,1,,,,,,,,,,,,,,,,Other,single,1,DMCP,single,1,,,,,,,8,single,1,LINN,single,1,OMA,single,1,HOLD,single,1,,,,,,,SPM,single,1,,,,,,,,,,no,single,1,,,,,,,,,,,,,,,,,,,,,,,,,,,,,,,,,,,,,,,,,,,yes,single,1
CROWGMN,detention,CROW WING COUNTY JAIL,converged,27021|27035,"Crow Wing County, MN|Cass County, MN",MN,"313 LAUREL ST, BRAINERD, MN 56401",conflict,3,10.5,single,1,6.1,single,1,5.5,single,1,2.9,single,1,25,single,1,USMS IGA,conflict,2,DMCP,single,1,16.2,single,1,,,,8,single,1,CROW WING,single,1,SPM,single,1,,,,1.9,single,1,5.5,single,1,SPM,converged,3,7/21/2011,single,1,Female/Male,single,1,,,,,,,6.8,single,1,2.4,single,1,1.6,single,1,,,,,,,2026-03-12,single,1,,,,,,,8/25/2011,single,1,7.3,single,1,10.4,single,1,12.5,single,1,14.2,single,1,(218) 822-7050,single,1,yes,single,1
CRTOSCA,detention,CERRITOS  COLLEGE HOSPITAL,single,06037|06059,"Los Angeles County, CA|Orange County, CA",CA,"10802 COLLEGE PLACE, CERRITOS, CA 90703",single,1,,,,,,,,,,,,,,,,Other,single,1,OTHER,single,1,,,,,,,9,single,1,LOS ANGELES,single,1,LOS,single,1,HOSPITAL,single,1,,,,,,,LOS,single,1,,,,,,,,,,,,,,,,,,,,,,,,,,,,,,,,,,,,,,,,,,,,,,,,,,,,,,,no,single,1
CRYCCTX,detention,CRYSTAL CITY CORRECTIONAL CENTER,single,48127|48507,"Zavala County, TX|Dimmit County, TX",TX,"6901 N HIGHWAY 83, CRYSTAL CITY, TX 78839",single,1,,,,,,,,,,,,,,,,USMS IGA,single,1,DMCP,single,1,,,,350,single,1,5,single,1,ZAVALA,single,1,SNA,single,1,,,,,,,,,,SNA,single,1,12/20/1998,single,1,,,,,,,yes,single,1,,,,,,,,,,,,,,,,,,,,,,,,,1/5/2014,single,1,,,,,,,,,,,,,,,,yes,single,1
CSCNWWA,detention,NORTHWEST ICE PROCESSING CENTER,conflict,53053,"Pierce County, WA",WA,"1623 E. J STREET, TACOMA, WA 98421",converged,2,496.7,single,1,191.8,single,1,300.2,single,1,185.2,single,1,1173.9,single,1,CDF,converged,2,DMCP,single,1,57.5,single,1,1575,single,1,9,single,1,PIERCE,single,1,TAC,single,1,,,,25.3,single,1,95.9,single,1,SEA,converged,2,6/7/2001,single,1,Female/Male,single,1,1653,conflict,2,yes,single,1,241.3,single,1,90.1,single,1,90.6,single,1,Tacoma Immigration Court (co-located — same ZIP),single,1,Pass,single,1,2026-06-04,single,1,NDS 2025,single,1,ODO,single,1,11/4/2017,single,1,309.8,single,1,742.9,single,1,724.4,single,1,751.8,single,1,,,,yes,single,1
CSCSFGA,detention,CSC SOUTH FULTON MUNICIPAL JAIL,single,13121,"Fulton County, GA",GA,"6500 WATSON STREET, UNION CITY, GA 30291",single,1,,,,,,,,,,,,,,,,IGSA,single,1,DMCP,single,1,,,,,,,11,single,1,FULTON,single,1,ATL,single,1,,,,,,,,,,ATL,single,1,4/4/1999,single,1,,,,,,,,,,,,,,,,,,,,,,,,,,,,,,,,,,3/7/2006,single,1,,,,,,,,,,,,,,,,yes,single,1
CSPHOLD,detention,CASPER HOLDROOM,single,56025,"Natrona County, WY",WY,"150 E. B STREET, CASPER, WY 82601",single,1,,,,,,,,,,,,,,,,Other,single,1,DMCP,single,1,,,,,,,10,single,1,NATRONA,single,1,DEN,single,1,HOLD,single,1,,,,,,,DEN,single,1,11/10/2010,single,1,,,,,,,no,single,1,,,,,,,,,,,,,,,,,,,,,,,,,10/4/2017,single,1,,,,,,,,,,,,,,,,yes,single,1
CSYJVNY,detention,CASEY HOUSE SHELTER,single,36063,"Niagara County, NY",NY,"710 CEDAR AVE, BUFFALO, NY 14301",single,1,,,,,,,,,,,,,,,,IGSA,single,1,JFRMU,single,1,,,,,,,2,single,1,NIAGARA,single,1,BUF,single,1,JUVENILE,single,1,,,,,,,BUF,single,1,4/25/2007,single,1,,,,,,,no,single,1,,,,,,,,,,,,,,,,,,,,,,,,,5/3/2015,single,1,,,,,,,,,,,,,,,,no,single,1
CTBRICC,detention,BRIDGEPORT CORRECTIONAL CENTER,single,09120,09120,CT,"1106 NORTH AVENUE, BRIDGEPORT, CT 06604",single,1,,,,,,,,,,,,,,,,IGSA,single,1,DMCP,single,1,,,,,,,2,single,1,FAIRFIELD,single,1,HAR,single,1,,,,,,,,,,BOS,single,1,5/25/2000,single,1,,,,,,,,,,,,,,,,,,,,,,,,,,,,,,,,,,3/14/2005,single,1,,,,,,,,,,,,,,,,yes,single,1
CTCORCI,detention,CORRIGAN CORRECTIONAL INSTITUTE,single,09180,09180,CT,"986 NORWICH-NEW LONDON TURNPIKE, UNCASVILLE, CT 06382",single,1,,,,,,,,,,,,,,,,IGSA,single,1,DMCP,single,1,,,,,,,2,single,1,NEW LONDON,single,1,HAR,single,1,,,,,,,,,,BOS,single,1,10/30/1998,single,1,,,,,,,,,,,,,,,,,,,,,,,,,,,,,,,,,,10/6/2006,single,1,,,,,,,,,,,,,,,,yes,single,1
CTGARCI,detention,GARNER CORRECTIONAL INSTITUTE,single,09120|09190,09190|09120,CT,"50 NUNNSWAUK ROAD, NEWTOWN, CT 06470",single,1,,,,,,,,,,,,,,,,IGSA,single,1,DMCP,single,1,,,,,,,2,single,1,FAIRFIELD,single,1,HAR,single,1,,,,,,,,,,BOS,single,1,8/10/2000,single,1,,,,,,,,,,,,,,,,,,,,,,,,,,,,,,,,,,1/31/2007,single,1,,,,,,,,,,,,,,,,yes,single,1
CTLAFSL,detention,LAFAYETTE SHERIFFS LOCK,single,09110,09110,CT,"101 LAFAYETTE STREET, HARTFORD, CT 06106",single,1,,,,,,,,,,,,,,,,Other,single,1,DMCP,single,1,,,,,,,2,single,1,HARTFORD,single,1,HAR,single,1,HOLD,single,1,,,,,,,BOS,single,1,10/29/1992,single,1,,,,,,,no,single,1,,,,,,,,,,,,,,,,,,,,,,,,,6/26/2013,single,1,,,,,,,,,,,,,,,,yes,single,1
CTMANYI,detention,MANSON YOUTH INSTITUTE,single,09110|09140|09170,09140|09110|09170,CT,"42 JARVIS STREET, CHESHIRE, CT 06410",single,1,,,,,,,,,,,,,,,,IGSA,single,1,DMCP,single,1,,,,,,,2,single,1,NEW HAVEN,single,1,HAR,single,1,,,,,,,,,,BOS,single,1,1/17/2007,single,1,,,,,,,,,,,,,,,,,,,,,,,,,,,,,,,,,,7/26/2007,single,1,,,,,,,,,,,,,,,,yes,single,1
CTNEACI,detention,NORTHEAST CORRECTIONAL CENTER,single,09110,09110,CT,"251 MIDDLE TURNPIKE, STORRS, CT 06268",single,1,,,,,,,,,,,,,,,,IGSA,single,1,DMCP,single,1,,,,,,,2,single,1,TOLLAND,single,1,HAR,single,1,,,,,,,,,,BOS,single,1,4/26/2002,single,1,,,,,,,,,,,,,,,,,,,,,,,,,,,,,,,,,,8/25/2003,single,1,,,,,,,,,,,,,,,,yes,single,1
CTNRNCI,detention,NORTHERN CORRECTIONAL INSTITUTE,single,09110,09110,CT,"287 BILTON ROAD, SOMERS, CT 06071",single,1,,,,,,,,,,,,,,,,IGSA,single,1,DMCP,single,1,,,,,,,2,single,1,TOLLAND,single,1,HAR,single,1,,,,,,,,,,BOS,single,1,1/11/2000,single,1,,,,,,,,,,,,,,,,,,,,,,,,,,,,,,,,,,3/14/2004,single,1,,,,,,,,,,,,,,,,yes,single,1
CTOSBCI,detention,OSBORN CORRECTIONAL INSTITUTE,single,09110,09110,CT,"100 BILTON ROAD, SOMERS, CT 06071",single,1,,,,,,,,,,,,,,,,IGSA,single,1,DMCP,single,1,,,,,,,2,single,1,TOLLAND,single,1,HAR,single,1,,,,,,,,,,BOS,single,1,6/1/2000,single,1,,,,,,,yes,single,1,,,,,,,,,,,,,,,,,,,,,,,,,1/29/2007,single,1,,,,,,,,,,,,,,,,yes,single,1
CTROBCI,detention,ROBINSON CORRECTIONAL INSTITUTE,single,09110,09110,CT,"285 SHAKER ROAD, ENFIELD, CT 06082",single,1,,,,,,,,,,,,,,,,IGSA,single,1,DMCP,single,1,,,,,,,2,single,1,HARTFORD,single,1,HAR,single,1,,,,,,,,,,BOS,single,1,6/1/2000,single,1,,,,,,,,,,,,,,,,,,,,,,,,,,,,,,,,,,3/18/2003,single,1,,,,,,,,,,,,,,,,yes,single,1
CTYORCI,detention,YORK CORRECTIONAL INSTITUTION,single,09180,09180,CT,"201 WEST MAIN STREET, NIANTIC, CT 06357",single,1,,,,,,,,,,,,,,,,IGSA,single,1,DMCP,single,1,,,,,,,2,single,1,NEW LONDON,single,1,HAR,single,1,,,,,,,,,,BOS,single,1,10/17/1997,single,1,,,,,,,yes,single,1,,,,,,,,,,,,,,,,,,,,,,,,,7/23/2009,single,1,,,,,,,,,,,,,,,,yes,single,1
CULBETX,detention,CULBERSON COUNTY,single,48109,"Culberson County, TX",TX,"301 LA CAVERNA, VAN HORN, TX 79855",single,1,,,,,,,,,,,,,,,,IGSA,single,1,DMCP,single,1,,,,,,,5,single,1,CULBERSON,single,1,,,,,,,,,,,,,ELP,single,1,,,,,,,,,,no,single,1,,,,,,,,,,,,,,,,,,,,,,,,,,,,,,,,,,,,,,,,,,,yes,single,1
CULPEVA,detention,CULPEPER COUNTY ADULT DETENTION CENTER,single,51047|51113|51137,"Culpeper County, VA|Orange County, VA|Madison County, VA",VA,"131 W. CAMERON ST., CULPEPER, VA 22701",single,1,,,,,,,,,,,,,,,,IGSA,single,1,DMCP,single,1,,,,,,,4,single,1,CULPEPER,single,1,HBG,single,1,,,,,,,,,,WAS,single,1,,,,,,,,,,,,,,,,,,,,,,,,,,,,,,,,,,,,,,,,,,,,,,,,,,,,,,,yes,single,1
CUMBEIL,detention,CUMBERLAND COUNTY JAIL,single,17023|17045,"Edgar County, IL|Clark County, IL",IL,"228 NORTH CENTRAL AVENUE, PARIS, IL 61944",single,1,,,,,,,,,,,,,,,,IGSA,single,1,DMCP,single,1,,,,,,,7,single,1,CUMBERLAND,single,1,CHI,single,1,,,,,,,,,,CHI,single,1,10/16/1998,single,1,,,,,,,,,,,,,,,,,,,,,,,,,,,,,,,,,,11/6/2002,single,1,,,,,,,,,,,,,,,,yes,single,1
CUMBEME,detention,Cumberland County Jail,converged,23005,"Cumberland County, ME",ME,"50 County Way, Portland, ME 04102",converged,2,,,,,,,,,,,,,,,,USMS IGA,single,1,DMCP,single,1,,,,70,single,1,1,single,1,CUMBERLAND,single,1,POM,single,1,,,,,,,,,,BOS,converged,2,5/26/1993,single,1,,,,,,,yes,single,1,,,,,,,,,,,,,,,,,,,,,,,,,11/4/2017,single,1,,,,,,,,,,,,,(207) 774-5939,single,1,yes,single,1
CURRYNM,detention,CURRY COUNTY DETENTION FACILITY,single,35009|35041,"Curry County, NM|Roosevelt County, NM",NM,"801 MITCHELL STREET, CLOVIS, NM 88101",single,1,,,,,,,,,,,,,,,,IGSA,single,1,DMCP,single,1,,,,,,,10,single,1,CURRY COUNTY,single,1,EPC,single,1,,,,,,,,,,ELP,single,1,,,,,,,,,,,,,,,,,,,,,,,,,,,,,,,,,,,,,,,,,,,,,,,,,,,,,,,yes,single,1
CUSTEMT,detention,CUSTER COUNTY JAIL,single,30017,"Custer County, MT",MT,"1010 MAIN STREET, MILES CITY, MT 59301",single,1,,,,,,,,,,,,,,,,IGSA,single,1,DMCP,single,1,,,,,,,9,single,1,CUSTER,single,1,HEL,single,1,,,,,,,,,,SLC,single,1,3/12/1991,single,1,,,,,,,,,,,,,,,,,,,,,,,,,,,,,,,,,,10/28/2008,single,1,,,,,,,,,,,,,,,,yes,single,1
CVREGVA,detention,CENTRAL VA REGIONAL JAIL,single,51113|51137|51177,"Orange County, VA|Madison County, VA|Spotsylvania County, VA",VA,"13021 JAMES MADISON HWY, ORANGE COUNTY, VA 22960",single,1,,,,,,,,,,,,,,,,IGSA,single,1,DMCP,single,1,,,,,,,4,single,1,ORANGE,single,1,WAS,single,1,,,,,,,,,,WAS,single,1,9/5/1990,single,1,,,,,,,,,,,,,,,,,,,,,,,,,,,,,,,,,,2/27/2017,single,1,,,,,,,,,,,,,,,,yes,single,1
DADECFL,detention,DADE COUNTY CORRECTIONAL,single,12086|12087,"Miami-Dade County, FL|Monroe County, FL",FL,"1321 NW 13 STREET, MIAMI, FL 33034",single,1,,,,,,,,,,,,,,,,IGSA,single,1,DMCP,single,1,,,,,,,11,single,1,MIAMI-DADE,single,1,MIA,single,1,,,,,,,,,,MIA,single,1,12/12/1988,single,1,,,,,,,,,,,,,,,,,,,,,,,,,,,,,,,,,,5/17/2007,single,1,,,,,,,,,,,,,,,,yes,single,1
DAKOTNE,detention,DAKOTA COUNTY JAIL,conflict,31043,"Dakota County, NE",NE,"1601 BROADWAY, DAKOTA CITY, NE 68731",conflict,3,15.7,single,1,5.7,single,1,7.4,single,1,7,single,1,35.8,single,1,USMS IGA,converged,2,DMCP,single,1,23.3,single,1,20,single,1,8,single,1,DAKOTA,single,1,OMA,single,1,,,,2.7,single,1,2.5,single,1,SPM,converged,3,11/21/1994,single,1,Female/Male,single,1,,,,no,single,1,8.2,single,1,4.1,single,1,8.7,single,1,,,,Pass,single,1,2024-12-07,single,1,ORSA NDS 2019,single,1,ORSA,single,1,11/4/2017,single,1,13.2,single,1,17.4,single,1,23.8,single,1,14.7,single,1,(402) 987-2176,single,1,yes,single,1
DALCOIA,detention,DALLAS COUNTY SHERIFFS OFFICE,single,19049,"Dallas County, IA",IA,"201 NORTH 8TH STREET, ADEL, IA 50003",single,1,,,,,,,,,,,,,,,,IGSA,single,1,DMCP,single,1,,,,,,,8,single,1,DALLAS,single,1,SPM,single,1,,,,,,,,,,SPM,single,1,9/17/1998,single,1,,,,,,,,,,,,,,,,,,,,,,,,,,,,,,,,,,8/1/2005,single,1,,,,,,,,,,,,,,,,yes,single,1
DALCOTX,detention,DALLAS COUNTY JAIL - LEW STERRETT JUSTICE CENTER,single,48113,"Dallas County, TX",TX,"111 WEST COMMERCE STREET, DALLAS, TX 75202",single,1,,,,,,,,,,,,,,,,USMS IGA,single,1,DMCP,single,1,,,,,,,5,single,1,DALLAS,single,1,DAL,single,1,,,,,,,,,,DAL,single,1,5/7/1990,single,1,,,,,,,no,single,1,,,,,,,,,,,,,,,,,,,,,,,,,11/4/2017,single,1,,,,,,,,,,,,,,,,yes,single,1
DALHOLD,detention,DALLAS FIELD OFFICE HOLD ROOM,single,48113,"Dallas County, TX",TX,"8101 N STEMMONS FWY, DALLAS, TX 75247",single,1,,,,,,,,,,,,,,,,Other,single,1,DMCP,single,1,,,,,,,5,single,1,DALLAS,single,1,DAL,single,1,HOLD,single,1,,,,,,,DAL,single,1,2/26/1997,single,1,,,,,,,no,single,1,,,,,,,,,,,,,,,,,,,,,,,,,9/25/2017,single,1,,,,,,,,,,,,,,,,yes,single,1
DANCOWI,detention,DANE COUNTY JAIL,single,55025,"Dane County, WI",WI,"21 MARTIN LUTHER KING DRIVE, MADISON, WI 53703",single,1,,,,,,,,,,,,,,,,IGSA,single,1,DMCP,single,1,,,,,,,7,single,1,DANE,single,1,CHI,single,1,,,,,,,,,,CHI,single,1,2/12/1999,single,1,,,,,,,no,single,1,,,,,,,,,,,,,,,,,,,,,,,,,12/4/2007,single,1,,,,,,,,,,,,,,,,yes,single,1
DAPHNAL,detention,DAPHNE POLICE DEPARTMENT CORRECTIONAL CENTER,single,01003,"Baldwin County, AL",AL,"1502 US HWY 98, DAPHNE, AL 36526",single,1,,,,,,,,,,,,,,,,IGSA,single,1,DMCP,single,1,,,,,,,11,single,1,BALDWIN,single,1,NOL,single,1,,,,,,,,,,NOL,single,1,6/2/2004,single,1,,,,,,,no,single,1,,,,,,,,,,,,,,,,,,,,,,,,,11/21/2004,single,1,,,,,,,,,,,,,,,,yes,single,1
DAUPHPA,detention,DAUPHIN COUNTY JAIL PA,single,42043,"Dauphin County, PA",PA,"501 MALL ROAD, HARRISBURG, PA 17111",single,1,,,,,,,,,,,,,,,,Other,single,1,DMCP,single,1,,,,,,,3,single,1,DAUPHIN,single,1,,,,,,,,,,,,,PHI,single,1,7/3/2017,single,1,,,,,,,,,,,,,,,,,,,,,,,,,,,,,,,,,,7/3/2017,single,1,,,,,,,,,,,,,,,,yes,single,1
DAVIDTN,detention,DAVIDSON COUNTY SHERIFF,single,47037,"Davidson County, TN",TN,"448 2ND AVENUE, NASHVILLE, TN 37210",single,1,,,,,,,,,,,,,,,,IGSA,single,1,DMCP,single,1,,,,,,,6,single,1,DAVIDSON,single,1,NOL,single,1,,,,,,,,,,NOL,single,1,5/21/1997,single,1,,,,,,,yes,single,1,,,,,,,,,,,,,,,,,,,,,,,,,11/4/2017,single,1,,,,,,,,,,,,,,,,yes,single,1
DAVISSD,detention,DAVISON COUNTY (SOUTH DAKOTA),single,46035|46061,"Davison County, SD|Hanson County, SD",SD,"1015 SOUTH MILLER AVENUE, MITCHELL, SD 57301",single,1,,,,,,,,,,,,,,,,IGSA,single,1,DMCP,single,1,,,,,,,8,single,1,DAVISON,single,1,SPM,single,1,,,,,,,,,,SPM,single,1,5/13/1996,single,1,,,,,,,,,,,,,,,,,,,,,,,,,,,,,,,,,,11/16/2005,single,1,,,,,,,,,,,,,,,,yes,single,1
DAVISUT,detention,DAVIS COUNTY,converged,49011,"Davis County, UT",UT,"800 WEST STATE STREET, FARMINGTON, UT 84025",converged,2,3.6,single,1,1.3,single,1,0.2,single,1,0.4,single,1,5.5,single,1,USMS IGA,conflict,2,DMCP,single,1,3.7,single,1,,,,10,single,1,DAVIS,single,1,SLC,single,1,,,,0,single,1,0.7,single,1,SLC,converged,2,9/6/1992,single,1,Female/Male,single,1,,,,yes,single,1,1.1,single,1,0.6,single,1,1.1,single,1,,,,,,,,,,,,,,,,7/14/2008,single,1,1.3,single,1,3.5,single,1,3.2,single,1,2.8,single,1,,,,yes,single,1
DAWSOMT,detention,DAWSON COUNTY JAIL,single,30021|30079,"Dawson County, MT|Prairie County, MT",MT,"207 WEST BELL, GLENDIVE, MT 59330",single,1,,,,,,,,,,,,,,,,IGSA,single,1,DMCP,single,1,,,,,,,9,single,1,DAWSON,single,1,HEL,single,1,,,,,,,,,,SLC,single,1,6/4/2006,single,1,,,,,,,,,,,,,,,,,,,,,,,,,,,,,,,,,,9/23/2013,single,1,,,,,,,,,,,,,,,,yes,single,1
DAWSONE,detention,DAWSON COUNTY JAIL,single,31041|31047|31073,"Dawson County, NE|Gosper County, NE|Custer County, NE",NE,"709 N GRANT ST, LEXINGTON, NE 68850",single,1,,,,,,,,,,,,,,,,IGSA,single,1,DMCP,single,1,,,,,,,8,single,1,DAWSON,single,1,OMA,single,1,,,,,,,,,,SPM,single,1,1/26/1994,single,1,,,,,,,no,single,1,,,,,,,,,,,,,,,,,,,,,,,,,6/30/2004,single,1,,,,,,,,,,,,,,,,yes,single,1
DCDOCDC,detention,DC DEPARTMENT OF CORRECTIONS,single,11001,"District of Columbia, DC",DC,"1923 VERMONT AVENUE NORTHWEST, WASHINGTON, DC 20001",single,1,,,,,,,,,,,,,,,,USMS IGA,single,1,DMCP,single,1,,,,,,,4,single,1,DISTRICT OF COLUMBIA,single,1,WAS,single,1,,,,,,,,,,WAS,single,1,3/9/1992,single,1,,,,,,,,,,,,,,,,,,,,,,,,,,,,,,,,,,11/3/2009,single,1,,,,,,,,,,,,,,,,yes,single,1
DEAPDMI,detention,DEARBORN POLICE DEPARTMENT,single,26163,"Wayne County, MI",MI,"16099 MICHIGAN AVE, DEARBORN, MI 48126",single,1,,,,,,,,,,,,,,,,IGSA,single,1,DMCP,single,1,,,,8,single,1,6,single,1,WAYNE,single,1,DET,single,1,,,,,,,,,,DET,single,1,3/19/1991,single,1,,,,75,single,1,no,single,1,,,,,,,,,,,,,,,,,,,,,,,,,11/4/2017,single,1,,,,,,,,,,,,,,,,yes,single,1
DEKABAL,detention,DEKALB COUNTY JAIL,single,01049,"DeKalb County, AL",AL,"2801 JORDAN RD SW, FT PAYNE, AL 35968",single,1,,,,,,,,,,,,,,,,USMS IGA,single,1,DMCP,single,1,,,,,,,11,single,1,DEKALB COUNTY,single,1,,,,,,,,,,,,,NOL,single,1,,,,,,,,,,,,,,,,,,,,,,,,,,,,,,,,,,,,,,,,,,,,,,,,,,,,,,,yes,single,1
DEKALAL,detention,DEKALB COUNTY DETENTION CENTER,single,01049,"DeKalb County, AL",AL,"2801 JORDAN ROAD, FORT PAYNE, AL 35968",single,1,,,,,,,,,,,,,,,,USMS IGA,single,1,DMCP,single,1,,,,60,single,1,11,single,1,DEKALB,single,1,NOL,single,1,,,,,,,,,,NOL,single,1,9/2/2008,single,1,,,,,,,yes,single,1,,,,,,,,,,,,,,,,,,,,,,,,,11/4/2017,single,1,,,,,,,,,,,,,,,,yes,single,1
DEKALGA,detention,DEKALB COUNTY JAIL,single,13089,"DeKalb County, GA",GA,"4415 MEMORIAL DR, DECATUR, GA 30032",single,1,,,,,,,,,,,,,,,,IGSA,single,1,DMCP,single,1,,,,,,,11,single,1,DEKALB,single,1,ATL,single,1,,,,,,,,,,ATL,single,1,5/26/1981,single,1,,,,,,,,,,,,,,,,,,,,,,,,,,,,,,,,,,12/28/2009,single,1,,,,,,,,,,,,,,,,yes,single,1
DELAWNY,detention,DELAWARE COUNTY JAIL,single,36025,"Delaware County, NY",NY,"COURT HOUSE SQUARE 280 PHOEBEE LANE, DELHI, NY 13753",single,1,,,,,,,,,,,,,,,,IGSA,single,1,DMCP,single,1,,,,,,,2,single,1,DELAWARE,single,1,BUF,single,1,,,,,,,,,,BUF,single,1,10/29/1987,single,1,,,,,,,,,,,,,,,,,,,,,,,,,,,,,,,,,,2/7/2008,single,1,,,,,,,,,,,,,,,,yes,single,1
DELAWPA,detention,DELAWARE CO JAIL (GEORGE W. HILL),single,42029|42045,"Delaware County, PA|Chester County, PA",PA,"500 CHAYNEY ROAD, THORNTON, PA 19373",single,1,,,,,,,,,,,,,,,,USMS IGA,single,1,DMCP,single,1,,,,,,,3,single,1,DELAWARE,single,1,PHI,single,1,,,,,,,,,,PHI,single,1,7/15/2015,single,1,,,,,,,no,single,1,,,,,,,,,,,,,,,,,,,,,,,,,11/4/2017,single,1,,,,,,,,,,,,,,,,yes,single,1
DELTACO,detention,DELTA COUNTY JAIL,single,08029|08085,"Delta County, CO|Montrose County, CO",CO,"P.O. BOX 172, DELTA, CO 81416",single,1,,,,,,,,,,,,,,,,IGSA,single,1,DMCP,single,1,,,,,,,10,single,1,DELTA,single,1,DEN,single,1,,,,,,,,,,DEN,single,1,7/15/1991,single,1,,,,,,,,,,,,,,,,,,,,,,,,,,,,,,,,,,8/5/2009,single,1,,,,,,,,,,,,,,,,yes,single,1
DELWAOH,detention,DELAWARE COUNTY JAIL,single,39041|39159,"Delaware County, OH|Union County, OH",OH,"844 US 42 NORTH, DELAWARE, OH 43015",single,1,,,,,,,,,,,,,,,,USMS IGA,single,1,DMCP,single,1,,,,,,,6,single,1,DELAWARE,single,1,,,,,,,,,,,,,DET,single,1,,,,,,,,,,no,single,1,,,,,,,,,,,,,,,,,,,,,,,,,,,,,,,,,,,,,,,,,,,yes,single,1
DENCICO,detention,DENVER CITY PADF,single,08031,"Denver County, CO",CO,"1330 CHEROKEE STREET, DENVER, CO 80201",single,1,,,,,,,,,,,,,,,,IGSA,single,1,DMCP,single,1,,,,,,,10,single,1,DENVER,single,1,DEN,single,1,,,,,,,,,,DEN,single,1,5/10/1991,single,1,,,,,,,,,,,,,,,,,,,,,,,,,,,,,,,,,,10/13/2009,single,1,,,,,,,,,,,,,,,,yes,single,1
DENHOLD,detention,DENVER HOLD ROOM,single,08001|08031,"Denver County, CO|Adams County, CO",CO,"4730 PARIS ST., DENVER, CO 80239",single,1,,,,,,,,,,,,,,,,Other,single,1,DMCP,single,1,,,,,,,10,single,1,DENVER,single,1,DEN,single,1,HOLD,single,1,,,,,,,DEN,single,1,10/7/2007,single,1,,,,,,,no,single,1,,,,,,,,,,,,,,,,,,,,,,,,,11/1/2017,single,1,,,,,,,,,,,,,,,,yes,single,1
DENICDF,detention,DENVER CONTRACT DETENTION FACILITY,conflict,08001|08005|08031,"Adams County, CO|Arapahoe County, CO|Denver County, CO",CO,"3130 OAKLAND ST, AURORA, CO 80010",conflict,3,559.6,single,1,240.2,single,1,247.4,single,1,159.5,single,1,1206.7,single,1,CDF,converged,2,DMCP,single,1,50.7,single,1,848,single,1,10,single,1,ARAPAHOE,single,1,DEN,single,1,,,,20.5,single,1,79.7,single,1,DEN,converged,3,4/11/1987,single,1,Female/Male,single,1,600,conflict,2,yes,single,1,153.6,single,1,84.1,single,1,120.3,single,1,Aurora Immigration Court (co-located — same ZIP),single,1,Pass,single,1,2025-02-13,single,1,PBNDS 2011 - 2016 Revisions,single,1,ODO,single,1,11/4/2017,single,1,274,single,1,832.3,single,1,592.5,single,1,848.6,single,1,(303) 361-6612,single,1,yes,single,1
DENIICO,detention,Denver CDF II,single,08001|08005|08031,"Adams County, CO|Arapahoe County, CO|Denver County, CO",CO,"3130 North Oakland Street, Aurora, CO 80010",single,1,,,,,,,,,,,,,,,,CDF,single,1,,,,,,,,,,10,single,1,Arapahoe,single,1,,,,,,,,,,,,,DEN,single,1,,,,,,,432,single,1,yes,single,1,,,,,,,,,,Aurora Immigration Court (co-located — same ZIP),single,1,,,,,,,,,,,,,,,,,,,,,,,,,,,,,,,,,
DENTOTX,detention,DENTON COUNTY JAIL,single,48121,"Denton County, TX",TX,"127 NORTH WOODROW LANE, DENTON, TX 76205",single,1,,,,,,,,,,,,,,,,IGSA,single,1,DMCP,single,1,,,,,,,5,single,1,DENTON,single,1,DAL,single,1,,,,,,,,,,DAL,single,1,4/21/1995,single,1,,,,,,,,,,,,,,,,,,,,,,,,,,,,,,,,,,8/18/2004,single,1,,,,,,,,,,,,,,,,yes,single,1
DENVECO,detention,DENVER COUNTY JAIL,single,08001|08031,"Denver County, CO|Adams County, CO",CO,"10500 EAST SMITH ROAD, DENVER, CO 80239",single,1,,,,,,,,,,,,,,,,USMS IGA,single,1,DMCP,single,1,,,,,,,10,single,1,DENVER,single,1,DEN,single,1,,,,,,,,,,DEN,single,1,3/7/1991,single,1,,,,,,,yes,single,1,,,,,,,,,,,,,,,,,,,,,,,,,10/16/2013,single,1,,,,,,,,,,,,,,,,yes,single,1
DEPCOGU,detention,DEPARTMENT OF CORRECTIONS - MANGILAO,single,66010,"Guam, GU",GU,"3 MASHBURN LANE, MANGILAO, GU 96913",single,1,,,,,,,,,,,,,,,,IGSA,single,1,DMCP,single,1,,,,,,,9,single,1,GUAM,single,1,AGA,single,1,,,,,,,,,,SFR,single,1,1/23/1995,single,1,,,,,,,yes,single,1,,,,,,,,,,,,,,,,,,,,,,,,,11/4/2017,single,1,,,,,,,,,,,,,,,,yes,single,1
DEPYOGU,detention,DEPARTMENT OF YOUTH AFFAIRS,single,66010,"Guam, GU",GU,"169 SAN ISIDRO ST. BLDG. C, BARRIGADA, GU 96921",single,1,,,,,,,,,,,,,,,,IGSA,single,1,JFRMU,single,1,,,,,,,9,single,1,GUAM,single,1,AGA,single,1,JUVENILE,single,1,,,,,,,SFR,single,1,12/28/2000,single,1,,,,,,,,,,,,,,,,,,,,,,,,,,,,,,,,,,5/26/2009,single,1,,,,,,,,,,,,,,,,no,single,1
DESCHOR,detention,DESCHUTES COUNTY JAIL,single,41013|41017,"Deschutes County, OR|Crook County, OR",OR,"DESCHUTES COUNTY SHERIFF'S DEPARTMENT, BEND, OR 97701",single,1,,,,,,,,,,,,,,,,IGSA,single,1,DMCP,single,1,,,,,,,9,single,1,DESCHUTES,single,1,POO,single,1,,,,,,,,,,SEA,single,1,5/16/1991,single,1,,,,,,,,,,,,,,,,,,,,,,,,,,,,,,,,,,2/7/2004,single,1,,,,,,,,,,,,,,,,yes,single,1
DETHOLD,detention,U.S. IMMIGRATION DETROIT,single,26163,"Wayne County, MI",MI,"333 MT. ELLIOT AVE, DETROIT, MI 48207",single,1,,,,,,,,,,,,,,,,Other,single,1,DMCP,single,1,,,,,,,6,single,1,WAYNE,single,1,DET,single,1,HOLD,single,1,,,,,,,DET,single,1,6/10/1991,single,1,,,,,,,no,single,1,,,,,,,,,,,,,,,,,,,,,,,,,9/27/2017,single,1,,,,,,,,,,,,,,,,yes,single,1
DEVILND,detention,DEVILS LAKE LAW ENFORCEMENT CENTER,single,38071,"Ramsey County, ND",ND,"222 WEST WALNUT, DEVILS LAKE, ND 58301",single,1,,,,,,,,,,,,,,,,IGSA,single,1,DMCP,single,1,,,,,,,8,single,1,RAMSEY,single,1,SPM,single,1,,,,,,,,,,SPM,single,1,3/17/1992,single,1,,,,,,,,,,,,,,,,,,,,,,,,,,,,,,,,,,10/24/2005,single,1,,,,,,,,,,,,,,,,yes,single,1
DEWITIL,detention,DEWITT COUNTY JAIL,single,17039,"De Witt County, IL",IL,"101 WEST WASHINGTON, CLINTON, IL 61727",single,1,,,,,,,,,,,,,,,,IGSA,single,1,DMCP,single,1,,,,,,,7,single,1,DE WITT,single,1,CHI,single,1,,,,,,,,,,CHI,single,1,6/27/1997,single,1,,,,,,,no,single,1,,,,,,,,,,,,,,,,,,,,,,,,,8/13/2006,single,1,,,,,,,,,,,,,,,,yes,single,1
DHDFNJ,detention,DELANEY HALL DETENTION FACILITY,converged,34013,"Essex County, NJ",NJ,"451 DOREMUS AVENUE, NEWARK, NJ 07105",converged,3,724.4,single,1,83,single,1,2.4,single,1,1.8,single,1,811.6,single,1,CDF,conflict,2,DMCP,single,1,22,single,1,,,,3,single,1,NEWARK,single,1,NEW,single,1,,,,1.9,single,1,54.7,single,1,NEW,converged,3,8/29/2011,single,1,Female/Male,single,1,700,single,1,yes,single,1,5.6,single,1,23.1,single,1,63.4,single,1,,,,Pass,single,1,2025-08-28,single,1,NDS 2019,single,1,ODO,single,1,2/22/2017,single,1,52.2,single,1,702.9,single,1,401.5,single,1,719.5,single,1,(973) 474-2200,single,1,yes,single,1
DICKETX,detention,DICKENS COUNTY DETENTION,single,48107|48125,"Dickens County, TX|Crosby County, TX",TX,"100 AIRPORT RD., SPUR, TX 79370",single,1,,,,,,,,,,,,,,,,IGSA,single,1,DMCP,single,1,,,,,,,5,single,1,DICKENS,single,1,DAL,single,1,,,,,,,,,,DAL,single,1,7/6/2004,single,1,,,,,,,yes,single,1,,,,,,,,,,,,,,,,,,,,,,,,,3/28/2007,single,1,,,,,,,,,,,,,,,,yes,single,1
DLAMOCA,detention,DEL AMO PSYCHIATRIC HOSPITAL,single,06037,"Los Angeles County, CA",CA,"23700 CAMINO DEL SOL, TORRANCE, CA 90505",single,1,,,,,,,,,,,,,,,,Other,single,1,OTHER,single,1,,,,,,,9,single,1,LOS ANGELES,single,1,LOS,single,1,HOSPITAL,single,1,,,,,,,LOS,single,1,,,,,,,,,,,,,,,,,,,,,,,,,,,,,,,,,,,,,,,,,,,,,,,,,,,,,,,no,single,1
DLRHOLD,detention,DEL RIO HOLD ROOM,single,48137|48465,"Val Verde County, TX|Edwards County, TX",TX,"2401 DODSON AVENUE, DEL RIO, TX 78840",single,1,,,,,,,,,,,,,,,,Other,single,1,DMCP,single,1,,,,,,,5,single,1,VAL VERDE,single,1,SNA,single,1,HOLD,single,1,,,,,,,SNA,single,1,7/1/2013,single,1,,,,,,,no,single,1,,,,,,,,,,,,,,,,,,,,,,,,,10/30/2017,single,1,,,,,,,,,,,,,,,,yes,single,1
DNHMCCO,detention,DENVER HEALTH MEDICAL CENTER,single,08031|08059,"Denver County, CO|Jefferson County, CO",CO,"777 BANNOCK STREET, DENVER, CO 80204",single,1,,,,,,,,,,,,,,,,Other,single,1,OTHER,single,1,,,,,,,10,single,1,DENVER,single,1,DEN,single,1,HOSPITAL,single,1,,,,,,,DEN,single,1,5/20/2014,single,1,,,,,,,,,,,,,,,,,,,,,,,,,,,,,,,,,,9/30/2017,single,1,,,,,,,,,,,,,,,,no,single,1
DOCORNE,detention,DOUGLAS COUNTY DEPARTMENT OF CORRECTIONS,single,31055,"Douglas County, NE",NE,"710 SOUTH 17TH ST, OMAHA, NE 68102",single,1,,,,,,,,,,,,,,,,IGSA,single,1,DMCP,single,1,,,,,,,8,single,1,DOUGLAS,single,1,OMA,single,1,,,,,,,,,,SPM,single,1,3/5/1991,single,1,,,,,,,yes,single,1,,,,,,,,,,,,,,,,,,,,,,,,,11/4/2017,single,1,,,,,,,,,,,,,,,,yes,single,1
DODGEIA,detention,CAMP DODGE,single,19153,"Polk County, IA",IA,"7105 NW 7OTH AVE., JOHNSTON, IA 50131",single,1,,,,,,,,,,,,,,,,IGSA,single,1,DMCP,single,1,,,,,,,8,single,1,POLK,single,1,SPM,single,1,,,,,,,,,,SPM,single,1,12/12/2006,single,1,,,,,,,,,,,,,,,,,,,,,,,,,,,,,,,,,,12/14/2006,single,1,,,,,,,,,,,,,,,,yes,single,1
DODGENE,detention,DODGE COUNTY JAIL,single,31053|31155|31177,"Dodge County, NE|Saunders County, NE|Washington County, NE",NE,"428 NORTH BROAD STREET, FREMONT, NE 68025",single,1,,,,,,,,,,,,,,,,IGSA,single,1,DMCP,single,1,,,,,,,8,single,1,DODGE,single,1,OMA,single,1,,,,,,,,,,SPM,single,1,3/3/1996,single,1,,,,,,,,,,,,,,,,,,,,,,,,,,,,,,,,,,2/5/2003,single,1,,,,,,,,,,,,,,,,yes,single,1
DODGEWI,detention,DODGE COUNTY JAIL,conflict,55027,"Dodge County, WI",WI,"215 WEST CENTRAL STREET, JUNEAU, WI 53039",conflict,3,45.3,single,1,11.1,single,1,31.5,single,1,21.1,single,1,109,single,1,USMS IGA,converged,2,DMCP,single,1,22.3,single,1,265,single,1,7,single,1,DODGE,single,1,CHI,single,1,,,,0,single,1,0,single,1,CHI,converged,3,9/2/1986,single,1,Female/Male,single,1,,,,yes,single,1,23.2,single,1,15.3,single,1,16.9,single,1,,,,Pass,single,1,2025-04-03,single,1,NDS 2019,single,1,ODO,single,1,11/4/2017,single,1,42.8,single,1,66.2,single,1,69.1,single,1,53.5,single,1,(312) 347-2400,single,1,yes,single,1
DONAANM,detention,DONA ANA COUNTY DETENTION CENTER,single,35013,"Doña Ana County, NM",NM,"1850 COPPER LOOP, LAS CRUCES, NM 88004",single,1,,,,,,,,,,,,,,,,IGSA,single,1,DMCP,single,1,,,,,,,10,single,1,DONA ANA,single,1,ELP,single,1,,,,,,,,,,ELP,single,1,5/8/2001,single,1,,,,,,,no,single,1,,,,,,,,,,,,,,,,,,,,,,,,,2/5/2017,single,1,,,,,,,,,,,,,,,,yes,single,1
DORCHMD,detention,DORCHESTER COUNTY DETENTION CENTER,single,24019,"Dorchester County, MD",MD,"829 FIELDCREST ROAD, CAMBRIDGE, MD 21613",single,1,,,,,,,,,,,,,,,,IGSA,single,1,DMCP,single,1,,,,,,,4,single,1,DORCHESTER,single,1,WCD,single,1,,,,,,,,,,BAL,single,1,9/29/1995,single,1,,,,,,,yes,single,1,,,,,,,,,,,,,,,,,,,,,,,,,6/6/2013,single,1,,,,,,,,,,,,,,,,yes,single,1
DOUGLCO,detention,DOUGLAS COUNTY JAIL,single,08035,"Douglas County, CO",CO,"355 SOUTH WILCOX, CASTLE ROCK, CO 80104",single,1,,,,,,,,,,,,,,,,IGSA,single,1,DMCP,single,1,,,,,,,10,single,1,DOUGLAS,single,1,DEN,single,1,,,,,,,,,,DEN,single,1,1/9/1991,single,1,,,,,,,no,single,1,,,,,,,,,,,,,,,,,,,,,,,,,5/19/2014,single,1,,,,,,,,,,,,,,,,yes,single,1
DOUGLMN,detention,DOUGLAS COUNTY,single,27041|27121,"Douglas County, MN|Pope County, MN",MN,"BOX 56, ALEXANDRIA, MN 56308",single,1,,,,,,,,,,,,,,,,IGSA,single,1,DMCP,single,1,,,,,,,8,single,1,DOUGLAS,single,1,SPM,single,1,,,,,,,,,,SPM,single,1,8/20/1996,single,1,,,,,,,,,,,,,,,,,,,,,,,,,,,,,,,,,,5/23/2007,single,1,,,,,,,,,,,,,,,,yes,single,1
DOUGLOR,detention,DOUGLAS COUNTY,single,41019,"Douglas County, OR",OR,"DOUGLAS COUNTY SHERIFF'S OFFICE, ROSEBURG, OR 97470",single,1,,,,,,,,,,,,,,,,IGSA,single,1,DMCP,single,1,,,,,,,9,single,1,DOUGLAS,single,1,MED,single,1,,,,,,,,,,SEA,single,1,4/4/1991,single,1,,,,,,,no,single,1,,,,,,,,,,,,,,,,,,,,,,,,,2/27/2013,single,1,,,,,,,,,,,,,,,,yes,single,1
DOUGLWI,detention,DOUGLAS COUNTY,conflict,55031,"Douglas County, WI",WI,"1409 HAMMOND AVENUE, SUPERIOR, WI 54880",conflict,3,13.3,single,1,7,single,1,3.2,single,1,0.6,single,1,24.1,single,1,USMS IGA,conflict,2,DMCP,single,1,42.1,single,1,,,,7,single,1,DOUGLAS,single,1,CHI,single,1,,,,0,single,1,3.6,single,1,SPM,conflict,3,1/4/1995,single,1,Female/Male,single,1,,,,yes,single,1,1.6,single,1,1.2,single,1,2.7,single,1,,,,,,,Scheduled FY26,single,1,,,,,,,8/20/2017,single,1,4.1,single,1,16.3,single,1,12.9,single,1,18.7,single,1,(715) 395-1375,single,1,yes,single,1
DRURYCO,detention,DRURY INN,single,08001|08031,"Denver County, CO|Adams County, CO",CO,"4380 PEORIA ST, DENVER, CO 80239",single,1,,,,,,,,,,,,,,,,Other,single,1,OTHER,single,1,,,,,,,10,single,1,DENVER,single,1,DEN,single,1,,,,,,,,,,DEN,single,1,3/23/2006,single,1,,,,,,,,,,,,,,,,,,,,,,,,,,,,,,,,,,4/2/2017,single,1,,,,,,,,,,,,,,,,no,single,1
DSMHOLD,detention,DES MOINES HOLD ROOM,single,19153,"Polk County, IA",IA,"UNAVAILABLE, DES MOINES, IA 50301",single,1,,,,,,,,,,,,,,,,Other,single,1,DMCP,single,1,,,,,,,8,single,1,POLK,single,1,OMA,single,1,HOLD,single,1,,,,,,,SPM,single,1,6/17/2013,single,1,,,,,,,no,single,1,,,,,,,,,,,,,,,,,,,,,,,,,9/30/2017,single,1,,,,,,,,,,,,,,,,yes,single,1
DSRTVCA,detention,DESERT VALLEY HOSPITAL,single,06071,"San Bernardino County, CA",CA,"16850 BEAR VALLEY ROAD, VICTORVILLE, CA 92395",single,1,,,,,,,,,,,,,,,,Other,single,1,OTHER,single,1,,,,,,,9,single,1,COUNTY,single,1,ADE,single,1,HOSPITAL,single,1,,,,,,,LOS,single,1,6/11/2014,single,1,,,,,,,,,,,,,,,,,,,,,,,,,,,,,,,,,,12/27/2016,single,1,,,,,,,,,,,,,,,,no,single,1
DUGLSCO,detention,DOUGLAS COUNTY DETENTION FACILITY,single,08035,"Douglas County, CO",CO,"4000 JUSTICE WAY, CASTLE ROCK, CO 80109",single,1,,,,,,,,,,,,,,,,IGSA,single,1,DMCP,single,1,,,,,,,10,single,1,DOUGLAS,single,1,DEN,single,1,,,,,,,,,,DEN,single,1,9/26/2006,single,1,,,,,,,no,single,1,,,,,,,,,,,,,,,,,,,,,,,,,6/25/2007,single,1,,,,,,,,,,,,,,,,yes,single,1
DUPAGIL,detention,DUPAGE COUNTY SHERIFF'S OFFICE,single,17043,"DuPage County, IL",IL,"501 NORTH COUNTY FARM ROAD, WHEATON, IL 60187",single,1,,,,,,,,,,,,,,,,IGSA,single,1,DMCP,single,1,,,,,,,7,single,1,DUPAGE,single,1,CHI,single,1,,,,,,,,,,CHI,single,1,6/13/1985,single,1,,,,,,,no,single,1,,,,,,,,,,,,,,,,,,,,,,,,,8/14/2003,single,1,,,,,,,,,,,,,,,,yes,single,1
DURHOLD,detention,DURANGO HOLDROOM,single,08067,"La Plata County, CO",CO,"32 SHEPPARD DRIVE, DURANGO, CO 81303",single,1,,,,,,,,,,,,,,,,Other,single,1,DMCP,single,1,,,,,,,10,single,1,FLOYD,single,1,DEN,single,1,HOLD,single,1,,,,,,,DEN,single,1,,,,,,,,,,no,single,1,,,,,,,,,,,,,,,,,,,,,,,,,,,,,,,,,,,,,,,,,,,yes,single,1
DURJFAZ,detention,MARICOPA DURANGO - PHO,single,04013,"Maricopa County, AZ",AZ,"3225 W. GIBSON LANE, PHOENIX, AZ 85009",single,1,,,,,,,,,,,,,,,,USMS IGA,single,1,DMCP,single,1,,,,,,,9,single,1,MARICOPA,single,1,PHO,single,1,,,,,,,,,,PHO,single,1,,,,,,,,,,no,single,1,,,,,,,,,,,,,,,,,,,,,,,,,,,,,,,,,,,,,,,,,,,yes,single,1
DUTCHAK,detention,UNALASKA CITY JAIL,single,02016,"Aleutians West Census Area, AK",AK,"29 SAFETY WAY, UNALASKA, AK 99685",single,1,,,,,,,,,,,,,,,,IGSA,single,1,DMCP,single,1,,,,,,,9,single,1,ALEUTIANS WEST,single,1,SEA,single,1,,,,,,,,,,SEA,single,1,11/14/1995,single,1,,,,,,,no,single,1,,,,,,,,,,,,,,,,,,,,,,,,,1/25/2009,single,1,,,,,,,,,,,,,,,,yes,single,1
DUVALFL,detention,DUVAL/JACKSONVILLE JAIL,single,12031,"Duval County, FL",FL,"500 EAST ADAMS STREET, JACKSONVILLE, FL 32202",single,1,,,,,,,,,,,,,,,,IGSA,single,1,DMCP,single,1,,,,,,,11,single,1,DUVAL,single,1,ORL,single,1,,,,,,,,,,MIA,single,1,10/13/2008,single,1,,,,,,,no,single,1,,,,,,,,,,,,,,,,,,,,,,,,,9/13/2009,single,1,,,,,,,,,,,,,,,,yes,single,1
DVDHOLD,detention,DOVER HOLDROOM,single,10001,"Kent County, DE",DE,"1305 MCD DRIVE, DOVER, DE 19901",single,1,,,,,,,,,,,,,,,,Other,single,1,DMCP,single,1,,,,,,,3,single,1,KENT,single,1,DVD,single,1,HOLD,single,1,,,,,,,PHI,single,1,4/23/2009,single,1,,,,,,,no,single,1,,,,,,,,,,,,,,,,,,,,,,,,,9/13/2016,single,1,,,,,,,,,,,,,,,,yes,single,1
DVHOSTX,detention,DOLLY VINSANT,single,48061,"Cameron County, TX",TX,"400 HWY 77 WEST, SAN BENITO, TX 78586",single,1,,,,,,,,,,,,,,,,Other,single,1,OTHER,single,1,,,,,,,5,single,1,CAMERON,single,1,PIC,single,1,HOSPITAL,single,1,,,,,,,SNA,single,1,7/26/1996,single,1,,,,,,,,,,,,,,,,,,,,,,,,,,,,,,,,,,10/16/2005,single,1,,,,,,,,,,,,,,,,no,single,1
DVPSYAZ,detention,DESERT VISTA PSYCHIATRIC,single,04013,"Maricopa County, AZ",AZ,"570 WEST BROWN ROAD, MESA, AZ 85201",single,1,,,,,,,,,,,,,,,,Other,single,1,OTHER,single,1,,,,,,,9,single,1,MARICOPA,single,1,FLO,single,1,HOSPITAL,single,1,,,,,,,PHO,single,1,1/20/2002,single,1,,,,,,,,,,,,,,,,,,,,,,,,,,,,,,,,,,1/6/2003,single,1,,,,,,,,,,,,,,,,no,single,1
EAGLECO,detention,EAGLE COUNTY JAIL,single,08037,"Eagle County, CO",CO,"885 CHAMBERS AVE., EAGLE, CO 81631",single,1,,,,,,,,,,,,,,,,IGSA,single,1,DMCP,single,1,,,,,,,10,single,1,EAGLE,single,1,DEN,single,1,,,,,,,,,,DEN,single,1,11/19/1990,single,1,,,,,,,no,single,1,,,,,,,,,,,,,,,,,,,,,,,,,5/6/2014,single,1,,,,,,,,,,,,,,,,yes,single,1
EASTEVA,detention,EASTERN SHORE REGIONAL JAIL,single,51131,"Northampton County, VA",VA,"5245 THE HORNES, EASTVILLE, VA 23347",single,1,,,,,,,,,,,,,,,,IGSA,single,1,DMCP,single,1,,,,,,,4,single,1,NORTHAMPTON,single,1,,,,,,,,,,,,,BAL,single,1,,,,,,,,,,yes,single,1,,,,,,,,,,,,,,,,,,,,,,,,,,,,,,,,,,,,,,,,,,,yes,single,1
EAZ,detention,ELOY FEDERAL CONTRACT FACILITY,conflict,04021,"Pinal County, AZ",AZ,"1705 EAST HANNA RD., ELOY, AZ 85131",conflict,3,764.5,single,1,168.4,single,1,193.8,single,1,157.9,single,1,1284.6,single,1,DIGSA,conflict,2,DMCP,single,1,50.5,single,1,1550,single,1,9,single,1,PINAL,single,1,EAZ,single,1,DIGSA,single,1,77.6,single,1,391,single,1,PHO,converged,3,3/10/1991,single,1,Female/Male,single,1,900,single,1,yes,single,1,140.1,single,1,76.6,single,1,118,single,1,Eloy Immigration Court (co-located — same ZIP),single,1,Pass,single,1,2026-05-21,single,1,PBNDS 2011 - 2016 Revisions,single,1,ODO,single,1,11/4/2017,single,1,185.5,single,1,630.5,single,1,674.7,single,1,949.8,single,1,(520) 464-3000,single,1,yes,single,1
EBATOLA,detention,EAST BATON ROUGE JAIL,single,22033,"East Baton Rouge Parish, LA",LA,"2867 GENERAL ISAAC SMITH AVENUE, SCOTLANDVILLE, LA 70807",single,1,,,,,,,,,,,,,,,,IGSA,single,1,DMCP,single,1,,,,,,,5,single,1,EAST BATON ROUGE,single,1,NOL,single,1,,,,,,,,,,NOL,single,1,12/21/1987,single,1,,,,,,,,,,,,,,,,,,,,,,,,,,,,,,,,,,3/4/2001,single,1,,,,,,,,,,,,,,,,yes,single,1
ECC,detention,EL CENTRO SERVICE PROCESSING CENTER,single,06025,"Imperial County, CA",CA,"1115 NORTH IMPERIAL AVENUE, EL CENTRO, CA 92243",single,1,,,,,,,,,,,,,,,,SPC,single,1,DMCP,single,1,,,,512,single,1,9,single,1,IMPERIAL,single,1,ECC,single,1,,,,,,,,,,SND,single,1,6/3/1983,single,1,,,,272,single,1,yes,single,1,,,,,,,,,,,,,,,,,,,,,,,,,9/25/2014,single,1,,,,,,,,,,,,,,,,yes,single,1
ECMCBNY,detention,ERIE COUNTY MEDICAL CENTER,single,36029,"Erie County, NY",NY,"462 GRIDER STREET, BUFFALO, NY 14215",single,1,,,,,,,,,,,,,,,,Other,single,1,OTHER,single,1,,,,,,,2,single,1,ERIE,single,1,BUF,single,1,HOSPITAL,single,1,,,,,,,BUF,single,1,7/22/2013,single,1,,,,,,,,,,,,,,,,,,,,,,,,,,,,,,,,,,4/5/2015,single,1,,,,,,,,,,,,,,,,no,single,1
ECOLOWA,detention,ECONOLODGE MOTEL,single,53033,"King County, WA",WA,"13910 PACIFIC HIGHWAY S., TUKWILA, WA 98168",single,1,,,,,,,,,,,,,,,,Other,single,1,OTHER,single,1,,,,,,,9,single,1,KING,single,1,SEA,single,1,,,,,,,,,,SEA,single,1,4/6/1998,single,1,,,,,,,,,,,,,,,,,,,,,,,,,,,,,,,,,,4/1/2011,single,1,,,,,,,,,,,,,,,,no,single,1
ECTORTX,detention,ECTOR COUNTY CORRECTION CENTER,single,48135,"Ector County, TX",TX,"2500 SOUTH HIGHWAY 385, ODESSA, TX 79761",single,1,,,,,,,,,,,,,,,,IGSA,single,1,DMCP,single,1,,,,,,,5,single,1,ECTOR,single,1,ELP,single,1,,,,,,,,,,ELP,single,1,12/26/2002,single,1,,,,,,,no,single,1,,,,,,,,,,,,,,,,,,,,,,,,,4/9/2011,single,1,,,,,,,,,,,,,,,,yes,single,1
EDCHOLD,detention,EDEN HOLD ROOM,single,48095|48327,"Concho County, TX|Menard County, TX",TX,"HIGHWAY 87 EAST, EDEN, TX 76837",single,1,,,,,,,,,,,,,,,,Other,single,1,DMCP,single,1,,,,,,,5,single,1,CONCHO,single,1,EDC,single,1,HOLD,single,1,,,,,,,DAL,single,1,4/11/2013,single,1,,,,,,,no,single,1,,,,,,,,,,,,,,,,,,,,,,,,,9/22/2013,single,1,,,,,,,,,,,,,,,,yes,single,1
EDDCONM,detention,EDDY COUNTY JAIL,single,35015,"Eddy County, NM",NM,"201 NORTH MAIN STREET, CARLSBAD, NM 88220",single,1,,,,,,,,,,,,,,,,IGSA,single,1,DMCP,single,1,,,,,,,10,single,1,EDDY,single,1,ELP,single,1,,,,,,,,,,ELP,single,1,1/25/2012,single,1,,,,,,,,,,,,,,,,,,,,,,,,,,,,,,,,,,7/1/2017,single,1,,,,,,,,,,,,,,,,yes,single,1
EDENDTX,detention,Eden Detention Center,converged,48095|48327,"Concho County, TX|Menard County, TX",TX,"704 E Broadway Street, Eden, TX 76837",conflict,2,,,,,,,,,,,,,,,,BOP,single,1,BOP,single,1,,,,,,,5,single,1,CONCHO,single,1,EDC,single,1,,,,,,,,,,DAL,conflict,2,11/15/1991,single,1,,,,,,,,,,,,,,,,,,,,,,,,,,,,,,,,,,2/23/2010,single,1,,,,,,,,,,,,,,,,no,single,1
EDNDCTX,detention,EDEN DETENTION CTR,converged,48095|48327,"Concho County, TX|Menard County, TX",TX,"702 E BROADWAY ST, EDEN, TX 76837",conflict,2,384.4,single,1,52.7,single,1,5.8,single,1,1,single,1,443.9,single,1,USMS IGA,converged,2,,,,45.4,single,1,,,,5,single,1,Concho,single,1,,,,,,,0,single,1,0,single,1,DAL,converged,2,,,,Male,single,1,,,,yes,single,1,9.7,single,1,15.1,single,1,35.2,single,1,,,,Pass,single,1,2025-02-27,single,1,NDS 2019,single,1,ODO,single,1,,,,35.1,single,1,408.8,single,1,287.5,single,1,383.9,single,1,,,,,,
EFELILA,detention,EAST FELICIANA PARISH PRISON,single,22033|22037,"East Feliciana Parish, LA|East Baton Rouge Parish, LA",LA,"11315 BANK STREET, CLINTON, LA 70722",single,1,,,,,,,,,,,,,,,,IGSA,single,1,DMCP,single,1,,,,,,,5,single,1,EAST FELICIANA,single,1,OAK,single,1,,,,,,,,,,NOL,single,1,9/8/1988,single,1,,,,,,,,,,,,,,,,,,,,,,,,,,,,,,,,,,3/11/2003,single,1,,,,,,,,,,,,,,,,yes,single,1
EHDLGTX,detention,EAST HIDALGO DETENTION CENTER,converged,48215,"Hidalgo County, TX",TX,"1330 HIGHWAY 107, LA VILLA, TX 78562",conflict,3,0.9,single,1,1,single,1,0.7,single,1,1.5,single,1,4.1,single,1,USMS IGA,converged,2,DMCP,single,1,2.3,single,1,100,single,1,5,single,1,HIDALGO,single,1,HLG,single,1,,,,0.1,single,1,0,single,1,HLG,conflict,3,3/23/2011,single,1,Female/Male,single,1,,,,yes,single,1,1.9,single,1,1.4,single,1,0.6,single,1,,,,Pass,single,1,2025-05-22,single,1,NDS 2019,single,1,ODO OASIP,single,1,11/4/2017,single,1,3.8,single,1,0.2,single,1,3.9,single,1,0.1,single,1,(956) 262-4142,single,1,yes,single,1
EIRCONY,detention,ERIE COUNTY CORRECTIONAL,single,36029|36037|36121,"Erie County, NY|Wyoming County, NY|Genesee County, NY",NY,"11581 WALDEN AVENUE, ALDEN, NY 14004",single,1,,,,,,,,,,,,,,,,IGSA,single,1,DMCP,single,1,,,,,,,2,single,1,ERIE,single,1,BUF,single,1,,,,,,,,,,BUF,single,1,10/7/1987,single,1,,,,,,,,,,,,,,,,,,,,,,,,,,,,,,,,,,12/11/2006,single,1,,,,,,,,,,,,,,,,yes,single,1
EIRHONY,detention,ERIE COUNTY HOLDING CENTER,single,36029,"Erie County, NY",NY,"40 DELAWARE AVENUE, BUFFALO, NY 14202",single,1,,,,,,,,,,,,,,,,Other,single,1,DMCP,single,1,,,,,,,2,single,1,ERIE,single,1,BUF,single,1,HOLD,single,1,,,,,,,BUF,single,1,10/30/1987,single,1,,,,,,,no,single,1,,,,,,,,,,Buffalo Immigration Court (co-located — same ZIP),single,1,,,,,,,,,,,,,3/14/2011,single,1,,,,,,,,,,,,,,,,yes,single,1
ELBERCO,detention,ELBERT COUNTY JAIL,single,08039,"Elbert County, CO",CO,"P.O.BOX 486, KIOWA, CO 80117",single,1,,,,,,,,,,,,,,,,IGSA,single,1,DMCP,single,1,,,,,,,10,single,1,ELBERT,single,1,DEN,single,1,,,,,,,,,,DEN,single,1,2/7/1990,single,1,,,,,,,,,,,,,,,,,,,,,,,,,,,,,,,,,,12/8/2008,single,1,,,,,,,,,,,,,,,,yes,single,1
ELGPDIL,detention,ELGIN POLICE DEPARTMENT,single,17031|17043|17089,"Kane County, IL|Cook County, IL|DuPage County, IL",IL,"151 DOUGLAS AVENUE, ELGIN, IL 60120",single,1,,,,,,,,,,,,,,,,IGSA,single,1,DMCP,single,1,,,,,,,7,single,1,KANE,single,1,CHI,single,1,,,,,,,,,,CHI,single,1,5/15/1992,single,1,,,,,,,no,single,1,,,,,,,,,,,,,,,,,,,,,,,,,8/31/2017,single,1,,,,,,,,,,,,,,,,yes,single,1
ELJUVCA,detention,EASTLAKE JUVENILE HALL,single,06037,"Los Angeles County, CA",CA,"1605 EASTLAKE AVE, LOS ANGELES, CA 90033",single,1,,,,,,,,,,,,,,,,IGSA,single,1,JFRMU,single,1,,,,,,,9,single,1,LOS ANGELES,single,1,LOS,single,1,JUVENILE,single,1,,,,,,,LOS,single,1,11/29/1989,single,1,,,,,,,,,,,,,,,,,,,,,,,,,,,,,,,,,,2/26/2004,single,1,,,,,,,,,,,,,,,,no,single,1
ELMORID,detention,ELMORE COUNTY JAIL,conflict,16039,"Elmore County, ID",ID,"2255 E. 8TH NORTH, MOUNTAIN HOME, ID 83647",conflict,3,4.5,single,1,2.3,single,1,1.3,single,1,1.1,single,1,9.2,single,1,USMS IGA,converged,2,DMCP,single,1,3.8,single,1,15,single,1,9,single,1,ELMORE,single,1,BOI,single,1,,,,0.2,single,1,0.5,single,1,SLC,converged,3,6/15/2009,single,1,Female/Male,single,1,,,,yes,single,1,1.3,single,1,1.4,single,1,2.2,single,1,,,,Pass,single,1,2025-08-20,single,1,NDS 2019,single,1,ODO,single,1,11/4/2017,single,1,2.8,single,1,5.7,single,1,4.3,single,1,4.4,single,1,(208) 587-9103,single,1,yes,single,1
ELPASCO,detention,EL PASO COUNTY CRIMINAL JUSTICE CENTER,single,08041|08119,"El Paso County, CO|Teller County, CO",CO,"2739 EAST LAS VEGAS, COLORADO SPRINGS, CO 80906",single,1,,,,,,,,,,,,,,,,IGSA,single,1,DMCP,single,1,,,,,,,10,single,1,EL PASO,single,1,DEN,single,1,,,,,,,,,,DEN,single,1,12/18/1990,single,1,,,,,,,yes,single,1,,,,,,,,,,,,,,,,,,,,,,,,,11/2/2017,single,1,,,,,,,,,,,,,,,,yes,single,1
ELPCOTX,detention,EL PASO COUNTY JAIL (TEXAS),single,48141,"El Paso County, TX",TX,"P.O. BOX 125, EL PASO, TX 79925",single,1,,,,,,,,,,,,,,,,IGSA,single,1,DMCP,single,1,,,,,,,5,single,1,EL PASO,single,1,VRK,single,1,,,,,,,,,,ELP,single,1,11/19/1986,single,1,,,,,,,no,single,1,,,,,,,,,,El Paso SPC Immigration Court (co-located — same ZIP),single,1,,,,,,,,,,,,,12/15/2003,single,1,,,,,,,,,,,,,,,,yes,single,1
ELPHOLD,detention,EL PASO SERVICE PROCESSING CENTER,conflict,48141,"El Paso County, TX",TX,"8915 MONTANA AVE., EL PASO, TX 79925",conflict,3,377.3,single,1,127.9,single,1,146.1,single,1,100.3,single,1,751.6,single,1,SPC,conflict,2,DMCP,single,1,56,single,1,,,,5,single,1,EL PASO,single,1,EPC,single,1,HOLD,single,1,35.1,single,1,168,single,1,ELP,converged,3,11/25/2014,single,1,Female/Male,single,1,450,single,1,no,single,1,124.1,single,1,52.5,single,1,80.8,single,1,El Paso SPC Immigration Court (co-located — same ZIP),single,1,Pass,single,1,2025-02-13,single,1,PBNDS 2011 - 2016 Revisions,single,1,ODO,single,1,11/4/2017,single,1,182.6,single,1,365.9,single,1,339,single,1,494.2,single,1,(915) 225-0700,single,1,yes,single,1
ELVDFTX,detention,EL VALLE DETENTION FACILITY,converged,48489,"Willacy County, TX",TX,"1800 INDUSTRIAL DRIVE, RAYMONDVILLE, TX 78580",converged,3,644.3,single,1,85.7,single,1,71.1,single,1,66.6,single,1,867.7,single,1,DIGSA,conflict,2,,,,38.2,single,1,660,single,1,5,single,1,Willacy,single,1,,,,,,,23.2,single,1,305.4,single,1,HLG,conflict,3,,,,Female/Male,single,1,600,conflict,2,yes,single,1,91.7,single,1,46,single,1,61,single,1,,,,Pass,single,1,2025-03-06,single,1,PBNDS 2011 - 2016 Revisions,single,1,ODO,single,1,,,,133.3,single,1,405.9,single,1,531,single,1,669,single,1,(956) 689-9999,single,1,,,
ELYRIOH,detention,ELYRIA CITY JAIL,single,39093,"Lorain County, OH",OH,"18 WEST AVENUE, ELYRIA, OH 44035",single,1,,,,,,,,,,,,,,,,IGSA,single,1,DMCP,single,1,,,,,,,6,single,1,LORAIN,single,1,CLE,single,1,,,,,,,,,,DET,single,1,6/22/2000,single,1,,,,,,,,,,,,,,,,,,,,,,,,,,,,,,,,,,8/6/2003,single,1,,,,,,,,,,,,,,,,yes,single,1
ELZICDF,detention,ELIZABETH CONTRACT DETENTION FACILITY,converged,34013|34039,"Union County, NJ|Essex County, NJ",NJ,"625 EVANS STREET, ELIZABETH, NJ 07201",converged,3,155.7,single,1,26.9,single,1,54.2,single,1,45.6,single,1,282.4,single,1,CDF,converged,2,DMCP,single,1,13.8,single,1,304,single,1,3,single,1,UNION,single,1,NEW,single,1,,,,3.5,single,1,35,single,1,NEW,converged,3,1/22/1990,single,1,Female/Male,single,1,328,conflict,2,yes,single,1,33.7,single,1,17,single,1,21.6,single,1,Elizabeth Immigration Court (co-located — same ZIP),single,1,Pass,single,1,2026-04-30,single,1,PBNDS 2011 - 2016 Revisions,single,1,ODO,single,1,11/4/2017,single,1,51.8,single,1,191.9,single,1,173,single,1,210,single,1,(908) 282-5700,single,1,yes,single,1
EMBSYCO,detention,EMBASSY SUITES HOTEL,single,08001|08031,"Denver County, CO|Adams County, CO",CO,"4444 HAVANA ST., DENVER, CO 80239",single,1,,,,,,,,,,,,,,,,Other,single,1,OTHER,single,1,,,,,,,10,single,1,DENVER,single,1,DEN,single,1,,,,,,,,,,DEN,single,1,4/3/2007,single,1,,,,,,,,,,,,,,,,,,,,,,,,,,,,,,,,,,9/26/2012,single,1,,,,,,,,,,,,,,,,no,single,1
EMESACA,detention,EAST MESA DETENTION FACILITY,single,06073,"San Diego County, CA",CA,"446 ALTA RD, SAN DIEGO, CA 92158",single,1,,,,,,,,,,,,,,,,IGSA,single,1,DMCP,single,1,,,,,,,9,single,1,SAN DIEGO COUNTY,single,1,SND,single,1,,,,,,,,,,SND,single,1,5/31/2015,single,1,,,,,,,,,,,,,,,,,,,,,,,,,,,,,,,,,,10/10/2015,single,1,,,,,,,,,,,,,,,,yes,single,1
EMMETIA,detention,EMMET COUNTY JAIL,single,19059|19063,"Emmet County, IA|Dickinson County, IA",IA,"114 NORTH 6TH STREET, ESTHERVILLE, IA 51334",single,1,,,,,,,,,,,,,,,,IGSA,single,1,DMCP,single,1,,,,,,,8,single,1,EMMET,single,1,OMA,single,1,,,,,,,,,,SPM,single,1,1/26/1992,single,1,,,,,,,,,,,,,,,,,,,,,,,,,,,,,,,,,,2/10/2003,single,1,,,,,,,,,,,,,,,,yes,single,1
EPBHSTX,detention,EL PASO BEHAVIORAL HEALTH SYSTEM,single,48141,"El Paso County, TX",TX,"El Paso, TX 79902",single,1,,,,,,,,,,,,,,,,Other,single,1,,,,,,,,,,5,single,1,El Paso,single,1,,,,HEALTH,single,1,,,,,,,ELP,single,1,,,,,,,,,,no,single,1,,,,,,,,,,,,,,,,,,,,,,,,,,,,,,,,,,,,,,,,,,,,,
EPC,detention,EL PASO SERVICE PROCESSING CENTER,single,48141,"El Paso County, TX",TX,"8915 MONTANA AVE., EL PASO, TX 79925",single,1,,,,,,,,,,,,,,,,SPC,single,1,DMCP,single,1,,,,840,single,1,5,single,1,EL PASO,single,1,EPC,single,1,,,,,,,,,,ELP,single,1,4/4/1984,single,1,,,,600,single,1,yes,single,1,,,,,,,,,,El Paso SPC Immigration Court (co-located — same ZIP),single,1,,,,,,,,,,,,,11/4/2017,single,1,,,,,,,,,,,,,,,,yes,single,1
EPCJUVI,detention,EL PASO JUVENILE,single,48141,"El Paso County, TX",TX,"8915 MONTANA ST., EL PASO, TX 79925",single,1,,,,,,,,,,,,,,,,Other,single,1,JFRMU,single,1,,,,,,,5,single,1,EL PASO,single,1,EPC,single,1,HOLD,single,1,,,,,,,ELP,single,1,10/27/1998,single,1,,,,,,,,,,,,,,,,,,,El Paso SPC Immigration Court (co-located — same ZIP),single,1,,,,,,,,,,,,,11/4/2017,single,1,,,,,,,,,,,,,,,,no,single,1
EQXJVNY,detention,EQUINOX SHELTER,single,36001,"Albany County, NY",NY,"35 SOUTH FERRY ST, ALBANY, NY 12202",single,1,,,,,,,,,,,,,,,,IGSA,single,1,JFRMU,single,1,,,,,,,2,single,1,ALBANY,single,1,BUF,single,1,JUVENILE,single,1,,,,,,,BUF,single,1,10/3/2005,single,1,,,,,,,,,,,,,,,,,,,,,,,,,,,,,,,,,,5/23/2007,single,1,,,,,,,,,,,,,,,,no,single,1
ERICONY,detention,ERIE COUNTY HOLDING CENTER,single,36029,"Erie County, NY",NY,"40 DELAWARE AVE, BUFFALO, NY 14202",single,1,,,,,,,,,,,,,,,,Other,single,1,DMCP,single,1,,,,,,,2,single,1,ERIE,single,1,BUF,single,1,HOLD,single,1,,,,,,,BUF,single,1,4/23/1997,single,1,,,,,,,no,single,1,,,,,,,,,,Buffalo Immigration Court (co-located — same ZIP),single,1,,,,,,,,,,,,,3/13/2009,single,1,,,,,,,,,,,,,,,,yes,single,1
ERICOPA,detention,ERIE COUNTY JAIL,single,42049,"Erie County, PA",PA,"1618 ASH STREET, ERIE, PA 16503",single,1,,,,,,,,,,,,,,,,USMS IGA,single,1,DMCP,single,1,,,,5,single,1,3,single,1,ERIE,single,1,PIT,single,1,,,,,,,,,,PHI,single,1,10/17/1995,single,1,,,,,,,yes,single,1,,,,,,,,,,,,,,,,,,,,,,,,,11/4/2017,single,1,,,,,,,,,,,,,,,,yes,single,1
ESCAMAL,detention,ESCAMBIA COUNTY DETENTION CENTER,single,01053,"Escambia County, AL",AL,"316 COURT ST., BREWTON, AL 34626",single,1,,,,,,,,,,,,,,,,IGSA,single,1,DMCP,single,1,,,,,,,11,single,1,ESCAMBIA,single,1,NOL,single,1,,,,,,,,,,NOL,single,1,1/6/2003,single,1,,,,,,,no,single,1,,,,,,,,,,,,,,,,,,,,,,,,,12/18/2005,single,1,,,,,,,,,,,,,,,,yes,single,1
ESSEXMA,detention,ESSEX COUNTY,single,25009,"Essex County, MA",MA,"ESSEX COUNTY HOUSE OF CORRECTION, MIDDLETON, MA 01949",single,1,,,,,,,,,,,,,,,,IGSA,single,1,DMCP,single,1,,,,,,,1,single,1,ESSEX,single,1,BOS,single,1,,,,,,,,,,BOS,single,1,4/10/1992,single,1,,,,,,,yes,single,1,,,,,,,,,,,,,,,,,,,,,,,,,2/2/2011,single,1,,,,,,,,,,,,,,,,yes,single,1
ESSEXNJ,detention,ESSEX COUNTY CORRECTIONAL FACILITY,single,34013,"Essex County, NJ",NJ,"354 DOREMUS AVENUE, NEWARK, NJ 07105",single,1,,,,,,,,,,,,,,,,IGSA,single,1,DMCP,single,1,,,,800,single,1,3,single,1,ESSEX,single,1,NEW,single,1,,,,,,,,,,NEW,single,1,3/13/1990,single,1,,,,,,,yes,single,1,,,,,,,,,,,,,,,,,,,,,,,,,11/4/2017,single,1,,,,,,,,,,,,,,,,yes,single,1
ESSEXNY,detention,ESSEX COUNTY JAIL (NEW YORK),single,36031,"Essex County, NY",NY,"702 STOWERSVILLE ROAD, LEWIS, NY 12950",single,1,,,,,,,,,,,,,,,,IGSA,single,1,DMCP,single,1,,,,,,,2,single,1,ESSEX,single,1,MLN,single,1,,,,,,,,,,BUF,single,1,11/27/2008,single,1,,,,,,,,,,,,,,,,,,,,,,,,,,,,,,,,,,5/10/2011,single,1,,,,,,,,,,,,,,,,yes,single,1
ETOWAAL,detention,ETOWAH COUNTY JAIL (ALABAMA),single,01019|01055,"Etowah County, AL|Cherokee County, AL",AL,"827 FORREST AVENUE, GADSDEN, AL 35901",single,1,,,,,,,,,,,,,,,,USMS IGA,single,1,DMCP,single,1,,,,350,single,1,11,single,1,ETOWAH,single,1,ATL,single,1,,,,,,,,,,NOL,single,1,3/2/1996,single,1,,,,,,,yes,single,1,,,,,,,,,,,,,,,,,,,,,,,,,11/4/2017,single,1,,,,,,,,,,,,,,,,yes,single,1
ETWHOLD,detention,ETOWAH COUNTY JAIL,conflict,01019|01055,"Etowah County, AL|Cherokee County, AL",AL,"827 FORREST AVENUE, GADSDEN, AL 35901",conflict,2,57,single,1,8,single,1,8.3,single,1,4.8,single,1,78.1,single,1,USMS IGA,conflict,2,DMCP,single,1,3.9,single,1,,,,11,single,1,ETOWAH,single,1,ETW,single,1,HOLD,single,1,1.4,single,1,8.9,single,1,NOL,converged,2,,,,Male,single,1,,,,no,single,1,5.2,single,1,5.5,single,1,8.8,single,1,,,,Pass,single,1,2025-02-11,single,1,NDS,single,1,ODO,single,1,,,,12.1,single,1,55.6,single,1,45.6,single,1,58.5,single,1,,,,yes,single,1
EUGHOLD,detention,EUGENE HOLD ROOM,single,41039,"Lane County, OR",OR,"211 EAST 7TH AVENUE, EUGENE, OR 97401",single,1,,,,,,,,,,,,,,,,Other,single,1,DMCP,single,1,,,,,,,9,single,1,LANE,single,1,EUG,single,1,HOLD,single,1,,,,,,,SEA,single,1,12/22/2009,single,1,,,,,,,no,single,1,,,,,,,,,,,,,,,,,,,,,,,,,9/27/2017,single,1,,,,,,,,,,,,,,,,yes,single,1
EULESTX,detention,EULESS CITY JAIL,single,48439,"Tarrant County, TX",TX,"1102 W. EULESS BLVD., EULESS, TX 76040",single,1,,,,,,,,,,,,,,,,IGSA,single,1,DMCP,single,1,,,,,,,5,single,1,TARRANT,single,1,DAL,single,1,,,,,,,,,,DAL,single,1,8/27/1988,single,1,,,,,,,no,single,1,,,,,,,,,,,,,,,,,,,,,,,,,11/4/2017,single,1,,,,,,,,,,,,,,,,yes,single,1
FAICOVA,detention,FAIRFAX COUNTY JAIL,single,51059|51600,"Fairfax County, VA|Fairfax city, VA",VA,"4110 CHAIN BRIDGE RD, FAIRFAX, VA 22030",single,1,,,,,,,,,,,,,,,,USMS IGA,single,1,DMCP,single,1,,,,,,,4,single,1,FAIRFAX,single,1,WAS,single,1,,,,,,,,,,WAS,single,1,12/8/1988,single,1,,,,,,,no,single,1,,,,,,,,,,,,,,,,,,,,,,,,,3/31/2015,single,1,,,,,,,,,,,,,,,,yes,single,1
FAULKAR,detention,FAULKNER COUNTY JAIL,single,05045,"Faulkner County, AR",AR,"801 LOCUST ST., CONWAY, AR 72034",single,1,,,,,,,,,,,,,,,,IGSA,single,1,DMCP,single,1,,,,,,,8,single,1,FAULKNER,single,1,NOL,single,1,,,,,,,,,,NOL,single,1,12/5/2003,single,1,,,,,,,no,single,1,,,,,,,,,,,,,,,,,,,,,,,,,1/7/2009,single,1,,,,,,,,,,,,,,,,yes,single,1
FAULKSD,detention,FAULK COUNTY JAIL,single,46049,"Faulk County, SD",SD,"924 LAFOON AVENUE, FAULKTON, SD 57438",single,1,,,,,,,,,,,,,,,,IGSA,single,1,DMCP,single,1,,,,,,,8,single,1,FAULK,single,1,SPM,single,1,,,,,,,,,,SPM,single,1,4/11/1999,single,1,,,,,,,,,,,,,,,,,,,,,,,,,,,,,,,,,,5/4/2011,single,1,,,,,,,,,,,,,,,,yes,single,1
FAYETKY,detention,FAYETTE COUNTY DETENTION CENTER,converged,21067|21239,"Fayette County, KY|Woodford County, KY",KY,"600 OLD FRANKFORD CR, LEXINGTON, KY 40510",converged,2,1.4,single,1,0.4,single,1,0.5,single,1,0.7,single,1,3,single,1,USMS IGA,converged,2,DMCP,single,1,1.9,single,1,,,,6,single,1,FAYETTE,single,1,CHI,single,1,,,,0,single,1,0.1,single,1,CHI,converged,2,9/5/1992,single,1,Female/Male,single,1,,,,no,single,1,0.6,single,1,0.3,single,1,0.4,single,1,,,,Pass,single,1,2026-03-05,single,1,FPBDS,single,1,ODO,single,1,11/4/2017,single,1,0.9,single,1,1.9,single,1,1.8,single,1,1.5,single,1,,,,yes,single,1
FAYETTX,detention,FAYETTE COUNTY JAIL,single,48149|48287,"Fayette County, TX|Lee County, TX",TX,"C/O SHERIFF, LA GRANGE, TX 78945",single,1,,,,,,,,,,,,,,,,IGSA,single,1,DMCP,single,1,,,,,,,5,single,1,FAYETTE,single,1,SNA,single,1,,,,,,,,,,SNA,single,1,2/22/2007,single,1,,,,,,,,,,,,,,,,,,,,,,,,,,,,,,,,,,2/22/2007,single,1,,,,,,,,,,,,,,,,yes,single,1
FAYHOLD,detention,FAYETTEVILLE HOLD ROOM,single,05143,"Washington County, AR",AR,"P.O. BOX 1188 2887 N POINT CIRCLE, FAYETTEVILLE, AR 72701",single,1,,,,,,,,,,,,,,,,Other,single,1,DMCP,single,1,,,,,,,8,single,1,WASHINGTON,single,1,FSA,single,1,HOLD,single,1,,,,,,,NOL,single,1,6/27/2010,single,1,,,,,,,no,single,1,,,,,,,,,,,,,,,,,,,,,,,,,1/14/2013,single,1,,,,,,,,,,,,,,,,yes,single,1
FCLT8CA,detention,FACILITY 8 DETENTION FACILITY,single,06073,"San Diego County, CA",CA,"446 Alta Rd., Ste. 5300, San Diego, CA 92158",single,1,,,,,,,,,,,,,,,,IGSA,single,1,,,,,,,,,,9,single,1,San Diego,single,1,,,,,,,,,,,,,SND,single,1,,,,,,,,,,yes,single,1,,,,,,,,,,,,,,,,,,,,,,,,,,,,,,,,,,,,,,,,,,,,,
FCOHOLD,detention,FREDERICK HOLDROOM,single,08013|08014|08123,"Weld County, CO|Boulder County, CO|Broomfield County, CO",CO,"3770 PURITAN WAY, FREDERICK, CO 80516",single,1,,,,,,,,,,,,,,,,Other,single,1,DMCP,single,1,,,,,,,10,single,1,WELD,single,1,,,,HOLD,single,1,,,,,,,DEN,single,1,,,,,,,,,,no,single,1,,,,,,,,,,,,,,,,,,,,,,,,,,,,,,,,,,,,,,,,,,,yes,single,1
FERRYWA,detention,FERRY COUNTY JAIL,single,53019|53047,"Ferry County, WA|Okanogan County, WA",WA,"165 NORTH JEFFERSON, REPUBLIC, WA 99166",single,1,,,,,,,,,,,,,,,,IGSA,single,1,DMCP,single,1,,,,,,,9,single,1,FERRY,single,1,WNT,single,1,,,,,,,,,,SEA,single,1,12/27/2003,single,1,,,,,,,,,,,,,,,,,,,,,,,,,,,,,,,,,,10/22/2009,single,1,,,,,,,,,,,,,,,,yes,single,1
FINNEKS,detention,FINNEY COUNTY JAIL,single,20055|20069|20101,"Finney County, KS|Gray County, KS|Lane County, KS",KS,"304 N. 9TH STREET, GARDEN CITY, KS 67846",single,1,,,,,,,,,,,,,,,,IGSA,single,1,DMCP,single,1,,,,,,,10,single,1,FINNEY,single,1,KAN,single,1,,,,,,,,,,CHI,single,1,6/28/1990,single,1,,,,,,,yes,single,1,,,,,,,,,,,,,,,,,,,,,,,,,3/25/2007,single,1,,,,,,,,,,,,,,,,yes,single,1
FIPCAGA,detention,FOLKSTON ANNEX IPC,conflict,13025|13039|13049,"Charlton County, GA|Camden County, GA|Brantley County, GA",GA,"3424 HWY 252 EAST, FOLKSTON, GA 31537",conflict,5,145.6,conflict,2,40,conflict,2,51.7,conflict,2,44,conflict,2,281.3,conflict,2,DIGSA,converged,3,,,,37.6,converged,2,,,,11,single,1,Charlton,single,1,,,,,,,0,converged,2,0,converged,2,ATL,converged,5,,,,Male,converged,2,338,conflict,2,yes,single,1,39.8,conflict,2,31.6,conflict,2,27.6,conflict,2,,,,Pass,converged,2,2026-06-04,conflict,2,PBNDS 2011 - 2016 Revisions,converged,2,ODO,converged,2,,,,80.5,conflict,2,200.8,conflict,2,157.7,conflict,2,182.3,conflict,2,(912) 496-6905,converged,2,,,
FIVECOH,detention,FIVE COUNTY JOINT,single,39041|39159,"Union County, OH|Delaware County, OH",OH,"18100 STATE ROUTE 4, MARYSVILLE, OH 43040",single,1,,,,,,,,,,,,,,,,IGSA,single,1,JFRMU,single,1,,,,,,,6,single,1,UNION,single,1,CLE,single,1,JUVENILE,single,1,,,,,,,DET,single,1,8/9/2000,single,1,,,,,,,,,,,,,,,,,,,,,,,,,,,,,,,,,,6/18/2003,single,1,,,,,,,,,,,,,,,,no,single,1
FLATHMT,detention,FLATHEAD COUNTY JAIL,single,30029,"Flathead County, MT",MT,"800 SOUTH MAIN, KALISPELL, MT 59901",single,1,,,,,,,,,,,,,,,,IGSA,single,1,DMCP,single,1,,,,,,,9,single,1,FLATHEAD,single,1,HEL,single,1,,,,,,,,,,SLC,single,1,11/20/1991,single,1,,,,,,,,,,,,,,,,,,,,,,,,,,,,,,,,,,2/18/2015,single,1,,,,,,,,,,,,,,,,yes,single,1
FLO,detention,FLORENCE SERVICE PROCESSING CENTER,converged,04021,"Pinal County, AZ",AZ,"3250 NORTH PINAL PARKWAY, FLORENCE, AZ 85132",conflict,3,223.2,single,1,74.6,single,1,17,single,1,22.8,single,1,337.6,single,1,SPC,converged,2,DMCP,single,1,6.2,single,1,392,single,1,9,single,1,PINAL,single,1,FLO,single,1,,,,0.4,single,1,5,single,1,PHO,converged,3,8/31/1984,single,1,Female/Male,single,1,392,converged,2,yes,single,1,18.8,single,1,18.3,single,1,59.3,single,1,Florence Immigration Court (co-located — same ZIP),single,1,Pass,single,1,2025-02-13,single,1,PBNDS 2011 - 2016 Revisions,single,1,ODO,single,1,11/4/2017,single,1,53.2,single,1,279,single,1,216.7,single,1,241.2,single,1,(520) 868-5862,single,1,yes,single,1
FLOYDGA,detention,FLOYD COUNTY JAIL,converged,13015|13115,"Floyd County, GA|Bartow County, GA",GA,"2526 NEW CALHOUN HWY, ROME, GA 30161",conflict,2,1.2,single,1,0.6,single,1,0.1,single,1,0,single,1,1.9,single,1,USMS IGA,converged,2,,,,2,single,1,,,,11,single,1,Floyd,single,1,,,,,,,0,single,1,0.1,single,1,ATL,converged,2,,,,Female/Male,single,1,,,,no,single,1,0.1,single,1,0.2,single,1,0.4,single,1,,,,Pass,single,1,2025-12-25,single,1,NDS 2019,single,1,Pre-Occupancy,single,1,,,,0.4,single,1,1.2,single,1,0.9,single,1,1.2,single,1,,,,,,
FLOYDIN,detention,FLOYD COUNTY JAIL,single,18019|18043,"Floyd County, IN|Clark County, IN",IN,"311 WEST 1ST ST, NEW ALBANY, IN 47150",single,1,,,,,,,,,,,,,,,,IGSA,single,1,DMCP,single,1,,,,,,,7,single,1,FLOYD,single,1,CHI,single,1,,,,,,,,,,CHI,single,1,2/5/1997,single,1,,,,,,,no,single,1,,,,,,,,,,,,,,,,,,,,,,,,,6/5/2007,single,1,,,,,,,,,,,,,,,,yes,single,1
FMYHOLD,detention,FORT MYERS ERO HOLD ROOM,single,12071,"Lee County, FL",FL,"8860 SALROSE LANE, FORT MYERS, FL 33912",single,1,,,,,,,,,,,,,,,,Other,single,1,DMCP,single,1,,,,,,,11,single,1,LEE,single,1,,,,HOLD,single,1,,,,,,,MIA,single,1,12/2/2016,single,1,,,,,,,no,single,1,,,,,,,,,,,,,,,,,,,,,,,,,12/2/2016,single,1,,,,,,,,,,,,,,,,yes,single,1
FORDJIL,detention,FORD COUNTY JAIL,single,17019|17053|17075,"Ford County, IL|Champaign County, IL|Iroquois County, IL",IL,"235 NORTH AMERICAN STREET, PAXTON, IL 60957",single,1,,,,,,,,,,,,,,,,IGSA,single,1,DMCP,single,1,,,,,,,7,single,1,FORD,single,1,CHI,single,1,,,,,,,,,,CHI,single,1,5/10/1993,single,1,,,,,,,,,,,,,,,,,,,,,,,,,,,,,,,,,,4/3/2003,single,1,,,,,,,,,,,,,,,,yes,single,1
FORDJKS,detention,FORD COUNTY JAIL,single,20057|20069|20083,"Ford County, KS|Hodgeman County, KS|Gray County, KS",KS,"1111 MILITARY, DODGE CITY, KS 67801",single,1,,,,,,,,,,,,,,,,IGSA,single,1,DMCP,single,1,,,,,,,10,single,1,FORD,single,1,KAN,single,1,,,,,,,,,,CHI,single,1,2/2/1992,single,1,,,,,,,no,single,1,,,,,,,,,,,,,,,,,,,,,,,,,1/8/2006,single,1,,,,,,,,,,,,,,,,yes,single,1
FORKSWA,detention,FORKS CITY JAIL,single,53009|53031,"Clallam County, WA|Jefferson County, WA",WA,"500 EAST DIVISION, FORKS, WA 98331",single,1,,,,,,,,,,,,,,,,IGSA,single,1,DMCP,single,1,,,,,,,9,single,1,CLALLAM,single,1,SEA,single,1,,,,,,,,,,SEA,single,1,11/1/1991,single,1,,,,,,,,,,,,,,,,,,,,,,,,,,,,,,,,,,9/19/2004,single,1,,,,,,,,,,,,,,,,yes,single,1
FORSYNC,detention,FORSYTH COUNTY JAIL,single,37067,"Forsyth County, NC",NC,"201 NORTH CHURCH STREET, WINSTON-SALEM, NC 27101",single,1,,,,,,,,,,,,,,,,USMS IGA,single,1,DMCP,single,1,,,,,,,4,single,1,FORSYTH,single,1,CLT,single,1,,,,,,,,,,ATL,single,1,3/22/2000,single,1,,,,,,,no,single,1,,,,,,,,,,,,,,,,,,,,,,,,,11/4/2017,single,1,,,,,,,,,,,,,,,,yes,single,1
FRACONY,detention,FRANKLIN COUNTY JAIL,single,36033,"Franklin County, NY",NY,"P.O. BOX 196, MALONE, NY 12953",single,1,,,,,,,,,,,,,,,,IGSA,single,1,DMCP,single,1,,,,,,,2,single,1,FRANKLIN,single,1,BUF,single,1,,,,,,,,,,BUF,single,1,8/31/1988,single,1,,,,,,,yes,single,1,,,,,,,,,,,,,,,,,,,,,,,,,3/5/2008,single,1,,,,,,,,,,,,,,,,yes,single,1
FRACOVT,detention,FRANKLIN COUNTY JAIL (VERMONT),single,50011,"Franklin County, VT",VT,"30 LINCOLN AVENUE, SAINT ALBANS, VT 05478",single,1,,,,,,,,,,,,,,,,IGSA,single,1,DMCP,single,1,,,,,,,2,single,1,FRANKLIN,single,1,HAR,single,1,,,,,,,,,,BOS,single,1,12/30/1994,single,1,,,,,,,yes,single,1,,,,,,,,,,,,,,,,,,,,,,,,,8/30/2017,single,1,,,,,,,,,,,,,,,,yes,single,1
FRANKKY,detention,FRANKLIN COUNTY,single,21067|21113|21239,"Jessamine County, KY|Fayette County, KY|Woodford County, KY",KY,"400 COFFEETREE RD, FRANKFORT, KY 40356",single,1,,,,,,,,,,,,,,,,IGSA,single,1,DMCP,single,1,,,,,,,6,single,1,JESSAMINE,single,1,CHI,single,1,,,,,,,,,,CHI,single,1,11/14/1996,single,1,,,,,,,,,,,,,,,,,,,,,,,,,,,,,,,,,,5/3/2005,single,1,,,,,,,,,,,,,,,,yes,single,1
FRANKME,detention,FRANKLIN COUNTY JAIL (MAINE),single,23007,"Franklin County, ME",ME,"RFD #3 BOX 3160, FARMINGTON, ME 04938",single,1,,,,,,,,,,,,,,,,IGSA,single,1,DMCP,single,1,,,,,,,1,single,1,FRANKLIN,single,1,POM,single,1,,,,,,,,,,BOS,single,1,7/28/1999,single,1,,,,,,,no,single,1,,,,,,,,,,,,,,,,,,,,,,,,,1/29/2008,single,1,,,,,,,,,,,,,,,,yes,single,1
FRANKNC,detention,FRANKLIN COUNTY DETENTION CENTER,single,37069,"Franklin County, NC",NC,"285 T KEMP RD, LOUISBURG, NC 27549",single,1,,,,,,,,,,,,,,,,IGSA,single,1,DMCP,single,1,,,,,,,4,single,1,FRANKLIN,single,1,ATL,single,1,,,,,,,,,,ATL,single,1,6/6/2000,single,1,,,,,,,,,,,,,,,,,,,,,,,,,,,,,,,,,,12/15/2002,single,1,,,,,,,,,,,,,,,,yes,single,1
FRANKWA,detention,FRANKLIN COUNTY,single,53021,"Franklin County, WA",WA,"1016 N 4TH ST, PASCO, WA 99301",single,1,,,,,,,,,,,,,,,,IGSA,single,1,DMCP,single,1,,,,,,,9,single,1,FRANKLIN,single,1,SEA,single,1,,,,,,,,,,SEA,single,1,9/26/1996,single,1,,,,,,,,,,,,,,,,,,,,,,,,,,,,,,,,,,12/22/2008,single,1,,,,,,,,,,,,,,,,yes,single,1
FRDHOLD,detention,FREDERICK HOLDROOM,single,08013|08014|08123,"Weld County, CO|Boulder County, CO|Broomfield County, CO",CO,"3770 PURITAN WAY, FREDERICK, CO 80516",single,1,,,,,,,,,,,,,,,,Other,single,1,DMCP,single,1,,,,,,,10,single,1,WELD,single,1,,,,HOLD,single,1,,,,,,,DEN,single,1,,,,,,,,,,no,single,1,,,,,,,,,,,,,,,,,,,,,,,,,,,,,,,,,,,,,,,,,,,yes,single,1
FRECOCA,detention,FRESNO COUNTY JAIL,single,06019,"Fresno County, CA",CA,"2200 FRESNO STREET, FRESNO, CA 93721",single,1,,,,,,,,,,,,,,,,IGSA,single,1,DMCP,single,1,,,,,,,9,single,1,FRESNO,single,1,SFR,single,1,,,,,,,,,,SFR,single,1,1/29/1999,single,1,,,,,,,,,,,,,,,,,,,,,,,,,,,,,,,,,,3/14/1999,single,1,,,,,,,,,,,,,,,,yes,single,1
FREDEMD,detention,FREDERICK COUNTY DETENTION CENTER,single,24021,"Frederick County, MD",MD,"7300 MARCIE'S CHOICE LANE, FREDERICK, MD 21704",single,1,,,,,,,,,,,,,,,,IGSA,single,1,DMCP,single,1,,,,,,,4,single,1,FREDERICK,single,1,BAL,single,1,,,,,,,,,,BAL,single,1,8/3/2006,single,1,,,,,,,yes,single,1,,,,,,,,,,,,,,,,,,,,,,,,,11/4/2017,single,1,,,,,,,,,,,,,,,,yes,single,1
FREEBMN,detention,FREEBORN COUNTY ADULT DETENTION CENTER,conflict,27047,"Freeborn County, MN",MN,"411 SOUTH BROADWAY AVENUE, ALBERT LEA, MN 56007",conflict,3,23.2,single,1,15.6,single,1,13.7,single,1,14,single,1,66.5,single,1,IGSA,converged,2,DMCP,single,1,23.9,single,1,,,,8,single,1,FREEBORN,single,1,SPM,single,1,,,,0,single,1,0,single,1,SPM,converged,3,9/15/1996,single,1,Male,single,1,,,,yes,single,1,21,single,1,5.1,single,1,8.8,single,1,,,,Pass,single,1,2025-03-06,single,1,NDS 2019,single,1,ODO,single,1,11/4/2017,single,1,28.8,single,1,37.6,single,1,42.3,single,1,31.5,single,1,(612) 409-7799,single,1,yes,single,1
FREESTX,detention,FREESTONE COUNTY JAIL,single,48161,"Freestone County, TX",TX,"PO DRAWER 47, FAIRFIELD, TX 75840",single,1,,,,,,,,,,,,,,,,IGSA,single,1,DMCP,single,1,,,,,,,5,single,1,FREESTONE,single,1,SNA,single,1,,,,,,,,,,SNA,single,1,3/16/2004,single,1,,,,,,,,,,,,,,,,,,,,,,,,,,,,,,,,,,1/25/2006,single,1,,,,,,,,,,,,,,,,yes,single,1
FREHOLD,detention,FRESNO HOLDROOM,single,06019,"Fresno County, CA",CA,"733 L STREET, FRESNO, CA 93721",single,1,,,,,,,,,,,,,,,,Other,single,1,DMCP,single,1,,,,,,,9,single,1,FRESNO,single,1,FRE,single,1,HOLD,single,1,,,,,,,SFR,single,1,7/14/2006,single,1,,,,,,,no,single,1,,,,,,,,,,,,,,,,,,,,,,,,,11/4/2017,single,1,,,,,,,,,,,,,,,,yes,single,1
FREMOCO,detention,FREMONT COUNTY JAIL (COLORADO),single,08027|08043,"Fremont County, CO|Custer County, CO",CO,"100 JUSTICE CENTER ROAD, CANON CITY, CO 81212",single,1,,,,,,,,,,,,,,,,IGSA,single,1,DMCP,single,1,,,,,,,10,single,1,FREMONT,single,1,DEN,single,1,,,,,,,,,,DEN,single,1,10/24/1990,single,1,,,,,,,no,single,1,,,,,,,,,,,,,,,,,,,,,,,,,4/23/2014,single,1,,,,,,,,,,,,,,,,yes,single,1
FREMOIA,detention,FREMONT COUNTY SHERIFF,single,19071,"Fremont County, IA",IA,"701 CASS STREET, SIDNEY, IA 51652",single,1,,,,,,,,,,,,,,,,IGSA,single,1,DMCP,single,1,,,,,,,8,single,1,FREMONT,single,1,OMA,single,1,,,,,,,,,,SPM,single,1,8/12/2002,single,1,,,,,,,,,,,,,,,,,,,,,,,,,,,,,,,,,,1/5/2003,single,1,,,,,,,,,,,,,,,,yes,single,1
FREMOID,detention,FREMONT COUNTY JAIL,single,16043|16065,"Fremont County, ID|Madison County, ID",ID,"146 NORTH SECOND WEST, ST. ANTHONY, ID 83445",single,1,,,,,,,,,,,,,,,,IGSA,single,1,DMCP,single,1,,,,,,,9,single,1,FREMONT,single,1,HEL,single,1,,,,,,,,,,SLC,single,1,3/6/2006,single,1,,,,,,,yes,single,1,,,,,,,,,,,,,,,,,,,,,,,,,3/7/2006,single,1,,,,,,,,,,,,,,,,yes,single,1
FREMOWY,detention,FREMONT COUNTY JAIL (WYOMING),single,56013,"Fremont County, WY",WY,"450 NORTH 2ND STREET, LANDER, WY 82520",single,1,,,,,,,,,,,,,,,,IGSA,single,1,DMCP,single,1,,,,,,,10,single,1,FREMONT,single,1,DEN,single,1,,,,,,,,,,DEN,single,1,3/21/2001,single,1,,,,,,,,,,,,,,,,,,,,,,,,,,,,,,,,,,3/30/2009,single,1,,,,,,,,,,,,,,,,yes,single,1
FRIOCTX,detention,FRIO COUNTY JAIL,single,48163|48507,"Frio County, TX|Zavala County, TX",TX,"C/O SHERIFF, PEARSALL, TX 78061",single,1,,,,,,,,,,,,,,,,IGSA,single,1,DMCP,single,1,,,,,,,5,single,1,FRIO,single,1,SNA,single,1,,,,,,,,,,SNA,single,1,1/6/1999,single,1,,,,,,,yes,single,1,,,,,,,,,,Pearsall Immigration Court (co-located — same ZIP),single,1,,,,,,,,,,,,,7/8/2008,single,1,,,,,,,,,,,,,,,,yes,single,1
FRMVLVA,detention,FARMVILLE DETENTION CENTER,conflict,51029|51049|51147,"Prince Edward County, VA|Cumberland County, VA|Buckingham County, VA",VA,"508 WATERWORKS ROAD, FARMVILLE, VA 23901",converged,3,278.3,single,1,184.3,single,1,116.7,single,1,89.3,single,1,668.6,single,1,DIGSA,conflict,2,DMCP,single,1,42,single,1,851,single,1,4,single,1,PRINCE EDWARD,single,1,WAS,single,1,DIGSA,single,1,0,single,1,0,single,1,WAS,converged,3,8/5/2010,single,1,Male,single,1,459,converged,2,yes,single,1,103.9,single,1,47.3,single,1,76,single,1,,,,Pass,single,1,2026-04-23,single,1,PBNDS 2011 - 2016 Revisions,single,1,ODO,single,1,11/4/2017,single,1,170.2,single,1,498.4,single,1,345.1,single,1,441.4,single,1,(434) 395-8114,single,1,yes,single,1
FRONTNE,detention,FRONTIER COUNTY JAIL,single,31063|31111,"Frontier County, NE|Lincoln County, NE",NE,"PO BOX 320, CURTIS, NE 69025",single,1,,,,,,,,,,,,,,,,IGSA,single,1,DMCP,single,1,,,,,,,8,single,1,FRONTIER,single,1,OMA,single,1,,,,,,,,,,SPM,single,1,10/3/2000,single,1,,,,,,,,,,,,,,,,,,,,,,,,,,,,,,,,,,12/12/2002,single,1,,,,,,,,,,,,,,,,yes,single,1
FSAHOLD,detention,FORT SMITH HOLD ROOM,single,05131,"Sebastian County, AR",AR,"UNAVAILABLE, FORT SMITH, AR 72901",single,1,,,,,,,,,,,,,,,,Other,single,1,DMCP,single,1,,,,,,,8,single,1,SEBASTIAN,single,1,FSA,single,1,HOLD,single,1,,,,,,,NOL,single,1,12/16/2013,single,1,,,,,,,no,single,1,,,,,,,,,,,,,,,,,,,,,,,,,12/16/2013,single,1,,,,,,,,,,,,,,,,yes,single,1
FSF,detention,"CCA, FLORENCE CORRECTIONAL CENTER",conflict,04021,"Pinal County, AZ",AZ,"1100 BOWLING ROAD, FLORENCE, AZ 85232",conflict,3,187.7,converged,2,68.3,converged,2,127.8,conflict,2,115.2,conflict,2,499,conflict,2,USMS CDF,conflict,3,DMCP,single,1,32.7,conflict,2,320,single,1,9,single,1,PINAL,single,1,FLO,single,1,STAGING,single,1,0,conflict,2,0.4,conflict,2,PHO,converged,3,5/21/1986,single,1,Male,converged,2,374,single,1,no,single,1,95,conflict,2,54.3,conflict,2,87.8,conflict,2,,,,Pass,converged,2,2024-12-12,conflict,2,NDS 2019,conflict,2,ODO,converged,2,11/4/2017,single,1,180.5,conflict,2,318,conflict,2,308.8,converged,2,261.9,conflict,2,,,,yes,single,1
FTBENTX,detention,FORT BEND COUNTY JAIL,single,48157,"Fort Bend County, TX",TX,"1410 RANSOM ROAD, RICHMOND, TX 77469",single,1,,,,,,,,,,,,,,,,IGSA,single,1,DMCP,single,1,,,,,,,5,single,1,FT. BEND,single,1,HOU,single,1,,,,,,,,,,HOU,single,1,10/28/1997,single,1,,,,,,,,,,,,,,,,,,,,,,,,,,,,,,,,,,10/1/2002,single,1,,,,,,,,,,,,,,,,yes,single,1
FTLAUFL,detention,FORT LAUDERDALE CITY JAIL,single,12011,"Broward County, FL",FL,"1300 W.BROWARD BLVD., FT.LAUDERDALE, FL 33312",single,1,,,,,,,,,,,,,,,,IGSA,single,1,DMCP,single,1,,,,,,,11,single,1,BROWARD,single,1,KRO,single,1,,,,,,,,,,MIA,single,1,2/9/1993,single,1,,,,,,,,,,,,,,,,,,,,,,,,,,,,,,,,,,9/30/2004,single,1,,,,,,,,,,,,,,,,yes,single,1
FULCONY,detention,FULTON COUNTY JAIL,single,36035|36057,"Fulton County, NY|Montgomery County, NY",NY,"PO BOX 20, JOHNSTOWN, NY 12095",single,1,,,,,,,,,,,,,,,,IGSA,single,1,DMCP,single,1,,,,,,,2,single,1,FULTON,single,1,BUF,single,1,,,,,,,,,,BUF,single,1,2/11/1998,single,1,,,,,,,,,,,,,,,,,,,,,,,,,,,,,,,,,,11/28/2007,single,1,,,,,,,,,,,,,,,,yes,single,1
FXADCVA,detention,FAIRFAX COUNTY ADULT DETENTION CENTER,single,51059|51600,"Fairfax County, VA|Fairfax city, VA",VA,"10520 JUDICIAL DRIVE, FAIRFAX, VA 22030",single,1,,,,,,,,,,,,,,,,IGSA,single,1,DMCP,single,1,,,,,,,4,single,1,FAIRFAX,single,1,WAS,single,1,,,,,,,,,,WAS,single,1,10/17/2003,single,1,,,,,,,no,single,1,,,,,,,,,,,,,,,,,,,,,,,,,11/2/2017,single,1,,,,,,,,,,,,,,,,yes,single,1
GABAPGA,detention,GEORGIA BAPTIST CHILDREN HOME,single,13171|13231|13293,"Pike County, GA|Upson County, GA|Lamar County, GA",GA,"1508 US HIGHWAY 19S, MEANSVILLE, GA 30256",single,1,,,,,,,,,,,,,,,,IGSA,single,1,JFRMU,single,1,,,,,,,11,single,1,PIKE,single,1,ATL,single,1,JUVENILE,single,1,,,,,,,ATL,single,1,7/14/1998,single,1,,,,,,,,,,,,,,,,,,,,,,,,,,,,,,,,,,9/29/2005,single,1,,,,,,,,,,,,,,,,no,single,1
GALLAMT,detention,GALLATIN COUNTY JAIL,single,30031|30067,"Gallatin County, MT|Park County, MT",MT,"615 SOUTH 16TH STREET, BOZEMAN, MT 59715",single,1,,,,,,,,,,,,,,,,IGSA,single,1,DMCP,single,1,,,,,,,9,single,1,GALLATIN,single,1,HEL,single,1,,,,,,,,,,SLC,single,1,2/27/1991,single,1,,,,,,,,,,,,,,,,,,,,,,,,,,,,,,,,,,6/23/2010,single,1,,,,,,,,,,,,,,,,yes,single,1
GARFICO,detention,GARFIELD COUNTY JAIL,single,08045,"Garfield County, CO",CO,"P.O. BOX 249/701 COLORADO, GLENWOOD SPGS, CO 81601",single,1,,,,,,,,,,,,,,,,IGSA,single,1,DMCP,single,1,,,,,,,10,single,1,GARFIELD,single,1,DEN,single,1,,,,,,,,,,DEN,single,1,9/16/1991,single,1,,,,,,,yes,single,1,,,,,,,,,,,,,,,,,,,,,,,,,3/16/2008,single,1,,,,,,,,,,,,,,,,yes,single,1
GARVIOK,detention,GARVIN COUNTY DETENTION CENTER,converged,40049,"Garvin County, OK",OK,"201 WEST GRANT AVENUE, PAULS VALLEY, OK 73075",converged,2,1,single,1,0,single,1,0,single,1,0,single,1,1,single,1,IGSA,converged,2,DMCP,single,1,1.7,single,1,,,,10,single,1,GARVIN,single,1,OKC,single,1,,,,0,single,1,0.1,single,1,DAL,converged,2,3/4/1993,single,1,Female/Male,single,1,,,,no,single,1,0,single,1,0,single,1,0.1,single,1,,,,Pass,single,1,2025-08-14,single,1,FPBDS,single,1,ODO OASIP,single,1,10/29/2017,single,1,0.1,single,1,0.9,single,1,0.4,single,1,0.9,single,1,,,,yes,single,1
GASTNNC,detention,GASTON COUNTY JAIL,single,37071,"Gaston County, NC",NC,"425 NORTH MARIETTA STREET, GASTONIA, NC 28052",single,1,,,,,,,,,,,,,,,,IGSA,single,1,DMCP,single,1,,,,,,,4,single,1,GASTON,single,1,CLT,single,1,,,,,,,,,,ATL,single,1,5/25/2007,single,1,,,,,,,no,single,1,,,,,,,,,,,,,,,,,,,,,,,,,11/4/2017,single,1,,,,,,,,,,,,,,,,yes,single,1
GCLECOK,detention,GRADY COUNTY LAW ENFORCEMENT CTR,single,40051,"Grady County, OK",OK,"215 N 3rd St, Chickasha, OK 73018",single,1,,,,,,,,,,,,,,,,USMS IGA,single,1,,,,,,,,,,10,single,1,Grady,single,1,,,,,,,,,,,,,DAL,single,1,,,,,,,,,,no,single,1,,,,,,,,,,,,,,,,,,,,,,,,,,,,,,,,,,,,,,,,,,,,,
GEAUGOH,detention,GEAUGA COUNTY JAIL,conflict,39055|39085,"Geauga County, OH|Lake County, OH",OH,"12450 MERRITT DR, CHARDON, OH 44024",conflict,3,14.6,single,1,0.6,single,1,0.6,single,1,1.2,single,1,17,single,1,USMS IGA,converged,2,DMCP,single,1,82.6,single,1,30,single,1,6,single,1,GEAUGA,single,1,CLE,single,1,,,,0.7,single,1,5.2,single,1,DET,converged,3,4/5/1996,single,1,Female/Male,single,1,,,,yes,single,1,2.8,single,1,0.1,single,1,0.9,single,1,,,,Pass,single,1,2025-01-30,single,1,NDS 2019,single,1,ODO,single,1,11/4/2017,single,1,2.2,single,1,8.9,single,1,9.2,single,1,13.3,single,1,(216) 535-0368,single,1,yes,single,1
GENESNY,detention,GENESEE COUNTY JAIL,single,36037,"Genesee County, NY",NY,"14 W. MAIN STREET, BATAVIA, NY 14020",single,1,,,,,,,,,,,,,,,,USMS IGA,single,1,DMCP,single,1,,,,0,single,1,2,single,1,CUMBERLAND,single,1,BUF,single,1,,,,,,,,,,BUF,single,1,1/5/1988,single,1,,,,,,,yes,single,1,,,,,,,,,,Batavia Immigration Court (co-located — same ZIP),single,1,,,,,,,,,,,,,4/8/2012,single,1,,,,,,,,,,,,,,,,yes,single,1
GENEVOH,detention,GENEVA CITY JAIL,single,39007|39085,"Ashtabula County, OH|Lake County, OH",OH,"44 NORTH FOREST ST, GENEVA, OH 44041",single,1,,,,,,,,,,,,,,,,IGSA,single,1,DMCP,single,1,,,,,,,6,single,1,ASHTABULA,single,1,CLE,single,1,,,,,,,,,,DET,single,1,6/25/1993,single,1,,,,,,,,,,,,,,,,,,,,,,,,,,,,,,,,,,10/21/2002,single,1,,,,,,,,,,,,,,,,yes,single,1
GFCORND,detention,GRAND FORKS COUNTY CORRECTIONAL FACILITY,single,38035,"Grand Forks County, ND",ND,"1701 NORTH WASHINGTON ST, GRAND FORKS, ND 58206",single,1,,,,,,,,,,,,,,,,IGSA,single,1,DMCP,single,1,,,,,,,8,single,1,GRAND FORKS,single,1,SPM,single,1,,,,,,,,,,SPM,single,1,2/17/1989,single,1,,,,,,,yes,single,1,,,,,,,,,,,,,,,,,,,,,,,,,11/4/2017,single,1,,,,,,,,,,,,,,,,yes,single,1
GFJUVND,detention,GRAND FORKS COUNTY,single,38035,"Grand Forks County, ND",ND,"P.O. BOX 726, GRAND FORKS, ND 58206",single,1,,,,,,,,,,,,,,,,IGSA,single,1,JFRMU,single,1,,,,,,,8,single,1,GRAND FORKS,single,1,SPM,single,1,JUVENILE,single,1,,,,,,,SPM,single,1,9/11/1997,single,1,,,,,,,no,single,1,,,,,,,,,,,,,,,,,,,,,,,,,10/24/2017,single,1,,,,,,,,,,,,,,,,no,single,1
GIJUVAZ,detention,GILA COUNTY JUVENILE DETENTION CENTER,single,04007,"Gila County, AZ",AZ,"1425 E. SOUTH STREET, GLOBE, AZ 85501",single,1,,,,,,,,,,,,,,,,IGSA,single,1,JFRMU,single,1,,,,,,,9,single,1,GILA,single,1,PHO,single,1,JUVENILE,single,1,,,,,,,PHO,single,1,12/20/2000,single,1,,,,,,,no,single,1,,,,,,,,,,,,,,,,,,,,,,,,,10/8/2008,single,1,,,,,,,,,,,,,,,,no,single,1
GILAJAZ,detention,GILA COUNTY JAIL,single,04007,"Gila County, AZ",AZ,"1100 SOUTH STREET, GLOBE, AZ 85501",single,1,,,,,,,,,,,,,,,,IGSA,single,1,DMCP,single,1,,,,,,,9,single,1,GILA,single,1,PHO,single,1,,,,,,,,,,PHO,single,1,7/18/1990,single,1,,,,,,,no,single,1,,,,,,,,,,,,,,,,,,,,,,,,,7/25/2006,single,1,,,,,,,,,,,,,,,,yes,single,1
GILLITX,detention,GILLISPIE CITY JAIL,single,48171|48259|48265|48299|48319,"Gillespie County, TX|Kendall County, TX|Kerr County, TX|Llano County, TX|Mason County, TX",TX,"JAIL ADMINISTRATOR, FREDERICKSBURG, TX 78624",single,1,,,,,,,,,,,,,,,,IGSA,single,1,DMCP,single,1,,,,,,,5,single,1,GILLESPIE,single,1,SNA,single,1,,,,,,,,,,SNA,single,1,10/18/2001,single,1,,,,,,,,,,,,,,,,,,,,,,,,,,,,,,,,,,9/20/2007,single,1,,,,,,,,,,,,,,,,yes,single,1
GILPICO,detention,GILPIN COUNTY SHERIFF,single,08013|08047|08059,"Jefferson County, CO|Boulder County, CO|Gilpin County, CO",CO,"2960 DORY HILL ROAD, GOLDEN, CO 80403",single,1,,,,,,,,,,,,,,,,IGSA,single,1,DMCP,single,1,,,,,,,10,single,1,JEFFERSON,single,1,DEN,single,1,,,,,,,,,,DEN,single,1,5/3/1999,single,1,,,,,,,,,,,,,,,,,,,,,,,,,,,,,,,,,,5/12/2008,single,1,,,,,,,,,,,,,,,,yes,single,1
GJCHOLD,detention,GRAND JUNCTION HOLDROOM,single,08077,"Mesa County, CO",CO,"571 S. COMMERCIAL DRIVE, GRAND JUNCTION, CO 81501",single,1,,,,,,,,,,,,,,,,Other,single,1,DMCP,single,1,,,,,,,10,single,1,MESA,single,1,DEN,single,1,HOLD,single,1,,,,,,,DEN,single,1,2/16/2011,single,1,,,,,,,no,single,1,,,,,,,,,,,,,,,,,,,,,,,,,9/12/2017,single,1,,,,,,,,,,,,,,,,yes,single,1
GLADEF2,detention,GLADES COUNTY DETENTION CENTER FEMALE,single,12099,"Palm Beach County, FL",FL,"1297 EAST STATE RD 78 NW; ANNEX @ 598 6TH ST, MOORE HAVEN, FL 33472",single,1,,,,,,,,,,,,,,,,IGSA,single,1,DMCP,single,1,,,,,,,11,single,1,GLADES,single,1,,,,,,,,,,,,,MIA,single,1,,,,,,,,,,yes,single,1,,,,,,,,,,,,,,,,,,,,,,,,,,,,,,,,,,,,,,,,,,,yes,single,1
GLADEFL,detention,GLADES COUNTY DETENTION CENTER,converged,12043|12051,"Glades County, FL|Hendry County, FL",FL,"1297 EAST SR 78, MOORE HAVEN, FL 33471",converged,3,352.5,single,1,108.8,single,1,5.7,single,1,7.5,single,1,474.5,single,1,IGSA,converged,2,DMCP,single,1,46.2,single,1,,,,11,single,1,GLADES,single,1,KRO,single,1,,,,0,single,1,0,single,1,MIA,converged,3,7/16/2007,single,1,Female/Male,single,1,500,single,1,yes,single,1,17.5,single,1,17.8,single,1,34.3,single,1,,,,Pass,single,1,2026-03-05,single,1,NDS 2019,single,1,ODO,single,1,11/4/2017,single,1,43,single,1,431.4,single,1,231.8,single,1,404.8,single,1,(863) 946-0062,single,1,yes,single,1
GLENNCA,detention,GLENN COUNTY JAIL,single,06011|06021,"Glenn County, CA|Colusa County, CA",CA,"141 SOUTH LASSEN, WILLOWS, CA 95988",single,1,,,,,,,,,,,,,,,,IGSA,single,1,DMCP,single,1,,,,,,,9,single,1,GLENN,single,1,SFR,single,1,,,,,,,,,,SFR,single,1,2/1/1999,single,1,,,,,,,no,single,1,,,,,,,,,,,,,,,,,,,,,,,,,8/16/2004,single,1,,,,,,,,,,,,,,,,yes,single,1
GLEPDCA,detention,GLENDALE POLICE DEPARTMENT,single,06037,"Los Angeles County, CA",CA,"131 NORTH ISABEL STREET, GLENDALE, CA 91206",single,1,,,,,,,,,,,,,,,,IGSA,single,1,DMCP,single,1,,,,,,,9,single,1,LOS ANGELES,single,1,LOS,single,1,,,,,,,,,,LOS,single,1,11/9/2007,single,1,,,,,,,no,single,1,,,,,,,,,,,,,,,,,,,,,,,,,10/26/2017,single,1,,,,,,,,,,,,,,,,yes,single,1
GLOUCNJ,detention,GLOUCESTER COUNTY JAIL,single,34015,"Gloucester County, NJ",NJ,"70 HUNTER STREET, WOODBURY, NJ 08096",single,1,,,,,,,,,,,,,,,,IGSA,single,1,DMCP,single,1,,,,,,,3,single,1,GLOUCESTER,single,1,NEW,single,1,,,,,,,,,,NEW,single,1,11/13/1986,single,1,,,,,,,,,,,,,,,,,,,,,,,,,,,,,,,,,,11/11/1987,single,1,,,,,,,,,,,,,,,,yes,single,1
GONZATX,detention,GONZALES COUNTY JAIL,single,48123|48177,"Gonzales County, TX|DeWitt County, TX",TX,"C/O SHERIFF, GONZALEZ, TX 78629",single,1,,,,,,,,,,,,,,,,IGSA,single,1,DMCP,single,1,,,,,,,5,single,1,GONZALES,single,1,SNA,single,1,,,,,,,,,,SNA,single,1,3/9/2003,single,1,,,,,,,,,,,,,,,,,,,,,,,,,,,,,,,,,,7/24/2007,single,1,,,,,,,,,,,,,,,,yes,single,1
GOOD,detention,GOOD,single,27049,"Goodhue County, MN",MN,"PUBLIC SAFETY BLDG., RED WING, MN 55066",single,1,,,,,,,,,,,,,,,,IGSA,single,1,DMCP,single,1,,,,,,,8,single,1,GOOD,single,1,SPM,single,1,,,,,,,,,,SPM,single,1,,,,,,,,,,,,,,,,,,,,,,,,,,,,,,,,,,,,,,,,,,,,,,,,,,,,,,,yes,single,1
GOODHMN,detention,GOODHUE COUNTY JAIL,single,27049,"Goodhue County, MN",MN,"PUBLIC SAFETY BLDG., RED WING, MN 55066",single,1,,,,,,,,,,,,,,,,IGSA,single,1,DMCP,single,1,,,,,,,8,single,1,GOODHUE,single,1,,,,,,,,,,,,,SPM,single,1,1/19/2007,single,1,,,,,,,,,,,,,,,,,,,,,,,,,,,,,,,,,,2/25/2007,single,1,,,,,,,,,,,,,,,,yes,single,1
GOSHEWY,detention,GOSHEN COUNTY JAIL,single,56015,"Goshen County, WY",WY,"2120 EAST B, TORRINGTON, WY 82240",single,1,,,,,,,,,,,,,,,,IGSA,single,1,DMCP,single,1,,,,,,,10,single,1,GOSHEN,single,1,DEN,single,1,,,,,,,,,,DEN,single,1,2/28/1999,single,1,,,,,,,,,,,,,,,,,,,,,,,,,,,,,,,,,,9/28/2008,single,1,,,,,,,,,,,,,,,,yes,single,1
GPCHOLD,detention,GREAT PLAINS CI HOLDROOM,single,40011|40015|40017|40051,"Caddo County, OK|Canadian County, OK|Grady County, OK|Blaine County, OK",OK,"700 SUGAR CREEK ROAD, HINTON, OK 73047",single,1,,,,,,,,,,,,,,,,Other,single,1,DMCP,single,1,,,,,,,10,single,1,CADDO,single,1,,,,HOLD,single,1,,,,,,,DAL,single,1,,,,,,,,,,no,single,1,,,,,,,,,,,,,,,,,,,,,,,,,,,,,,,,,,,,,,,,,,,yes,single,1
GRAHAAZ,detention,GRAHAM COUNTY,single,04009,"Graham County, AZ",AZ,"523 10TH AVE, SAFFORD, AZ 85546",single,1,,,,,,,,,,,,,,,,IGSA,single,1,DMCP,single,1,,,,,,,9,single,1,GRAHAM,single,1,TUC,single,1,,,,,,,,,,PHO,single,1,7/23/1990,single,1,,,,,,,no,single,1,,,,,,,,,,,,,,,,,,,,,,,,,7/14/1996,single,1,,,,,,,,,,,,,,,,yes,single,1
GRANDCO,detention,GRAND COUNTY JAIL,single,08049,"Grand County, CO",CO,"P.O. BOX 48, HOT SULPHUR SPGS, CO 80451",single,1,,,,,,,,,,,,,,,,IGSA,single,1,DMCP,single,1,,,,,,,10,single,1,GRAND,single,1,DEN,single,1,,,,,,,,,,DEN,single,1,5/14/1991,single,1,,,,,,,,,,,,,,,,,,,,,,,,,,,,,,,,,,4/20/2008,single,1,,,,,,,,,,,,,,,,yes,single,1
GRANTOR,detention,GRANT COUNTY JAIL,single,41023,"Grant County, OR",OR,"GRANT COUNTY JAIL, CANYON CITY, OR 97820",single,1,,,,,,,,,,,,,,,,IGSA,single,1,DMCP,single,1,,,,,,,9,single,1,GRANT,single,1,POO,single,1,,,,,,,,,,SEA,single,1,5/14/1997,single,1,,,,,,,yes,single,1,,,,,,,,,,,,,,,,,,,,,,,,,4/5/2011,single,1,,,,,,,,,,,,,,,,yes,single,1
GRANTWA,detention,GRANT COUNTY,single,53017|53025,"Grant County, WA|Douglas County, WA",WA,"35 C ST N.W., EPHRATA, WA 98823",single,1,,,,,,,,,,,,,,,,IGSA,single,1,DMCP,single,1,,,,,,,9,single,1,GRANT,single,1,SEA,single,1,,,,,,,,,,SEA,single,1,10/30/2003,single,1,,,,,,,no,single,1,,,,,,,,,,,,,,,,,,,,,,,,,7/22/2009,single,1,,,,,,,,,,,,,,,,yes,single,1
GRAYSKY,detention,GRAYSON COUNTY JAIL,single,21027|21061|21085,"Grayson County, KY|Breckinridge County, KY|Edmonson County, KY",KY,"320 SHAW STATION ROAD, LEITCHFIELD, KY 42754",single,1,,,,,,,,,,,,,,,,USMS IGA,single,1,DMCP,single,1,,,,10,single,1,6,single,1,GRAYSON,single,1,CHI,single,1,,,,,,,,,,CHI,single,1,12/16/1999,single,1,,,,,,,no,single,1,,,,,,,,,,,,,,,,,,,,,,,,,11/4/2017,single,1,,,,,,,,,,,,,,,,yes,single,1
GRECONY,detention,GREENE COUNTY JAIL,single,36039|36111,"Greene County, NY|Ulster County, NY",NY,"80 BRIDGE STREET, CATSKILL, NY 12414",single,1,,,,,,,,,,,,,,,,IGSA,single,1,DMCP,single,1,,,,,,,2,single,1,GREENE,single,1,BUF,single,1,,,,,,,,,,BUF,single,1,7/1/1996,single,1,,,,,,,,,,,,,,,,,,,,,,,,,,,,,,,,,,9/28/2008,single,1,,,,,,,,,,,,,,,,yes,single,1
GREENMA,detention,FRANKLIN COUNTY HOUSE OF CORRECTION,single,25011,"Franklin County, MA",MA,"160 ELM STREET, GREENFIELD, MA 01301",single,1,,,,,,,,,,,,,,,,USMS IGA,single,1,DMCP,single,1,,,,90,single,1,1,single,1,FRANKLIN,single,1,BOS,single,1,,,,,,,,,,BOS,single,1,12/23/1998,single,1,,,,,,,yes,single,1,,,,,,,,,,,,,,,,,,,,,,,,,11/4/2017,single,1,,,,,,,,,,,,,,,,yes,single,1
GREENMO,detention,GREENE COUNTY JAIL,converged,29077,"Greene County, MO",MO,"1199 N HASELTINE RD, SPRINGFIELD, MO 65802",conflict,3,168.6,single,1,24.4,single,1,30.6,single,1,30,single,1,253.6,single,1,USMS IGA,conflict,2,DMCP,single,1,21,single,1,,,,8,single,1,GREENE,single,1,KAN,single,1,,,,4.6,single,1,24.2,single,1,CHI,converged,3,2/5/1992,single,1,Female/Male,single,1,,,,no,single,1,22.9,single,1,14.9,single,1,30.9,single,1,,,,Pass,single,1,2026-05-07,single,1,FPBDS,single,1,ODO OASIP,single,1,4/2/2009,single,1,45.8,single,1,179,single,1,133.6,single,1,184.9,single,1,(417) 868-4040,single,1,yes,single,1
GREGGTX,detention,GREGG COUNTY JAIL,single,48183|48203,"Gregg County, TX|Harrison County, TX",TX,"101 E. METHVIN STREET, LONGVIEW, TX 75601",single,1,,,,,,,,,,,,,,,,USMS IGA,single,1,DMCP,single,1,,,,,,,5,single,1,GREGG,single,1,DAL,single,1,,,,,,,,,,DAL,single,1,,,,,,,,,,no,single,1,,,,,,,,,,,,,,,,,,,,,,,,,,,,,,,,,,,,,,,,,,,yes,single,1
GRFHOLD,detention,GRAND FORKS COUNTY CORRECTIONAL FACILITY,conflict,38035,"Grand Forks County, ND",ND,"1701 NORTH WASHINGTON ST, GRAND FORKS, ND 58203",conflict,3,7,single,1,6.1,single,1,4.6,single,1,1.4,single,1,19.1,single,1,USMS IGA,conflict,2,DMCP,single,1,16.5,single,1,,,,8,single,1,GRAND FORKS,single,1,SPM,single,1,HOLD,single,1,0.7,single,1,2.4,single,1,SPM,converged,3,2/15/2017,single,1,Female/Male,single,1,,,,no,single,1,1.5,single,1,2.8,single,1,3.3,single,1,,,,Pass,single,1,2026-03-19,single,1,FPBDS,single,1,ODO,single,1,2/15/2017,single,1,4.3,single,1,11.6,single,1,11,single,1,11.4,single,1,(701) 780-8224,single,1,yes,single,1
GRIHOLD,detention,GRAND ISLAND HOLDROOM,single,31079|31093|31121,"Hall County, NE|Merrick County, NE|Howard County, NE",NE,"220 N. WALNUT STREET, GRAND ISLAND, NE 68801",single,1,,,,,,,,,,,,,,,,Other,single,1,DMCP,single,1,,,,,,,8,single,1,HALL,single,1,OMA,single,1,HOLD,single,1,,,,,,,SPM,single,1,2/15/2011,single,1,,,,,,,no,single,1,,,,,,,,,,,,,,,,,,,,,,,,,2/15/2011,single,1,,,,,,,,,,,,,,,,yes,single,1
GRIMETX,detention,GRIMES COUNTY SHERIFFS DEPARTMENT,single,48185,"Grimes County, TX",TX,"382 FM 149 WEST, ANDERSON, TX 77830",single,1,,,,,,,,,,,,,,,,IGSA,single,1,DMCP,single,1,,,,,,,5,single,1,GRIMES,single,1,HOU,single,1,,,,,,,,,,HOU,single,1,1/9/2003,single,1,,,,,,,no,single,1,,,,,,,,,,,,,,,,,,,,,,,,,1/22/2006,single,1,,,,,,,,,,,,,,,,yes,single,1
GRMHOLD,detention,GRAND RAPIDS HOLD ROOM,single,26081,"Kent County, MI",MI,"517 OTTAWA AVE NW, GRAND RAPIDS, MI 49503",single,1,,,,,,,,,,,,,,,,Other,single,1,DMCP,single,1,,,,,,,6,single,1,KENT,single,1,DET,single,1,HOLD,single,1,,,,,,,DET,single,1,9/17/2014,single,1,,,,,,,no,single,1,,,,,,,,,,,,,,,,,,,,,,,,,4/14/2015,single,1,,,,,,,,,,,,,,,,yes,single,1
GRRHOLD,detention,GREER HOLD ROOM,single,45045|45083,"Greenville County, SC|Spartanburg County, SC",SC,"UNAVAILABLE, GREER, SC 29650",single,1,,,,,,,,,,,,,,,,Other,single,1,DMCP,single,1,,,,,,,4,single,1,GREENVILLE,single,1,GRR,single,1,HOLD,single,1,,,,,,,ATL,single,1,7/31/2017,single,1,,,,,,,no,single,1,,,,,,,,,,,,,,,,,,,,,,,,,8/1/2017,single,1,,,,,,,,,,,,,,,,yes,single,1
GRYDCKY,detention,GRAYSON COUNTY JAIL,conflict,21027|21061|21085,"Grayson County, KY|Breckinridge County, KY|Edmonson County, KY",KY,"320 SHAW STATION ROAD, LEITCHFIELD, KY 42754",conflict,3,110.7,single,1,12.2,single,1,25,single,1,12.5,single,1,160.4,single,1,USMS IGA,converged,2,DMCP,single,1,36.1,single,1,5,single,1,6,single,1,GRAYSON,single,1,CHI,single,1,,,,24.2,single,1,126.5,single,1,CHI,converged,3,2/23/2005,single,1,Female/Male,single,1,,,,no,single,1,13.2,single,1,10.4,single,1,12.5,single,1,,,,Pass,single,1,2025-07-23,single,1,FPBDS,single,1,ODO OASIP,single,1,2/26/2013,single,1,3.9,single,1,5.7,single,1,76.1,single,1,124.3,single,1,(270) 259-3636,single,1,yes,single,1
GSCHOLD,detention,GLENWOOD SPRINGS HOLDROOM,single,08045,"Garfield County, CO",CO,"100 MIDLAND AVENUE, GLENWOOD SPRINGS, CO 81601",single,1,,,,,,,,,,,,,,,,Other,single,1,DMCP,single,1,,,,,,,10,single,1,GLENWOOD SPRINGS,single,1,DEN,single,1,HOLD,single,1,,,,,,,DEN,single,1,2/22/2011,single,1,,,,,,,no,single,1,,,,,,,,,,,,,,,,,,,,,,,,,6/13/2013,single,1,,,,,,,,,,,,,,,,yes,single,1
GUADATX,detention,GUADALUPE CITY JAIL,single,48187,"Guadalupe County, TX",TX,"C/O COUNTY SHERIFF, SEGUIN, TX 78155",single,1,,,,,,,,,,,,,,,,IGSA,single,1,DMCP,single,1,,,,,,,5,single,1,GUADALUPE,single,1,SNA,single,1,,,,,,,,,,SNA,single,1,5/28/1999,single,1,,,,,,,no,single,1,,,,,,,,,,,,,,,,,,,,,,,,,2/16/2009,single,1,,,,,,,,,,,,,,,,yes,single,1
GUDOCHG,detention,DEPARTMENT OF CORRECTIONS HAGATNA,conflict,66010,"Guam, GU",GU,"203 ASPINAL AVE. PO BOX 3236, HAGATNA, GU 96910",conflict,3,2.9,single,1,8.6,single,1,4.5,single,1,3,single,1,19,single,1,USMS IGA,converged,2,DMCP,single,1,85.8,single,1,,,,9,single,1,GUAM,single,1,AGA,single,1,,,,0,single,1,0.8,single,1,SFR,converged,3,5/21/2009,single,1,Male,single,1,,,,yes,single,1,6.3,single,1,0.6,single,1,0.3,single,1,,,,Pass,single,1,2024-03-14,single,1,ORSA NDS 2019,single,1,ORSA,single,1,11/4/2017,single,1,6.2,single,1,11.9,single,1,8.8,single,1,11.7,single,1,(671) 777-2976,single,1,yes,single,1
GUNNICO,detention,GUNNISON COUNTY JAIL,single,08051|08109,"Gunnison County, CO|Saguache County, CO",CO,"200 NORTH IOWA, GUNNISON, CO 81230",single,1,,,,,,,,,,,,,,,,IGSA,single,1,DMCP,single,1,,,,,,,10,single,1,GUNNISON,single,1,DEN,single,1,,,,,,,,,,DEN,single,1,4/6/1999,single,1,,,,,,,,,,,,,,,,,,,,,,,,,,,,,,,,,,4/13/2008,single,1,,,,,,,,,,,,,,,,yes,single,1
GWINNGA,detention,GWINNETT COUNTY JAIL,single,13135,"Gwinnett County, GA",GA,"2900 UNIVERSITY PARKWAY, LAWRENCEVILLE, GA 30043",single,1,,,,,,,,,,,,,,,,IGSA,single,1,DMCP,single,1,,,,,,,11,single,1,GWINNETT,single,1,ATL,single,1,,,,,,,,,,ATL,single,1,10/8/2008,single,1,,,,,,,,,,,,,,,,,,,,,,,,,,,,,,,,,,12/30/2009,single,1,,,,,,,,,,,,,,,,yes,single,1
HAILEID,detention,DALE G. HAILE DETENTION CENTER,single,16027,"Canyon County, ID",ID,"1115 ALBANY, CALDWELL, ID 83605",single,1,,,,,,,,,,,,,,,,IGSA,single,1,DMCP,single,1,,,,,,,9,single,1,CANYON,single,1,BOI,single,1,,,,,,,,,,SLC,single,1,7/16/1993,single,1,,,,,,,yes,single,1,,,,,,,,,,,,,,,,,,,,,,,,,10/29/2017,single,1,,,,,,,,,,,,,,,,yes,single,1
HAJUVTX,detention,HAYS COUNTY JUVENILE CENTER,single,48055|48091|48187|48209,"Hays County, TX|Guadalupe County, TX|Caldwell County, TX|Comal County, TX",TX,"2250 CLOVIS R BARKER ROAD, SAN MARCOS, TX 78666",single,1,,,,,,,,,,,,,,,,IGSA,single,1,JFRMU,single,1,,,,,,,5,single,1,HAYS,single,1,SNA,single,1,JUVENILE,single,1,,,,,,,SNA,single,1,10/9/2001,single,1,,,,,,,,,,,,,,,,,,,,,,,,,,,,,,,,,,8/28/2003,single,1,,,,,,,,,,,,,,,,no,single,1
HALLJGA,detention,HALL COUNTY JAIL,single,13139,"Hall County, GA",GA,"1700 BARBER ROAD, GAINESVILLE, GA 30507",single,1,,,,,,,,,,,,,,,,USMS IGA,single,1,DMCP,single,1,,,,,,,11,single,1,HALL,single,1,ATL,single,1,,,,,,,,,,ATL,single,1,6/27/1995,single,1,,,,,,,no,single,1,,,,,,,,,,,,,,,,,,,,,,,,,11/4/2017,single,1,,,,,,,,,,,,,,,,yes,single,1
HAMILKS,detention,HAMILTON COUNTY JAIL,single,20075|20187,"Hamilton County, KS|Stanton County, KS",KS,"103 WEST AVE B, SYRACUSE, KS 67878",single,1,,,,,,,,,,,,,,,,IGSA,single,1,DMCP,single,1,,,,,,,10,single,1,HAMILTON,single,1,KAN,single,1,,,,,,,,,,CHI,single,1,4/24/2000,single,1,,,,,,,,,,,,,,,,,,,,,,,,,,,,,,,,,,10/8/2002,single,1,,,,,,,,,,,,,,,,yes,single,1
HAMILTN,detention,HAMILTON COUNTY,single,47065,"Hamilton County, TN",TN,"1600 EAST 3RD STREET, CHATTANOOGA, TN 37404",single,1,,,,,,,,,,,,,,,,IGSA,single,1,DMCP,single,1,,,,,,,6,single,1,HAMILTON,single,1,NOL,single,1,,,,,,,,,,NOL,single,1,2/21/1997,single,1,,,,,,,yes,single,1,,,,,,,,,,,,,,,,,,,,,,,,,3/3/2008,single,1,,,,,,,,,,,,,,,,yes,single,1
HAMPDMA,detention,HAMPDEN COUNTY,single,25013,"Hampden County, MA",MA,"627 RANDALL ROAD, LUDLOW, MA 01056",single,1,,,,,,,,,,,,,,,,IGSA,single,1,DMCP,single,1,,,,,,,1,single,1,HAMPDEN,single,1,HAR,single,1,,,,,,,,,,BOS,single,1,12/19/1995,single,1,,,,,,,,,,,,,,,,,,,,,,,,,,,,,,,,,,1/6/2003,single,1,,,,,,,,,,,,,,,,yes,single,1
HANCOME,detention,HANCOCK COUNTY JAIL,single,23009,"Hancock County, ME",ME,"60 STATE STREET, ELLSWORTH, ME 04605",single,1,,,,,,,,,,,,,,,,IGSA,single,1,DMCP,single,1,,,,,,,1,single,1,HANCOCK,single,1,POM,single,1,,,,,,,,,,BOS,single,1,5/30/2002,single,1,,,,,,,,,,,,,,,,,,,,,,,,,,,,,,,,,,8/6/2007,single,1,,,,,,,,,,,,,,,,yes,single,1
HANCOMS,detention,HANCOCK COUNTY PUBLIC SAFETY COMPLEX,conflict,28045,"Hancock County, MS",MS,"8450 HIGHWAY 90, BAY ST. LOUIS, MS 39520",conflict,2,19.1,single,1,4.8,single,1,1.7,single,1,1.4,single,1,27,single,1,IGSA,converged,2,DMCP,single,1,1.7,single,1,,,,5,single,1,HANCOCK,single,1,NOL,single,1,,,,0.2,single,1,3.3,single,1,NOL,converged,2,4/11/1987,single,1,Female/Male,single,1,,,,no,single,1,1,single,1,1.2,single,1,2,single,1,,,,Pass,single,1,Scheduled FY27,single,1,NDS 2019,single,1,ODO OASIP,single,1,8/15/2005,single,1,3.2,single,1,20.4,single,1,17.6,single,1,22.9,single,1,,,,yes,single,1
HANMNPA,detention,HAHNEMANN HOPSITAL,single,42101,"Philadelphia County, PA",PA,"BRAOD & VINE STREETS, PHILADELPHIA, PA 19107",single,1,,,,,,,,,,,,,,,,Other,single,1,OTHER,single,1,,,,,,,3,single,1,PHILADELPHIA,single,1,PHI,single,1,HOSPITAL,single,1,,,,,,,PHI,single,1,6/7/2006,single,1,,,,,,,,,,,,,,,,,,,Philadelphia Immigration Court (co-located — same ZIP),single,1,,,,,,,,,,,,,6/7/2006,single,1,,,,,,,,,,,,,,,,no,single,1
HARDJIA,detention,HARDIN COUNTY JAIL,converged,19075|19083,"Hardin County, IA|Grundy County, IA",IA,"1116 14TH AVENUE, ELDORA, IA 50627",converged,3,18.2,single,1,5.8,single,1,9.3,single,1,11.1,single,1,44.4,single,1,USMS IGA,conflict,2,DMCP,single,1,29.3,single,1,,,,8,single,1,HARDIN,single,1,OMA,single,1,,,,0.6,single,1,0.6,single,1,SPM,converged,3,9/17/1997,single,1,Female/Male,single,1,,,,yes,single,1,12.1,single,1,5.1,single,1,9.7,single,1,,,,Pass,single,1,Scheduled FY26,single,1,ORSA NDS 2019,single,1,ORSA,single,1,11/4/2017,single,1,21,single,1,22.1,single,1,26.5,single,1,17.5,single,1,(319) 221-1550,single,1,yes,single,1
HARFOCT,detention,HARTFORD CORRECTIONAL CENTER,single,09110,09110,CT,"177 WESTON STREET, HARTFORD, CT 06120",single,1,,,,,,,,,,,,,,,,IGSA,single,1,DMCP,single,1,,,,,,,2,single,1,HARTFORD,single,1,HAR,single,1,,,,,,,,,,BOS,single,1,3/3/1994,single,1,,,,,,,yes,single,1,,,,,,,,,,,,,,,,,,,,,,,,,3/25/2007,single,1,,,,,,,,,,,,,,,,yes,single,1
HARHOLD,detention,HARTFORD OFFICE,single,09110,09110,CT,"450 MAIN STREET, HARTFORD, CT 06103",single,1,,,,,,,,,,,,,,,,Other,single,1,DMCP,single,1,,,,,,,2,single,1,HARTFORD,single,1,HAR,single,1,HOLD,single,1,,,,,,,BOS,single,1,2/16/1993,single,1,,,,,,,no,single,1,,,,,,,,,,Hartford Immigration Court (co-located — same ZIP),single,1,,,,,,,,,,,,,7/25/2017,single,1,,,,,,,,,,,,,,,,yes,single,1
HARLANE,detention,HARLAN COUNTY JAIL,single,31083,"Harlan County, NE",NE,"706 WEST 2ND STREET, ALMA, NE 68920",single,1,,,,,,,,,,,,,,,,IGSA,single,1,DMCP,single,1,,,,,,,8,single,1,HARLAN,single,1,OMA,single,1,,,,,,,,,,SPM,single,1,7/14/1999,single,1,,,,,,,,,,,,,,,,,,,,,,,,,,,,,,,,,,10/3/2002,single,1,,,,,,,,,,,,,,,,yes,single,1
HARPEKS,detention,HARPER COUNTY JAIL,single,20077,"Harper County, KS",KS,"115 EAST STEADMAN STREET, ANTHONY, KS 67003",single,1,,,,,,,,,,,,,,,,IGSA,single,1,DMCP,single,1,,,,,,,10,single,1,HARPER,single,1,KAN,single,1,,,,,,,,,,CHI,single,1,1/25/1991,single,1,,,,,,,no,single,1,,,,,,,,,,,,,,,,,,,,,,,,,1/27/2003,single,1,,,,,,,,,,,,,,,,yes,single,1
HARRIGA,detention,HARRIS COUNTY JAIL,single,13145,"Harris County, GA",GA,"HWY 116 E PO BOX 286, HAMILTON, GA 31811",single,1,,,,,,,,,,,,,,,,IGSA,single,1,DMCP,single,1,,,,,,,11,single,1,HARRIS,single,1,ATL,single,1,,,,,,,,,,ATL,single,1,7/26/1993,single,1,,,,,,,yes,single,1,,,,,,,,,,,,,,,,,,,,,,,,,1/24/2007,single,1,,,,,,,,,,,,,,,,yes,single,1
HASHENE,detention,HALL COUNTY DEPARTMENT OF CORRECTIONS,converged,31079|31093|31121,"Hall County, NE|Merrick County, NE|Howard County, NE",NE,"110 PUBLIC SAFETY DRIVE, GRAND ISLAND, NE 68801",converged,2,4,single,1,3.6,single,1,1.9,single,1,2.3,single,1,11.8,single,1,USMS IGA,conflict,2,DMCP,single,1,8.8,single,1,,,,8,single,1,HALL,single,1,OMA,single,1,,,,0.2,single,1,0.3,single,1,SPM,converged,2,2/4/1992,single,1,Female/Male,single,1,,,,yes,single,1,1.9,single,1,2.8,single,1,3,single,1,,,,Pass,single,1,Scheduled FY26,single,1,NDS 2019,single,1,ODO,single,1,11/4/2017,single,1,5.4,single,1,5.8,single,1,10.7,single,1,4.1,single,1,,,,yes,single,1
HASKLTX,detention,Rolling Plains Detention Center,converged,48207|48253,"Haskell County, TX|Jones County, TX",TX,"118 County Road 206, Haskell, TX 79521",converged,2,,,,,,,,,,,,,,,,IGSA,single,1,DMCP,single,1,,,,525,single,1,5,single,1,HASKELL,single,1,DAL,single,1,,,,,,,,,,DAL,converged,2,6/18/2000,single,1,,,,,,,yes,single,1,,,,,,,,,,,,,,,,,,,,,,,,,3/23/2017,single,1,,,,,,,,,,,,,(214) 905-5829,single,1,yes,single,1
HAYCOTX,detention,HAYS COUNTY JAIL,single,48055|48091|48187|48209,"Hays County, TX|Guadalupe County, TX|Caldwell County, TX|Comal County, TX",TX,"C/O JAIL ADMINISTRATOR, SAN MARCOS, TX 78666",single,1,,,,,,,,,,,,,,,,IGSA,single,1,DMCP,single,1,,,,,,,5,single,1,HAYS,single,1,SNA,single,1,,,,,,,,,,SNA,single,1,11/1/1990,single,1,,,,,,,,,,,,,,,,,,,,,,,,,,,,,,,,,,8/6/2007,single,1,,,,,,,,,,,,,,,,yes,single,1
HBGHOLD,detention,HARRISONBURG HOLD ROOM,single,51165|51660,"Harrisonburg city, VA|Rockingham County, VA",VA,"UNAVAILABLE, HARRISONBURG, VA 22801",single,1,,,,,,,,,,,,,,,,Other,single,1,DMCP,single,1,,,,,,,4,single,1,HARRISONBURG,single,1,WAS,single,1,HOLD,single,1,,,,,,,WAS,single,1,7/27/2011,single,1,,,,,,,no,single,1,,,,,,,,,,,,,,,,,,,,,,,,,9/18/2017,single,1,,,,,,,,,,,,,,,,yes,single,1
HCPSYTX,detention,HARRIS COUNTY PSYCHIATRIC CENTER,single,48201,"Harris County, TX",TX,"2800 S MACGREGOR WAY, HOUSTON, TX 77021",single,1,,,,,,,,,,,,,,,,Other,single,1,OTHER,single,1,,,,,,,5,single,1,HARRIS,single,1,,,,HOSPITAL,single,1,,,,,,,HOU,single,1,10/19/2016,single,1,,,,,,,,,,,,,,,,,,,,,,,,,,,,,,,,,,11/4/2017,single,1,,,,,,,,,,,,,,,,no,single,1
HEADCMN,detention,HENNEPIN COUNTY ADULT DETENTION CENTER,single,27053,"Hennepin County, MN",MN,"525 PORTLAND AVENUE SOUTH, MINNEAPOLIS, MN 55415",single,1,,,,,,,,,,,,,,,,IGSA,single,1,DMCP,single,1,,,,,,,8,single,1,HENNEPIN,single,1,SPM,single,1,,,,,,,,,,SPM,single,1,7/29/1998,single,1,,,,,,,,,,,,,,,,,,,,,,,,,,,,,,,,,,7/13/2003,single,1,,,,,,,,,,,,,,,,yes,single,1
HELHOLD,detention,HELENA DISTRICT CUSTODY,single,30043|30049,"Lewis and Clark County, MT|Jefferson County, MT",MT,"805 COLLEEN STREET, HELENA, MT 59601",single,1,,,,,,,,,,,,,,,,Other,single,1,DMCP,single,1,,,,,,,9,single,1,LEWIS AND CLARK,single,1,HEL,single,1,HOLD,single,1,,,,,,,SLC,single,1,7/9/1997,single,1,,,,,,,no,single,1,,,,,,,,,,,,,,,,,,,,,,,,,7/6/2015,single,1,,,,,,,,,,,,,,,,yes,single,1
HENDENC,detention,HENDERSON COUNTY DETENTION FACILITY,single,37021|37089|37149,"Henderson County, NC|Buncombe County, NC|Polk County, NC",NC,"375 1ST AVENUE EAST, HENDERSONVILLE, NC 28792",single,1,,,,,,,,,,,,,,,,IGSA,single,1,DMCP,single,1,,,,,,,4,single,1,HENDERSON,single,1,CLT,single,1,,,,,,,,,,ATL,single,1,9/19/2008,single,1,,,,,,,yes,single,1,,,,,,,,,,,,,,,,,,,,,,,,,12/29/2014,single,1,,,,,,,,,,,,,,,,yes,single,1
HENDENV,detention,HENDERSON DETENTION,conflict,32003,"Clark County, NV",NV,"18 E BASIC ROAD, HENDERSON, NV 89015",converged,3,38.4,single,1,18.6,single,1,18.5,single,1,10.3,single,1,85.8,single,1,USMS IGA,converged,2,DMCP,single,1,26.9,single,1,300,single,1,9,single,1,CLARK,single,1,LVG,single,1,,,,3.8,single,1,16,single,1,SLC,converged,3,2/4/2011,single,1,Female/Male,single,1,,,,yes,single,1,15.3,single,1,4.9,single,1,11.9,single,1,,,,Pass,single,1,2024-03-21,single,1,NDS 2019,single,1,ODO,single,1,11/4/2017,single,1,22.1,single,1,43.9,single,1,50.7,single,1,53.7,single,1,(702) 388-6253,single,1,yes,single,1
HENDETX,detention,HENDERSON COUNTY JAIL,single,48001|48213,"Henderson County, TX|Anderson County, TX",TX,"206 N Murchison St,, Athens, TX 75751",single,1,,,,,,,,,,,,,,,,IGSA,single,1,,,,,,,,,,5,single,1,Henderson,single,1,,,,,,,,,,,,,DAL,single,1,,,,,,,,,,no,single,1,,,,,,,,,,,,,,,,,,,,,,,,,,,,,,,,,,,,,,,,,,,,,
HENDRFL,detention,HENDRY COUNTY JAIL,single,12043|12051,"Hendry County, FL|Glades County, FL",FL,"101 SOUTH BRIDGE STREET, LABELLE, FL 33935",single,1,,,,,,,,,,,,,,,,IGSA,single,1,DMCP,single,1,,,,,,,11,single,1,HENDRY,single,1,KRO,single,1,,,,,,,,,,MIA,single,1,4/20/1999,single,1,,,,,,,,,,,,,,,,,,,,,,,,,,,,,,,,,,2/4/2008,single,1,,,,,,,,,,,,,,,,yes,single,1
HENHOLD,detention,HENDERSONVILLE HOLD ROOM,single,37021|37089|37149,"Henderson County, NC|Buncombe County, NC|Polk County, NC",NC,"518 6TH AVE W, HENDERSONVILLE, NC 28792",single,1,,,,,,,,,,,,,,,,Other,single,1,DMCP,single,1,,,,,,,4,single,1,HENDERSON,single,1,CLT,single,1,HOLD,single,1,,,,,,,ATL,single,1,,,,,,,,,,no,single,1,,,,,,,,,,,,,,,,,,,,,,,,,,,,,,,,,,,,,,,,,,,yes,single,1
HENRIVA,detention,HENRICO COUNTY JAIL,single,51760,"Richmond city, VA",VA,"P.O.BOX 27796, RICHMOND, VA 23261",single,1,,,,,,,,,,,,,,,,IGSA,single,1,DMCP,single,1,,,,,,,4,single,1,RICHMOND CITY,single,1,WAS,single,1,,,,,,,,,,WAS,single,1,8/25/1989,single,1,,,,,,,,,,,,,,,,,,,,,,,,,,,,,,,,,,7/1/2007,single,1,,,,,,,,,,,,,,,,yes,single,1
HENRYGA,detention,HENRY COUNTY SHERIFF,single,13151,"Henry County, GA",GA,"120 HENRY PARKWAY, MCDONOUGH, GA 30253",single,1,,,,,,,,,,,,,,,,IGSA,single,1,DMCP,single,1,,,,,,,11,single,1,HENRY,single,1,ATL,single,1,,,,,,,,,,ATL,single,1,2/2/1992,single,1,,,,,,,,,,,,,,,,,,,,,,,,,,,,,,,,,,6/23/1994,single,1,,,,,,,,,,,,,,,,yes,single,1
HERKINY,detention,HERKIMER COUNTY JAIL,single,36043,"Herkimer County, NY",NY,"BOX 709, HERKIMER, NY 13350",single,1,,,,,,,,,,,,,,,,IGSA,single,1,DMCP,single,1,,,,,,,2,single,1,HERKIMER,single,1,BUF,single,1,,,,,,,,,,BUF,single,1,11/17/1987,single,1,,,,,,,,,,,,,,,,,,,,,,,,,,,,,,,,,,5/25/2005,single,1,,,,,,,,,,,,,,,,yes,single,1
HERNAFL,detention,HERNANDO COUNTY JAIL,single,12053|12101,"Hernando County, FL|Pasco County, FL",FL,"16425 SPRING HILL DRIVE, BROOKSVILLE, FL 34604",single,1,,,,,,,,,,,,,,,,IGSA,single,1,DMCP,single,1,,,,,,,11,single,1,HERNANDO,single,1,TAM,single,1,,,,,,,,,,MIA,single,1,10/31/1997,single,1,,,,,,,yes,single,1,,,,,,,,,,,,,,,,,,,,,,,,,10/29/2009,single,1,,,,,,,,,,,,,,,,yes,single,1
HHWHOLD,detention,INS DISTRICT OFFICE,single,15003,"Honolulu County, HI",HI,"595 ALA MOANA BLVD, HONOLULU, HI 96813",single,1,,,,,,,,,,,,,,,,Other,single,1,DMCP,single,1,,,,,,,9,single,1,HONOLULU,single,1,HHW,single,1,HOLD,single,1,,,,,,,SFR,single,1,7/17/1992,single,1,,,,,,,no,single,1,,,,,,,,,,,,,,,,,,,,,,,,,9/12/2017,single,1,,,,,,,,,,,,,,,,yes,single,1
HICOJFL,detention,HILLSBOROUGH COUNTY JAIL,single,12057,"Hillsborough County, FL",FL,"1201 NORTH ORIENT ROAD, TAMPA, FL 33619",single,1,,,,,,,,,,,,,,,,IGSA,single,1,DMCP,single,1,,,,,,,11,single,1,HILLSBOROUGH,single,1,TAM,single,1,,,,,,,,,,MIA,single,1,10/21/1993,single,1,,,,,,,no,single,1,,,,,,,,,,,,,,,,,,,,,,,,,2/25/2009,single,1,,,,,,,,,,,,,,,,yes,single,1
HIDALNM,detention,HIDALGO COUNTY DETENTION FACILITY,single,35023,"Hidalgo County, NM",NM,"83 OLD HIGHWAY 70, LORDSBURG, NM 88045",single,1,,,,,,,,,,,,,,,,IGSA,single,1,DMCP,single,1,,,,,,,10,single,1,HIDALGO,single,1,ELP,single,1,,,,,,,,,,ELP,single,1,4/29/2015,single,1,,,,,,,yes,single,1,,,,,,,,,,,,,,,,,,,,,,,,,1/29/2017,single,1,,,,,,,,,,,,,,,,yes,single,1
HIDALTX,detention,HIDALGO COUNTY JAIL,single,48215,"Hidalgo County, TX",TX,"3100 SOUTH HWY 281, EDINBURG, TX 78539",single,1,,,,,,,,,,,,,,,,IGSA,single,1,DMCP,single,1,,,,,,,5,single,1,HIDALGO,single,1,HLG,single,1,,,,,,,,,,SNA,single,1,8/8/1988,single,1,,,,,,,no,single,1,,,,,,,,,,,,,,,,,,,,,,,,,10/25/2017,single,1,,,,,,,,,,,,,,,,yes,single,1
HILLCMT,detention,HILL COUNTY DETENTION CENTER,single,30005|30041,"Hill County, MT|Blaine County, MT",MT,"1450 2ND STREET WEST, HAVRE, MT 59501",single,1,,,,,,,,,,,,,,,,USMS IGA,single,1,DMCP,single,1,,,,3,single,1,9,single,1,HILL,single,1,HEL,single,1,,,,,,,,,,SLC,single,1,5/13/2002,single,1,,,,,,,no,single,1,,,,,,,,,,,,,,,,,,,,,,,,,12/22/2014,single,1,,,,,,,,,,,,,,,,yes,single,1
HILLSNH,detention,HILLSBOROUGH COUNTY JAIL,single,33011|33015,"Hillsborough County, NH|Rockingham County, NH",NH,"445 WILLOW STREET, MANCHESTER, NH 03103",single,1,,,,,,,,,,,,,,,,IGSA,single,1,DMCP,single,1,,,,,,,1,single,1,HILLSBOROUGH,single,1,BOS,single,1,,,,,,,,,,BOS,single,1,6/6/1990,single,1,,,,,,,,,,,,,,,,,,,,,,,,,,,,,,,,,,1/28/2000,single,1,,,,,,,,,,,,,,,,yes,single,1
HLGHOLD,detention,HARLINGEN HOLD ROOM,single,48061|48489,"Cameron County, TX|Willacy County, TX",TX,"1717 ZOY STREET, HARLINGEN, TX 78550",single,1,,,,,,,,,,,,,,,,Other,single,1,DMCP,single,1,,,,,,,5,single,1,CAMERON,single,1,HLG,single,1,HOLD,single,1,,,,,,,SNA,single,1,5/15/2008,single,1,,,,,,,no,single,1,,,,,,,,,,Harlingen Immigration Court (co-located — same ZIP),single,1,,,,,,,,,,,,,10/30/2017,single,1,,,,,,,,,,,,,,,,yes,single,1
HLYCHIL,detention,HOLY CROSS HOSPITAL,single,17031,"Cook County, IL",IL,"2701 W 68TH ST, CHICAGO, IL 60629",single,1,,,,,,,,,,,,,,,,Other,single,1,OTHER,single,1,,,,,,,7,single,1,COOK,single,1,,,,HOSPITAL,single,1,,,,,,,CHI,single,1,4/8/2016,single,1,,,,,,,,,,,,,,,,,,,,,,,,,,,,,,,,,,1/5/2017,single,1,,,,,,,,,,,,,,,,no,single,1
HMCHOTX,detention,HARLINGEN MEDICAL CENTER,single,48061|48489,"Cameron County, TX|Willacy County, TX",TX,"5501 S EXPRESSWAY 71, HARLINGEN, TX 78550",single,1,,,,,,,,,,,,,,,,Other,single,1,OTHER,single,1,,,,,,,5,single,1,CAMERON,single,1,PIC,single,1,HOSPITAL,single,1,,,,,,,SNA,single,1,3/20/1989,single,1,,,,,,,,,,,,,,,,,,,Harlingen Immigration Court (co-located — same ZIP),single,1,,,,,,,,,,,,,11/4/2017,single,1,,,,,,,,,,,,,,,,no,single,1
HOKLYTX,detention,HOCKLEY COUNTY JAIL,single,48079|48219,"Hockley County, TX|Cochran County, TX",TX,"1310 AVENUE H, LEVELLAND, TX 79336",single,1,,,,,,,,,,,,,,,,IGSA,single,1,DMCP,single,1,,,,,,,5,single,1,HOCKLEY,single,1,EPC,single,1,,,,,,,,,,ELP,single,1,,,,,,,,,,,,,,,,,,,,,,,,,,,,,,,,,,,,,,,,,,,,,,,,,,,,,,,yes,single,1
HOLINNY,detention,HOLIDAY INN,single,36081,"Queens County, NY",NY,"14402 135TH AVENUE, JAMAICA, NY 11436",single,1,,,,,,,,,,,,,,,,Other,single,1,OTHER,single,1,,,,,,,2,single,1,QUEENS,single,1,VRK,single,1,,,,,,,,,,NYC,single,1,7/23/1997,single,1,,,,,,,,,,,,,,,,,,,,,,,,,,,,,,,,,,7/8/2003,single,1,,,,,,,,,,,,,,,,no,single,1
HOSPSPR,detention,HOSPITAL PAVIA-SANTURCE,single,72127,"San Juan Municipio, PR",PR,"1462 ASIA ST PO BOX 11137, SAN JUAN, PR 00909",single,1,,,,,,,,,,,,,,,,Other,single,1,OTHER,single,1,,,,,,,1,single,1,SAN JUAN,single,1,,,,HOSPITAL,single,1,,,,,,,MIA,single,1,4/13/2016,single,1,,,,,,,,,,,,,,,,,,,,,,,,,,,,,,,,,,6/30/2017,single,1,,,,,,,,,,,,,,,,no,single,1
HOTELMA,detention,RAMADA HOTEL,single,25025,"Suffolk County, MA",MA,"225 MCCLELLAN HIGHWAY, EAST BOSTON, MA 02128",single,1,,,,,,,,,,,,,,,,Other,single,1,OTHER,single,1,,,,,,,1,single,1,SUFFOLK,single,1,BOS,single,1,,,,,,,,,,BOS,single,1,5/4/1999,single,1,,,,,,,,,,,,,,,,,,,,,,,,,,,,,,,,,,3/10/2017,single,1,,,,,,,,,,,,,,,,no,single,1
HOTSPWY,detention,HOT SPRINGS COUNTY JAIL,single,56017,"Hot Springs County, WY",WY,"417 ARAPAHOE STREET, THERMOPOLIS, WY 82443",single,1,,,,,,,,,,,,,,,,IGSA,single,1,DMCP,single,1,,,,,,,10,single,1,HOT SPRINGS,single,1,DEN,single,1,,,,,,,,,,DEN,single,1,3/31/2008,single,1,,,,,,,,,,,,,,,,,,,,,,,,,,,,,,,,,,3/31/2008,single,1,,,,,,,,,,,,,,,,yes,single,1
HOUHOLD,detention,HOUSTON FIELD OFFICE HOLD ROOM,single,48201,"Harris County, TX",TX,"5520 GREENS RD., HOUSTON, TX 77032",single,1,,,,,,,,,,,,,,,,Other,single,1,DMCP,single,1,,,,,,,5,single,1,HARRIS,single,1,HOU,single,1,HOLD,single,1,,,,,,,HOU,single,1,11/17/1994,single,1,,,,,,,no,single,1,,,,,,,,,,,,,,,,,,,,,,,,,11/4/2017,single,1,,,,,,,,,,,,,,,,yes,single,1
HOUICDF,detention,HOUSTON CONTRACT DETENTION FACILITY,converged,48201,"Harris County, TX",TX,"15850 EXPORT PLAZA DRIVE, HOUSTON, TX 77032",converged,3,517.7,single,1,186.2,single,1,72.8,single,1,55.4,single,1,832.1,single,1,CDF,converged,2,DMCP,single,1,54.5,single,1,1000,single,1,5,single,1,HARRIS,single,1,HOU,single,1,,,,37.8,single,1,252.1,single,1,HOU,converged,3,7/21/1986,single,1,Female/Male,single,1,750,converged,2,yes,single,1,109.5,single,1,45.5,single,1,61.7,single,1,,,,Pass,single,1,2026-06-11,single,1,PBNDS 2011 - 2016 Revisions,single,1,ODO,single,1,11/4/2017,single,1,139.6,single,1,402.5,single,1,467.3,single,1,615.3,single,1,(281) 449-1481,single,1,yes,single,1
HOWARMD,detention,HOWARD COUNTY DETENTION CENTER,single,24003|24027,"Howard County, MD|Anne Arundel County, MD",MD,"7301 WATERLOO ROAD, JESSUP, MD 20794",single,1,,,,,,,,,,,,,,,,IGSA,single,1,DMCP,single,1,,,,,,,4,single,1,HOWARD,single,1,BAL,single,1,,,,,,,,,,BAL,single,1,11/25/1987,single,1,,,,,,,yes,single,1,,,,,,,,,,,,,,,,,,,,,,,,,11/4/2017,single,1,,,,,,,,,,,,,,,,yes,single,1
HPBRGTX,detention,HOPEBRIDGE HOSPITAL,single,48201,"Harris County, TX",TX,"5556 GASSMER DR., HOUSTON, TX 77035",single,1,,,,,,,,,,,,,,,,Other,single,1,OTHER,single,1,,,,,,,5,single,1,HARRIS,single,1,,,,HOSPITAL,single,1,,,,,,,HOU,single,1,5/8/2015,single,1,,,,,,,,,,,,,,,,,,,,,,,,,,,,,,,,,,5/14/2017,single,1,,,,,,,,,,,,,,,,no,single,1
HRREGVA,detention,HAMPTON ROADS REGIONAL JAIL,single,51740,"Portsmouth city, VA",VA,"2690 ELMHURST LANE, PORTSMOUTH, VA 23701",single,1,,,,,,,,,,,,,,,,USMS IGA,single,1,DMCP,single,1,,,,,,,4,single,1,PORTSMOUTH CITY,single,1,WAS,single,1,,,,,,,,,,WAS,single,1,6/16/2000,single,1,,,,,,,yes,single,1,,,,,,,,,,,,,,,,,,,,,,,,,3/10/2014,single,1,,,,,,,,,,,,,,,,yes,single,1
HSF,detention,HARLINGEN STAGING FACILITY,single,48061|48489,"Cameron County, TX|Willacy County, TX",TX,"1102 SOUTH COMMERCE STREET, HARLINGEN, TX 78550",single,1,,,,,,,,,,,,,,,,Other,single,1,DMCP,single,1,,,,,,,5,single,1,CAMERON,single,1,PIC,single,1,STAGING,single,1,,,,,,,SNA,single,1,1/28/2003,single,1,,,,,,,no,single,1,,,,,,,,,,Harlingen Immigration Court (co-located — same ZIP),single,1,,,,,,,,,,,,,4/29/2013,single,1,,,,,,,,,,,,,,,,yes,single,1
HUDSONJ,detention,HUDSON COUNTY CORRECTIONAL CENTER,single,34003|34017,"Hudson County, NJ|Bergen County, NJ",NJ,"30-35 HACKENSACK AVE., KEARNY, NJ 07032",single,1,,,,,,,,,,,,,,,,IGSA,single,1,DMCP,single,1,,,,476,single,1,3,single,1,HUDSON,single,1,VRK,single,1,,,,,,,,,,NYC,single,1,8/14/1995,single,1,,,,,,,yes,single,1,,,,,,,,,,,,,,,,,,,,,,,,,11/4/2017,single,1,,,,,,,,,,,,,,,,yes,single,1
HUDSPTX,detention,HUDSPETH COUNTY JAIL,single,48229,"Hudspeth County, TX",TX,"525 NORTH WILSON AVENUE, SIERRA BLANCA, TX 79851",single,1,,,,,,,,,,,,,,,,IGSA,single,1,DMCP,single,1,,,,,,,5,single,1,HUDSPETH,single,1,ELP,single,1,,,,,,,,,,ELP,single,1,4/16/1986,single,1,,,,,,,no,single,1,,,,,,,,,,,,,,,,,,,,,,,,,9/18/2008,single,1,,,,,,,,,,,,,,,,yes,single,1
HUERFCO,detention,HUERFANO COUNTY JAIL,single,08055|08071,"Huerfano County, CO|Las Animas County, CO",CO,"500 SOUTH ALBERT, WALSENBERG, CO 81089",single,1,,,,,,,,,,,,,,,,IGSA,single,1,DMCP,single,1,,,,,,,10,single,1,HUERFANO,single,1,DEN,single,1,,,,,,,,,,DEN,single,1,4/29/1991,single,1,,,,,,,,,,,,,,,,,,,,,,,,,,,,,,,,,,6/21/2006,single,1,,,,,,,,,,,,,,,,yes,single,1
HUGHESD,detention,HUGHES COUNTY,single,46065|46119,"Hughes County, SD|Sully County, SD",SD,"BOX 186, PIERRE, SD 57501",single,1,,,,,,,,,,,,,,,,IGSA,single,1,DMCP,single,1,,,,,,,8,single,1,HUGHES,single,1,SPM,single,1,,,,,,,,,,SPM,single,1,9/6/1994,single,1,,,,,,,,,,,,,,,,,,,,,,,,,,,,,,,,,,11/9/2005,single,1,,,,,,,,,,,,,,,,yes,single,1
HUMBOIA,detention,HUMBOLDT COUNTY JAIL,single,19091|19187,"Humboldt County, IA|Webster County, IA",IA,"430 SUMNER AVENUE, HUMBOLDT, IA 50548",single,1,,,,,,,,,,,,,,,,IGSA,single,1,DMCP,single,1,,,,,,,8,single,1,HUMBOLDT,single,1,OMA,single,1,,,,,,,,,,SPM,single,1,8/15/1997,single,1,,,,,,,,,,,,,,,,,,,,,,,,,,,,,,,,,,10/28/2002,single,1,,,,,,,,,,,,,,,,yes,single,1
HVHOSFL,detention,WINDMOOR HOSPITAL (HARBORVIEW),single,12086,"Miami-Dade County, FL",FL,"1861 N.W. SOUTH RIVER DRIVE, MIAMI, FL 33125",single,1,,,,,,,,,,,,,,,,Other,single,1,OTHER,single,1,,,,,,,11,single,1,MIAMI-DADE,single,1,KRO,single,1,HOSPITAL,single,1,,,,,,,MIA,single,1,7/6/1996,single,1,,,,,,,,,,,,,,,,,,,,,,,,,,,,,,,,,,10/3/2000,single,1,,,,,,,,,,,,,,,,no,single,1
IAHSFTX,detention,GEORGE BUSH INTERCONTINENTAL,single,48201,"Harris County, TX",TX,"2800 N. TERMINAL ROAD, HOUSTON, TX 77032",single,1,,,,,,,,,,,,,,,,Other,single,1,DMCP,single,1,,,,,,,5,single,1,COUNTY,single,1,HLG,single,1,STAGING,single,1,,,,,,,SNA,single,1,8/2/2014,single,1,,,,,,,no,single,1,,,,,,,,,,,,,,,,,,,,,,,,,9/4/2016,single,1,,,,,,,,,,,,,,,,yes,single,1
IBERILA,detention,IBERIA PARISH JAIL,single,22045|22055|22099|22113,"Iberia Parish, LA|Vermilion Parish, LA|St. Martin Parish, LA|Lafayette Parish, LA",LA,"300 IBERIA STREET SUITE 120, NEW IBERIA, LA 70560",single,1,,,,,,,,,,,,,,,,IGSA,single,1,DMCP,single,1,,,,,,,5,single,1,IBERIA,single,1,NOL,single,1,,,,,,,,,,NOL,single,1,11/5/1998,single,1,,,,,,,,,,,,,,,,,,,,,,,,,,,,,,,,,,8/12/2004,single,1,,,,,,,,,,,,,,,,yes,single,1
ice-burleigh-county-detention-center,detention,Burleigh County Detention Center,single,38015|38029,"Burleigh County, ND|Emmons County, ND",ND,"4000 Apple Creek Road, Bismarck, ND 58504",single,1,,,,,,,,,,,,,,,,,,,,,,,,,,,,,,,,,,,,,,,,,,,,,,SPM,single,1,,,,,,,,,,,,,,,,,,,,,,,,,,,,,,,,,,,,,,,,,,,,,,,,,,,,(701) 354-3292,single,1,,,
ice-campbell-county-detention-center,detention,Campbell County Detention Center,single,21037,"Campbell County, KY",KY,"601 Central Avenue, Newport, KY 41071",single,1,,,,,,,,,,,,,,,,,,,,,,,,,,,,,,,,,,,,,,,,,,,,,,CHI,single,1,,,,,,,,,,,,,,,,,,,,,,,,,,,,,,,,,,,,,,,,,,,,,,,,,,,,(859) 431-4611,single,1,,,
ice-central-louisiana-ipc,detention,Central Louisiana ICE Processing Center,single,22059,"LaSalle Parish, LA",LA,"830 Pine Hill Road, Jena, LA 71342",single,1,,,,,,,,,,,,,,,,,,,,,,,,,,,,,,,,,,,,,,,,,,,,,,NOL,single,1,,,,,,,,,,,,,,,,,,,,,,LaSalle Immigration Court (co-located — same ZIP),single,1,,,,,,,,,,,,,,,,,,,,,,,,,,,,(318) 992-1600,single,1,,,
ice-central-valley-annex,detention,Central Valley Annex,single,06029,"Kern County, CA",CA,"254 Taylor Avenue, McFarland, CA 93250",single,1,,,,,,,,,,,,,,,,,,,,,,,,,,,,,,,,,,,,,,,,,,,,,,SFR,single,1,,,,,,,,,,,,,,,,,,,,,,,,,,,,,,,,,,,,,,,,,,,,,,,,,,,,(661) 792-3492,single,1,,,
ice-cimarron-correctional-facility,detention,Cimarron Correctional Facility,single,40037|40081|40119,"Payne County, OK|Lincoln County, OK|Creek County, OK",OK,"3200 S. Kings Hwy, Cushing, OK 74023",single,1,,,,,,,,,,,,,,,,,,,,,,,,,,,,,,,,,,,,,,,,,,,,,,DAL,single,1,,,,,,,,,,,,,,,,,,,,,,,,,,,,,,,,,,,,,,,,,,,,,,,,,,,,(918) 225-3336,single,1,,,
ice-clinton-county-correctional-facility,detention,Clinton County Correctional Facility,single,42035,"Clinton County, PA",PA,"58 Pine Mountain Road, McElhattan, PA 17748",single,1,,,,,,,,,,,,,,,,,,,,,,,,,,,,,,,,,,,,,,,,,,,,,,PHI,single,1,,,,,,,,,,,,,,,,,,,,,,,,,,,,,,,,,,,,,,,,,,,,,,,,,,,,(570) 547-6903,single,1,,,
ice-corrections-center-northwest-ohio-ccno,detention,Corrections Center of Northwest Ohio (CCNO),single,39051|39069|39171,"Williams County, OH|Fulton County, OH|Henry County, OH",OH,"03151 Co. Rd. 24.2, Stryker, OH 43557",single,1,,,,,,,,,,,,,,,,,,,,,,,,,,,,,,,,,,,,,,,,,,,,,,DET,single,1,,,,,,,,,,,,,,,,,,,,,,,,,,,,,,,,,,,,,,,,,,,,,,,,,,,,(419) 428-3800,single,1,,,
ice-daviess-county-detention-center,detention,Daviess County Detention Center,single,21059,"Daviess County, KY",KY,"3337 Highway 144, Owensboro, KY 42303",single,1,,,,,,,,,,,,,,,,,,,,,,,,,,,,,,,,,,,,,,,,,,,,,,CHI,single,1,,,,,,,,,,,,,,,,,,,,,,,,,,,,,,,,,,,,,,,,,,,,,,,,,,,,(270) 685-8466,single,1,,,
ice-desert-view-annex,detention,Desert View Annex,single,06037|06071,"San Bernardino County, CA|Los Angeles County, CA",CA,"10450 Rancho Road, Adelanto, CA 92301",single,1,,,,,,,,,,,,,,,,,,,,,,,,,,,,,,,,,,,,,,,,,,,,,,LOS,single,1,,,,,,,,,,,,,,,,,,,,,,Adelanto Immigration Court (co-located — same ZIP),single,1,,,,,,,,,,,,,,,,,,,,,,,,,,,,(760) 246-1171,single,1,,,
ice-diamondback-correctional-facility,detention,Diamondback Correctional Facility,single,40011,"Blaine County, OK",OK,"1000 Diamondback Road, Watonga, OK 73772",single,1,,,,,,,,,,,,,,,,,,,,,,,,,,,,,,,,,,,,,,,,,,,,,,DAL,single,1,,,,,,,,,,,,,,,,,,,,,,,,,,,,,,,,,,,,,,,,,,,,,,,,,,,,(888) 351-4024,single,1,,,
ice-dilley-immigration-processing-center,detention,Dilley Immigration Processing Center,single,48163|48283,"Frio County, TX|La Salle County, TX",TX,"300 El Rancho Way, Dilley, TX 78017",single,1,,,,,,,,,,,,,,,,,,,,,,,,,,,,,,,,,,,,,,,,,,,,,,SNA,single,1,,,,,,,,,,,,,,,,,,,,,,,,,,,,,,,,,,,,,,,,,,,,,,,,,,,,(830) 378-6500,single,1,,,
ice-fci-atlanta,detention,FCI Atlanta,single,13089|13121,"Fulton County, GA|DeKalb County, GA",GA,"601 McDonough Blvd SE, Atlanta, GA 30315",single,1,,,,,,,,,,,,,,,,,,,,,,,,,,,,,,,,,,,,,,,,,,,,,,ATL,single,1,,,,,,,,,,,,,,,,,,,,,,,,,,,,,,,,,,,,,,,,,,,,,,,,,,,,(404) 893-1290,single,1,,,
ice-federal-correctional-institution-berlin-nh,detention,"Federal Correctional Institution - Berlin, NH",single,33007,"Coos County, NH",NH,"1 Success Loop Rd, Berlin, NH 03570",single,1,,,,,,,,,,,,,,,,,,,,,,,,,,,,,,,,,,,,,,,,,,,,,,BOS,single,1,,,,,,,,,,,,,,,,,,,,,,,,,,,,,,,,,,,,,,,,,,,,,,,,,,,,(603) 342-4305,single,1,,,
ice-flagler-county-detention-facility,detention,Flagler County Detention Facility,single,12035,"Flagler County, FL",FL,"1002 Justice Lane, Bunnell, FL 32110",single,1,,,,,,,,,,,,,,,,,,,,,,,,,,,,,,,,,,,,,,,,,,,,,,MIA,single,1,,,,,,,,,,,,,,,,,,,,,,,,,,,,,,,,,,,,,,,,,,,,,,,,,,,,(386) 313-2200,single,1,,,
ice-florida-soft-sided-facility-south,detention,Florida Soft Sided Facility South,single,12021,"Collier County, FL",FL,"54575 Tamiami Trail East, Ochopee, FL 34141",single,1,,,,,,,,,,,,,,,,,,,,,,,,,,,,,,,,,,,,,,,,,,,,,,MIA,single,1,,,,,,,,,,,,,,,,,,,,,,,,,,,,,,,,,,,,,,,,,,,,,,,,,,,,(305) 207-2100,single,1,,,
ice-golden-state-annex,detention,Golden State Annex,single,06029,"Kern County, CA",CA,"611 Frontage Road, McFarland, CA 93250",single,1,,,,,,,,,,,,,,,,,,,,,,,,,,,,,,,,,,,,,,,,,,,,,,SFR,single,1,,,,,,,,,,,,,,,,,,,,,,,,,,,,,,,,,,,,,,,,,,,,,,,,,,,,(661) 792-2731,single,1,,,
ice-hopkins-county,detention,Hopkins County Jail,single,21107,"Hopkins County, KY",KY,"2250 Laffoon Trl, Madisonville, KY 42431",single,1,,,,,,,,,,,,,,,,,,,,,,,,,,,,,,,,,,,,,,,,,,,,,,CHI,single,1,,,,,,,,,,,,,,,,,,,,,,,,,,,,,,,,,,,,,,,,,,,,,,,,,,,,(270) 821-6704,single,1,,,
ice-irwin-county-detention-center,detention,Irwin County Detention Center,single,13019|13069|13155,"Irwin County, GA|Berrien County, GA|Coffee County, GA",GA,"132 Cotton Drive, Ocilla, GA 31774",single,1,,,,,,,,,,,,,,,,,,,,,,,,,,,,,,,,,,,,,,,,,,,,,,ATL,single,1,,,,,,,,,,,,,,,,,,,,,,,,,,,,,,,,,,,,,,,,,,,,,,,,,,,,(229) 468-4121,single,1,,,
ice-kenton-county-detention-center,detention,Kenton County Detention Center,single,21117,"Kenton County, KY",KY,"3000 Decker Crane Lane, Covington, KY 41017",single,1,,,,,,,,,,,,,,,,,,,,,,,,,,,,,,,,,,,,,,,,,,,,,,CHI,single,1,,,,,,,,,,,,,,,,,,,,,,,,,,,,,,,,,,,,,,,,,,,,,,,,,,,,(859) 363-2400,single,1,,,
ice-laredo-detention-center,detention,CoreCivic Laredo Processing Center,single,48355,"Nueces County, TX",TX,"4702 East Saunders, Laredo, TX 78401",single,1,,,,,,,,,,,,,,,,,,,,,,,,,,,,,,,,,,,,,,,,,,,,,,HLG,single,1,,,,,,,,,,,,,,,,,,,,,,,,,,,,,,,,,,,,,,,,,,,,,,,,,,,,(956) 615-9720,single,1,,,
ice-liberty-county-sheriffs-office,detention,Liberty County Sheriff’s Office,single,12037|12077,"Liberty County, FL|Franklin County, FL",FL,"12422 NW Revell Road, Bristol, FL 32321",single,1,,,,,,,,,,,,,,,,,,,,,,,,,,,,,,,,,,,,,,,,,,,,,,MIA,single,1,,,,,,,,,,,,,,,,,,,,,,,,,,,,,,,,,,,,,,,,,,,,,,,,,,,,(850) 756-9749,single,1,,,
ice-louisiana-ice-processing-center,detention,Louisiana ICE Processing Center,single,22125,"West Feliciana Parish, LA",LA,"17544 Tunica Trace, Angola, LA 70712",single,1,,,,,,,,,,,,,,,,,,,,,,,,,,,,,,,,,,,,,,,,,,,,,,NOL,single,1,,,,,,,,,,,,,,,,,,,,,,,,,,,,,,,,,,,,,,,,,,,,,,,,,,,,(225) 655-9013,single,1,,,
ice-mccook-detention-center,detention,McCook Detention Center,single,31063|31087|31145,"Red Willow County, NE|Frontier County, NE|Hitchcock County, NE",NE,"2309 US-83 N, McCook, NE 69001",single,1,,,,,,,,,,,,,,,,,,,,,,,,,,,,,,,,,,,,,,,,,,,,,,SPM,single,1,,,,,,,,,,,,,,,,,,,,,,,,,,,,,,,,,,,,,,,,,,,,,,,,,,,,(308) 345-8405,single,1,,,
ice-miami-correctional-facility-mcf,detention,Miami Correctional Facility (MCF),single,18103,"Miami County, IN",IN,"3038 West 850S, Bunker Hill, IN 46914",single,1,,,,,,,,,,,,,,,,,,,,,,,,,,,,,,,,,,,,,,,,,,,,,,CHI,single,1,,,,,,,,,,,,,,,,,,,,,,,,,,,,,,,,,,,,,,,,,,,,,,,,,,,,(765) 689-8920,single,1,,,
ice-midwest-regional-reception-center,detention,Midwest Regional Reception Center,single,20103|20209,"Leavenworth County, KS|Wyandotte County, KS",KS,"100 Highway Terrace, Leavenworth, KS 66048",single,1,,,,,,,,,,,,,,,,,,,,,,,,,,,,,,,,,,,,,,,,,,,,,,CHI,single,1,,,,,,,,,,,,,,,,,,,,,,,,,,,,,,,,,,,,,,,,,,,,,,,,,,,,(913) 727-3246,single,1,,,
ice-moshannon-valley-processing-center,detention,Moshannon Valley Processing Center,single,42027|42033,"Centre County, PA|Clearfield County, PA",PA,"555 GEO Drive, Philipsburg, PA 16866",single,1,,,,,,,,,,,,,,,,,,,,,,,,,,,,,,,,,,,,,,,,,,,,,,PHI,single,1,,,,,,,,,,,,,,,,,,,,,,,,,,,,,,,,,,,,,,,,,,,,,,,,,,,,(717) 767-2300,single,1,,,
ice-naval-station-guantanamo-bay,detention,Naval Station Guantanamo Bay (JTF Camp Six and Migrant Ops Center Main A),single,32023,"Nye County, NV",NV,"2190 E Mesquite Avenue, Pahrump, NV 89048",single,1,,,,,,,,,,,,,,,,,,,,,,,,,,,,,,,,,,,,,,,,,,,,,,MIA,single,1,,,,,,,,,,,,,,,,,,,,,,,,,,,,,,,,,,,,,,,,,,,,,,,,,,,,(954) 236-4900,single,1,,,
ice-nevada-southern-detention-center,detention,Nevada Southern Detention Center,single,26085|26123,"Lake County, MI|Newaygo County, MI",MI,"1805 W 32nd Street, Baldwin, MI 49304",single,1,,,,,,,,,,,,,,,,,,,,,,,,,,,,,,,,,,,,,,,,,,,,,,SLC,single,1,,,,,,,,,,,,,,,,,,,,,,,,,,,,,,,,,,,,,,,,,,,,,,,,,,,,(702) 388-6253,single,1,,,
ice-north-lake-processing-center,detention,North Lake Processing Center,single,39099|39155,"Mahoning County, OH|Trumbull County, OH",OH,"2240 Hubbard Road, Youngstown, OH 44505",single,1,,,,,,,,,,,,,,,,,,,,,,,,,,,,,,,,,,,,,,,,,,,,,,DET,single,1,,,,,,,,,,,,,,,,,,,,,,,,,,,,,,,,,,,,,,,,,,,,,,,,,,,,(231) 876-4900,single,1,,,
ice-northeast-ohio-correctional-center,detention,Northeast Ohio Correctional Center,single,53053,"Pierce County, WA",WA,"1623 E J Street, Suite 2, Tacoma, WA 98421",single,1,,,,,,,,,,,,,,,,,,,,,,,,,,,,,,,,,,,,,,,,,,,,,,DET,single,1,,,,,,,,,,,,,,,,,,,,,,Tacoma Immigration Court (co-located — same ZIP),single,1,,,,,,,,,,,,,,,,,,,,,,,,,,,,(330) 746-3777,single,1,,,
ice-northwest-state-correctional-facility,detention,Northwest State Correctional Facility,single,21103|21185,"Oldham County, KY|Henry County, KY",KY,"3405 West Highway 146, LaGrange, KY 40031",single,1,,,,,,,,,,,,,,,,,,,,,,,,,,,,,,,,,,,,,,,,,,,,,,BOS,single,1,,,,,,,,,,,,,,,,,,,,,,,,,,,,,,,,,,,,,,,,,,,,,,,,,,,,(802) 524-6771,single,1,,,
ice-oldham-county-detention-center,detention,Oldham County Detention Center,single,36071,"Orange County, NY",NY,"110 Wells Farm Road, Goshen, NY 10924",single,1,,,,,,,,,,,,,,,,,,,,,,,,,,,,,,,,,,,,,,,,,,,,,,CHI,single,1,,,,,,,,,,,,,,,,,,,,,,,,,,,,,,,,,,,,,,,,,,,,,,,,,,,,,,,,,
ice-orange-county-jail,detention,Orange County Jail,single,06073,"San Diego County, CA",CA,"7488 Calzada de la Fuente, San Diego, CA 92154",single,1,,,,,,,,,,,,,,,,,,,,,,,,,,,,,,,,,,,,,,,,,,,,,,NYC,single,1,,,,,,,,,,,,,,,,,,,,,,Otay Mesa Immigration Court (co-located — same ZIP),single,1,,,,,,,,,,,,,,,,,,,,,,,,,,,,(845) 291-7758,single,1,,,
ice-otay-mesa-detention-center,detention,Otay Mesa Detention Center,single,35013|35035,"Otero County, NM|Doña Ana County, NM",NM,"26 McGregor Range Road, Chaparral, NM 88081",single,1,,,,,,,,,,,,,,,,,,,,,,,,,,,,,,,,,,,,,,,,,,,,,,SND,single,1,,,,,,,,,,,,,,,,,,,,,,Otero Immigration Court (co-located — same ZIP),single,1,,,,,,,,,,,,,,,,,,,,,,,,,,,,,,,,,
ice-otero-county-processing-center,detention,Otero County Processing Center,single,29153,"Ozark County, MO",MO,"1818 County Road 806, Gainesville, MO 65655",single,1,,,,,,,,,,,,,,,,,,,,,,,,,,,,,,,,,,,,,,,,,,,,,,ELP,single,1,,,,,,,,,,,,,,,,,,,,,,,,,,,,,,,,,,,,,,,,,,,,,,,,,,,,(575) 824-0440,single,1,,,
ice-ozark-county-jail,detention,Ozark County Jail,single,46093|46103,"Pennington County, SD|Meade County, SD",SD,"307 Saint Joseph St, Rapid City, SD 57701",single,1,,,,,,,,,,,,,,,,,,,,,,,,,,,,,,,,,,,,,,,,,,,,,,CHI,single,1,,,,,,,,,,,,,,,,,,,,,,,,,,,,,,,,,,,,,,,,,,,,,,,,,,,,(417) 679-4633,single,1,,,
ice-pennington-county-jail,detention,Pennington County Jail,single,31083|31137,"Phelps County, NE|Harlan County, NE",NE,"715 5th Avenue, Holdrege, NE 68949",single,1,,,,,,,,,,,,,,,,,,,,,,,,,,,,,,,,,,,,,,,,,,,,,,SPM,single,1,,,,,,,,,,,,,,,,,,,,,,,,,,,,,,,,,,,,,,,,,,,,,,,,,,,,(605) 394-6116,single,1,,,
ice-phelps-county-jail,detention,Phelps County Jail,single,29065|29125|29161,"Phelps County, MO|Dent County, MO|Maries County, MO",MO,"500 W. 2nd Street, Rolla, MO 65401",single,1,,,,,,,,,,,,,,,,,,,,,,,,,,,,,,,,,,,,,,,,,,,,,,SPM,single,1,,,,,,,,,,,,,,,,,,,,,,,,,,,,,,,,,,,,,,,,,,,,,,,,,,,,(308) 995-5692,single,1,,,
ice-ste-genevieve-county-detention-center,detention,Ste. Genevieve County Detention Center,single,29186,"Ste. Genevieve County, MO",MO,"5 Basler Drive, Ste. Genevieve, MO 63670",single,1,,,,,,,,,,,,,,,,,,,,,,,,,,,,,,,,,,,,,,,,,,,,,,CHI,single,1,,,,,,,,,,,,,,,,,,,,,,,,,,,,,,,,,,,,,,,,,,,,,,,,,,,,(573) 883-5820,single,1,,,
ice-two-bridges-regional-jail,detention,Two Bridges Regional Jail,single,23015,"Lincoln County, ME",ME,"522 Bath Road, Wiscasset, ME 04578",single,1,,,,,,,,,,,,,,,,,,,,,,,,,,,,,,,,,,,,,,,,,,,,,,BOS,single,1,,,,,,,,,,,,,,,,,,,,,,,,,,,,,,,,,,,,,,,,,,,,,,,,,,,,(207) 882-4268,single,1,,,
IEPHOLD,detention,ERO EL PASO CAMP EAST MONTANA,conflict,48141,"El Paso County, TX",TX,"6920 DIGITAL RD, EL PASO, TX 79936",conflict,3,1361.7,single,1,253.6,single,1,232,single,1,179.1,single,1,2026.4,single,1,CDF,conflict,2,DMCP,single,1,11.5,single,1,,,,5,single,1,EL PASO,single,1,,,,HOLD,single,1,18.4,single,1,195.4,single,1,ELP,converged,3,7/5/2016,single,1,Female/Male,single,1,5000,single,1,no,single,1,207.2,single,1,110.7,single,1,187.3,single,1,,,,Pass,single,1,2026-02-12,single,1,NDS 2025,single,1,ODO,single,1,10/22/2017,single,1,365.2,single,1,1447.4,single,1,1266.1,single,1,1521.2,single,1,(915) 208-0980,single,1,yes,single,1
IFIHOLD,detention,IDAHO FALLS HOLD ROOM,single,16019|16051,"Bonneville County, ID|Jefferson County, ID",ID,"2075 NORTH BOULEVARD, IDAHO FALLS, ID 83401",single,1,,,,,,,,,,,,,,,,Other,single,1,DMCP,single,1,,,,,,,9,single,1,BONNEVILLE,single,1,,,,HOLD,single,1,,,,,,,SLC,single,1,,,,,,,,,,no,single,1,,,,,,,,,,,,,,,,,,,,,,,,,,,,,,,,,,,,,,,,,,,yes,single,1
IMPCOCA,detention,IMPERIAL COUNTY JAIL,single,06025,"Imperial County, CA",CA,"328 APPLESTILL ROAD, EL CENTRO, CA 92243",single,1,,,,,,,,,,,,,,,,IGSA,single,1,DMCP,single,1,,,,,,,9,single,1,IMPERIAL,single,1,IMP,single,1,,,,,,,,,,SND,single,1,3/11/1986,single,1,,,,,,,,,,,,,,,,,,,,,,,,,,,,,,,,,,3/3/2016,single,1,,,,,,,,,,,,,,,,yes,single,1
INPHOLD,detention,INDIANAPOLIS HOLD ROOM,single,18097,"Marion County, IN",IN,"UNAVAILABLE, INDIANAPOLIS, IN 46206",single,1,,,,,,,,,,,,,,,,Other,single,1,DMCP,single,1,,,,,,,7,single,1,MARION,single,1,CHI,single,1,HOLD,single,1,,,,,,,CHI,single,1,4/12/2010,single,1,,,,,,,no,single,1,,,,,,,,,,,,,,,,,,,,,,,,,10/29/2017,single,1,,,,,,,,,,,,,,,,yes,single,1
IONIAMI,detention,IONIA COUNTY,single,26067,"Ionia County, MI",MI,"133 EAST ADAMS, IONIA, MI 48846",single,1,,,,,,,,,,,,,,,,IGSA,single,1,DMCP,single,1,,,,,,,6,single,1,IONIA,single,1,DET,single,1,,,,,,,,,,DET,single,1,9/27/1991,single,1,,,,,,,,,,,,,,,,,,,,,,,,,,,,,,,,,,6/25/2007,single,1,,,,,,,,,,,,,,,,yes,single,1
IRADFCA,detention,IMPERIAL REGIONAL DETENTION FACILITY,converged,06025,"Imperial County, CA",CA,"1572 GATEWAY, CALEXICO, CA 92231",conflict,3,470.3,single,1,45.5,single,1,33.1,single,1,62.1,single,1,611,single,1,CDF,conflict,2,DMCP,single,1,63,single,1,704,single,1,9,single,1,IMPERIAL,single,1,SND,single,1,DIGSA,single,1,3.3,single,1,52.4,single,1,SND,converged,3,9/22/2014,single,1,Female/Male,single,1,640,converged,2,yes,single,1,49.2,single,1,28.6,single,1,38.2,single,1,,,,Pass,single,1,2025-01-16,single,1,PBNDS 2011 - 2016 Revisions,single,1,ODO,single,1,11/4/2017,single,1,86.3,single,1,469,single,1,277.1,single,1,494.9,single,1,(760) 618-7200,single,1,yes,single,1
IRWINGA,detention,IRWIN COUNTY DETENTION CENTER,converged,13321,"Worth County, GA",GA,"132 COTTON DRIVE, OCILLA, GA 31772",converged,2,133.1,single,1,24.6,single,1,31.8,single,1,24.1,single,1,213.6,single,1,USMS IGA,converged,2,DMCP,single,1,12.7,single,1,512,single,1,11,single,1,IRWIN,single,1,ATL,single,1,,,,1,single,1,13.4,single,1,ATL,converged,2,9/26/2010,single,1,Female/Male,single,1,,,,yes,single,1,20.5,single,1,18,single,1,29.1,single,1,,,,,,,2026-03-24,single,1,FPBDS (MAY 2025),single,1,ODO,single,1,11/4/2017,single,1,43.7,single,1,155.3,single,1,105.4,single,1,145.8,single,1,,,,yes,single,1
ISABEMI,detention,ISABELLA COUNTY JAIL,single,26073|26111,"Isabella County, MI|Midland County, MI",MI,"207 N COURT ST, MOUNT PLEASANT, MI 48858",single,1,,,,,,,,,,,,,,,,IGSA,single,1,DMCP,single,1,,,,,,,6,single,1,ISABELLA,single,1,DET,single,1,,,,,,,,,,DET,single,1,3/30/2004,single,1,,,,,,,,,,,,,,,,,,,,,,,,,,,,,,,,,,8/26/2004,single,1,,,,,,,,,,,,,,,,yes,single,1
ISHOSNY,detention,BETH ISRAEL HOSPITAL,single,36061,"New York County, NY",NY,"305 1ST AVENUE # DAZIAN 7, NEW YORK, NY 10003",single,1,,,,,,,,,,,,,,,,Other,single,1,OTHER,single,1,,,,,,,2,single,1,NEW YORK,single,1,VRK,single,1,HOSPITAL,single,1,,,,,,,NYC,single,1,3/17/2011,single,1,,,,,,,,,,,,,,,,,,,,,,,,,,,,,,,,,,8/7/2017,single,1,,,,,,,,,,,,,,,,no,single,1
IWAHOLD,detention,AZ REM OP COORD CENTER (AROCC),single,04013,"Maricopa County, AZ",AZ,"UNAVAILABLE, MESA, AZ 85204",single,1,,,,,,,,,,,,,,,,Other,single,1,DMCP,single,1,,,,,,,9,single,1,MARICOPA,single,1,FLO,single,1,HOLD,single,1,,,,,,,PHO,single,1,1/24/2010,single,1,,,,,,,no,single,1,,,,,,,,,,,,,,,,,,,,,,,,,10/31/2017,single,1,,,,,,,,,,,,,,,,yes,single,1
JACKSOR,detention,JACKSON COUNTY JAIL,single,41029,"Jackson County, OR",OR,"787 WEST 8TH STREET, MEDFORD, OR 97501",single,1,,,,,,,,,,,,,,,,USMS IGA,single,1,DMCP,single,1,,,,,,,9,single,1,JACKSON,single,1,MED,single,1,,,,,,,,,,SEA,single,1,8/31/1994,single,1,,,,,,,no,single,1,,,,,,,,,,,,,,,,,,,,,,,,,4/13/2014,single,1,,,,,,,,,,,,,,,,yes,single,1
JACKSTX,detention,JACKSON COUNTY JAIL,single,48239,"Jackson County, TX",TX,"115 WEST MAIN STREET, EDNA, TX 77957",single,1,,,,,,,,,,,,,,,,IGSA,single,1,DMCP,single,1,,,,,,,5,single,1,JACKSON,single,1,SNA,single,1,,,,,,,,,,SNA,single,1,9/22/1989,single,1,,,,,,,,,,,,,,,,,,,,,,,,,,,,,,,,,,11/14/1998,single,1,,,,,,,,,,,,,,,,yes,single,1
JAJUVMO,detention,JASPER COUNTY,single,29097,"Jasper County, MO",MO,"530 S PEARL AVE, JOPLIN, MO 64801",single,1,,,,,,,,,,,,,,,,IGSA,single,1,JFRMU,single,1,,,,,,,8,single,1,JASPER,single,1,KAN,single,1,JUVENILE,single,1,,,,,,,CHI,single,1,2/20/2002,single,1,,,,,,,,,,,,,,,,,,,,,,,,,,,,,,,,,,4/23/2003,single,1,,,,,,,,,,,,,,,,no,single,1
JAJUVOR,detention,JACKSON COUNTY JUVENILE,single,41029,"Jackson County, OR",OR,"609 WEST 10TH STREET, MEDFORD, OR 97501",single,1,,,,,,,,,,,,,,,,IGSA,single,1,JFRMU,single,1,,,,,,,9,single,1,JACKSON,single,1,MED,single,1,JUVENILE,single,1,,,,,,,SEA,single,1,5/8/1997,single,1,,,,,,,,,,,,,,,,,,,,,,,,,,,,,,,,,,11/1/2011,single,1,,,,,,,,,,,,,,,,no,single,1
JAKHOLD,detention,JACKSON MS HOLD ROOM,single,28121,"Rankin County, MS",MS,"202 METROPLEX BLVD, PEARL, MS 39208",single,1,,,,,,,,,,,,,,,,Other,single,1,DMCP,single,1,,,,,,,5,single,1,RANKIN,single,1,,,,HOLD,single,1,,,,,,,NOL,single,1,8/30/2017,single,1,,,,,,,no,single,1,,,,,,,,,,,,,,,,,,,,,,,,,10/17/2017,single,1,,,,,,,,,,,,,,,,yes,single,1
JAMESGA,detention,FOLKSTON D RAY ICE PROCESSING CTR,conflict,13025|13039|13049,"Charlton County, GA|Camden County, GA|Brantley County, GA",GA,"3262 HIGHWAY 252, FOLKSTON, GA 31537",conflict,3,810.9,single,1,161,single,1,155.4,single,1,125,single,1,1252.3,single,1,DIGSA,conflict,2,DMCP,single,1,34.6,single,1,780,single,1,11,single,1,CHARLTON,single,1,JAC,single,1,DIGSA,single,1,0,single,1,0,single,1,ATL,converged,3,1/30/2017,single,1,Male,single,1,1308,conflict,2,yes,single,1,97.8,single,1,83,single,1,140.1,single,1,,,,Pass,single,1,2026-06-04,single,1,NDS 2025,single,1,ODO,single,1,11/4/2017,single,1,244.9,single,1,1007.3,single,1,666.5,single,1,931.4,single,1,(912) 496-6242,single,1,yes,single,1
JAXHOLD,detention,JACKSONVILLE SUB-OFFICE,single,12031,"Duval County, FL",FL,"4121 SOUTHPOINT BLVD, JACKSONVILLE, FL 32216",single,1,,,,,,,,,,,,,,,,Other,single,1,DMCP,single,1,,,,,,,11,single,1,DUVAL,single,1,KRO,single,1,HOLD,single,1,,,,,,,MIA,single,1,6/18/2003,single,1,,,,,,,no,single,1,,,,,,,,,,,,,,,,,,,,,,,,,6/27/2017,single,1,,,,,,,,,,,,,,,,yes,single,1
JCRLYTX,detention,JOE CORLEY PROCESSING CTR,converged,48339,"Montgomery County, TX",TX,"500 HILBIG RD, CONROE, TX 77301",converged,2,577.8,single,1,191,single,1,36.2,single,1,57,single,1,862,single,1,IGSA,converged,2,,,,54.1,single,1,,,,5,single,1,Montgomery,single,1,,,,,,,0,single,1,0,single,1,HOU,converged,2,,,,Male,single,1,,,,yes,single,1,64.3,single,1,42.2,single,1,71.9,single,1,Conroe Immigration Court (co-located — same ZIP),single,1,Pass,single,1,2024-12-19,single,1,NDS 2019,single,1,ODO,single,1,,,,137.6,single,1,724.3,single,1,466,single,1,683.5,single,1,,,,,,
JEFFECO,detention,JEFFERSON COUNTY JAIL,single,08059,"Jefferson County, CO",CO,"200 JEFFERSON COUNTY PARKWAY, GOLDEN, CO 80401",single,1,,,,,,,,,,,,,,,,IGSA,single,1,DMCP,single,1,,,,,,,10,single,1,JEFFERSON,single,1,DEN,single,1,,,,,,,,,,DEN,single,1,4/7/1992,single,1,,,,,,,yes,single,1,,,,,,,,,,,,,,,,,,,,,,,,,4/29/2010,single,1,,,,,,,,,,,,,,,,yes,single,1
JEFFEID,detention,JEFFERSON COUNTY JAIL,converged,16019|16051,"Jefferson County, ID|Bonneville County, ID",ID,"219 EAST FREMONT AVENUE, RIGBY, ID 83442",conflict,2,3.3,single,1,2.6,single,1,0.5,single,1,0.6,single,1,7,single,1,IGSA,converged,2,DMCP,single,1,4.6,single,1,,,,9,single,1,JEFFERSON,single,1,BOI,single,1,,,,0,single,1,0.3,single,1,SLC,converged,2,3/29/2000,single,1,Female/Male,single,1,,,,yes,single,1,0.7,single,1,1,single,1,1.8,single,1,,,,Pass,single,1,2024-07-18,single,1,NDS 2019,single,1,ODO,single,1,11/4/2017,single,1,1.4,single,1,5.2,single,1,3.2,single,1,3.5,single,1,,,,yes,single,1
JEFFEIL,detention,JEFFERSON COUNTY JAIL,single,17081,"Jefferson County, IL",IL,"911 CASEY AVENUE, MOUNT VERNON, IL 62864",single,1,,,,,,,,,,,,,,,,IGSA,single,1,DMCP,single,1,,,,,,,7,single,1,JEFFERSON,single,1,CHI,single,1,,,,,,,,,,CHI,single,1,4/1/2009,single,1,,,,,,,yes,single,1,,,,,,,,,,,,,,,,,,,,,,,,,3/13/2014,single,1,,,,,,,,,,,,,,,,yes,single,1
JEFFEKS,detention,JEFFERSON COUNTY JAIL,single,20087,"Jefferson County, KS",KS,"1360 WALNUT STREET, OSKALOOSA, KS 66066",single,1,,,,,,,,,,,,,,,,USMS IGA,single,1,DMCP,single,1,,,,,,,10,single,1,JEFFERSON,single,1,KAN,single,1,,,,,,,,,,CHI,single,1,9/27/1995,single,1,,,,,,,no,single,1,,,,,,,,,,,,,,,,,,,,,,,,,11/19/2008,single,1,,,,,,,,,,,,,,,,yes,single,1
JEFFEMT,detention,JEFFERSON COUNTY DETENTION CENTER,single,30043,"Jefferson County, MT",MT,"110 SOUTH WASHINGTON STREET, BOULDER, MT 59632",single,1,,,,,,,,,,,,,,,,USMS IGA,single,1,DMCP,single,1,,,,3,single,1,9,single,1,JEFFERSON,single,1,HEL,single,1,,,,,,,,,,SLC,single,1,1/17/1991,single,1,,,,,,,no,single,1,,,,,,,,,,,,,,,,,,,,,,,,,11/14/2013,single,1,,,,,,,,,,,,,,,,yes,single,1
JEFFENY,detention,JEFFERSON COUNTY JAIL,single,36045|36049,"Jefferson County, NY|Lewis County, NY",NY,"753 WATERMAN DRIVE, WATERTOWN, NY 13601",single,1,,,,,,,,,,,,,,,,IGSA,single,1,DMCP,single,1,,,,,,,2,single,1,JEFFERSON,single,1,BUF,single,1,,,,,,,,,,BUF,single,1,12/28/1988,single,1,,,,,,,no,single,1,,,,,,,,,,,,,,,,,,,,,,,,,1/7/2013,single,1,,,,,,,,,,,,,,,,yes,single,1
JEFFEOK,detention,JEFFERSON COUNTY JAIL,single,40067|40137,"Jefferson County, OK|Stephens County, OK",OK,"218 N. MAIN STREET, WAURIKA, OK 73573",single,1,,,,,,,,,,,,,,,,IGSA,single,1,DMCP,single,1,,,,,,,10,single,1,JEFFERSON,single,1,DAL,single,1,,,,,,,,,,DAL,single,1,8/17/1998,single,1,,,,,,,,,,,,,,,,,,,,,,,,,,,,,,,,,,11/24/2003,single,1,,,,,,,,,,,,,,,,yes,single,1
JEFFETX,detention,JEFFERSON COUNTY JAIL,single,48245,"Jefferson County, TX",TX,"1001 PEARL STREET, BEAUMONT, TX 77701",single,1,,,,,,,,,,,,,,,,IGSA,single,1,DMCP,single,1,,,,,,,5,single,1,JEFFERSON,single,1,HOU,single,1,,,,,,,,,,HOU,single,1,1/3/2002,single,1,,,,,,,no,single,1,,,,,,,,,,,,,,,,,,,,,,,,,11/5/2009,single,1,,,,,,,,,,,,,,,,yes,single,1
JENADLA,detention,JENA/LASALLE DETENTION FACILITY,single,22059,"LaSalle Parish, LA",LA,"830 PINEHILL ROAD, JENA, LA 71342",single,1,,,,,,,,,,,,,,,,IGSA,single,1,DMCP,single,1,,,,1160,single,1,5,single,1,LA SALLE,single,1,OAK,single,1,DIGSA,single,1,,,,,,,NOL,single,1,10/22/2007,single,1,,,,1170,single,1,yes,single,1,,,,,,,,,,LaSalle Immigration Court (co-located — same ZIP),single,1,,,,,,,,,,,,,11/4/2017,single,1,,,,,,,,,,,,,,,,yes,single,1
JENATLA,detention,ALEXANDRIA STAGING FACILITY,converged,22079,"Rapides Parish, LA",LA,"96 GEORGE THOMPSON DR., ALEXANDRIA, LA 71303",conflict,2,237.3,single,1,52.9,single,1,53.7,single,1,46.9,single,1,390.8,single,1,STAGING,conflict,2,DMCP,single,1,2.5,single,1,400,single,1,5,single,1,COUNTY,single,1,OAK,single,1,STAGING,single,1,0.1,single,1,1.1,single,1,NOL,converged,2,11/10/2014,single,1,Male,single,1,1170,single,1,no,single,1,50.4,single,1,24.9,single,1,38.3,single,1,,,,Pass,single,1,2025-02-27,single,1,PBNDS 2011 - 2016 Revisions,single,1,ODO,single,1,11/4/2017,single,1,86.4,single,1,303.1,single,1,281.6,single,1,277.2,single,1,,,,yes,single,1
JENNIMO,detention,JENNINGS CITY JAIL,single,29189|29510,"St. Louis County, MO|St. Louis city, MO",MO,"5445 JENNINGS STATION ROAD, JENNINGS, MO 63136",single,1,,,,,,,,,,,,,,,,USMS IGA,single,1,DMCP,single,1,,,,,,,8,single,1,SAINT LOUIS,single,1,STL,single,1,,,,,,,,,,CHI,single,1,2/19/1991,single,1,,,,,,,no,single,1,,,,,,,,,,,,,,,,,,,,,,,,,11/11/2010,single,1,,,,,,,,,,,,,,,,yes,single,1
JEROMID,detention,JEROME COUNTY DETENTION CENTER,single,16047|16053|16063,"Jerome County, ID|Gooding County, ID|Lincoln County, ID",ID,"2151 S. TIGER DRIVE, JEROME, ID 83338",single,1,,,,,,,,,,,,,,,,IGSA,single,1,DMCP,single,1,,,,,,,9,single,1,JEROME,single,1,,,,,,,,,,,,,SLC,single,1,2/15/1991,single,1,,,,,,,yes,single,1,,,,,,,,,,,,,,,,,,,,,,,,,9/29/1999,single,1,,,,,,,,,,,,,,,,yes,single,1
JFKTSNY,detention,JFK INTERNATIONAL AP - T7,single,36081,"Queens County, NY",NY,"Jamaica, NY 11430",single,1,,,,,,,,,,,,,,,,Other,single,1,,,,,,,,,,2,single,1,Queens,single,1,,,,AIRPORT,single,1,,,,,,,NYC,single,1,,,,,,,,,,no,single,1,,,,,,,,,,,,,,,,,,,,,,,,,,,,,,,,,,,,,,,,,,,,,
JHALLCA,detention,SAN DIEGO,single,06073,"San Diego County, CA",CA,"2801 MEADOWLARK DRIVE, SAN DIEGO, CA 92123",single,1,,,,,,,,,,,,,,,,IGSA,single,1,JFRMU,single,1,,,,,,,9,single,1,SAN DIEGO,single,1,SND,single,1,JUVENILE,single,1,,,,,,,SND,single,1,9/26/1997,single,1,,,,,,,,,,,,,,,,,,,,,,,,,,,,,,,,,,5/27/2012,single,1,,,,,,,,,,,,,,,,no,single,1
JHRWLTX,detention,JACK HARWELL DETENTION CENTER,single,48309,"McLennan County, TX",TX,"3101 MARLIN HWY, WACO, TX 76705",single,1,,,,,,,,,,,,,,,,USMS IGA,single,1,DMCP,single,1,,,,200,single,1,5,single,1,MCLENNAN,single,1,WCT,single,1,,,,,,,,,,SNA,single,1,4/28/2011,single,1,,,,,,,yes,single,1,,,,,,,,,,,,,,,,,,,,,,,,,11/4/2017,single,1,,,,,,,,,,,,,,,,yes,single,1
JKPCCLA,detention,JACKSON PARISH CORRECTIONAL CENTER,converged,22013|22049,"Jackson Parish, LA|Bienville Parish, LA",LA,"327 INDUSTRIAL DRIVE, JONESBORO, LA 71251",conflict,3,827.6,single,1,151.5,single,1,90.1,single,1,72.3,single,1,1141.5,single,1,IGSA,converged,2,,,,24.4,single,1,,,,5,single,1,Jackson Parish,single,1,,,,,,,0,single,1,0,single,1,NOL,converged,3,,,,Male,single,1,500,conflict,2,yes,single,1,82.7,single,1,52.1,single,1,90.3,single,1,,,,Pass,single,1,2026-01-30,single,1,PBNDS 2011 - 2016 Revisions,single,1,ODO,single,1,,,,163.6,single,1,977.8,single,1,786,single,1,916.3,single,1,(318) 259-8799,single,1,,,
JMHOSFL,detention,JACKSON MEMORIAL HOSPITAL,single,12086,"Miami-Dade County, FL",FL,"1611 N.W. 12TH AVE, MIAMI, FL 33186",single,1,,,,,,,,,,,,,,,,Other,single,1,OTHER,single,1,,,,,,,11,single,1,MIAMI-DADE,single,1,KRO,single,1,HOSPITAL,single,1,,,,,,,MIA,single,1,10/17/1988,single,1,,,,,,,,,,,,,,,,,,,,,,,,,,,,,,,,,,5/31/2017,single,1,,,,,,,,,,,,,,,,no,single,1
JOHNSNC,detention,JOHNSTON COUNTY DETENTION CENTER,single,37101,"Johnston County, NC",NC,"120 S. THIRD ST., SMITHSFIELD, NC 27577",single,1,,,,,,,,,,,,,,,,IGSA,single,1,DMCP,single,1,,,,,,,4,single,1,JOHNSTON,single,1,ATL,single,1,,,,,,,,,,ATL,single,1,6/30/2001,single,1,,,,,,,no,single,1,,,,,,,,,,,,,,,,,,,,,,,,,2/19/2007,single,1,,,,,,,,,,,,,,,,yes,single,1
JOHNSNE,detention,JOHNSON COUNTY JAIL,single,31097,"Johnson County, NE",NE,"222 NORTH 4TH STREET, TECUMSEH, NE 68450",single,1,,,,,,,,,,,,,,,,IGSA,single,1,DMCP,single,1,,,,,,,8,single,1,JOHNSON,single,1,OMA,single,1,,,,,,,,,,SPM,single,1,10/28/2002,single,1,,,,,,,,,,,,,,,,,,,,,,,,,,,,,,,,,,1/5/2003,single,1,,,,,,,,,,,,,,,,yes,single,1
JOHNSTX,detention,JOHNSON COUNTY CORRECTIONS CENTER,single,48251,"Johnson County, TX",TX,"1800 RIDGEMAR DRIVE, CLEBURNE, TX 76031",single,1,,,,,,,,,,,,,,,,IGSA,single,1,DMCP,single,1,,,,,,,5,single,1,JOHNSON,single,1,DAL,single,1,,,,,,,,,,DAL,single,1,5/1/1998,single,1,,,,,,,yes,single,1,,,,,,,,,,,,,,,,,,,,,,,,,11/4/2017,single,1,,,,,,,,,,,,,,,,yes,single,1
JOSEPOR,detention,JOSEPHINE COUNTY JAIL,single,41029|41033,"Josephine County, OR|Jackson County, OR",OR,"1901 NORTHEAST F STREET, GRANTS PASS, OR 97526",single,1,,,,,,,,,,,,,,,,USMS IGA,single,1,DMCP,single,1,,,,31,single,1,9,single,1,JOSEPHINE,single,1,MED,single,1,,,,,,,,,,SEA,single,1,12/19/1995,single,1,,,,,,,yes,single,1,,,,,,,,,,,,,,,,,,,,,,,,,10/31/2017,single,1,,,,,,,,,,,,,,,,yes,single,1
JUABCUT,detention,JUAB COUNTY JAIL,single,49023,"Juab County, UT",UT,"425 W. SHEEPLANE DRIVE, NEPHI, UT 84648",single,1,,,,,,,,,,,,,,,,IGSA,single,1,DMCP,single,1,,,,,,,10,single,1,JUAB,single,1,SLC,single,1,,,,,,,,,,SLC,single,1,2/20/1996,single,1,,,,,,,,,,,,,,,,,,,,,,,,,,,,,,,,,,8/8/2005,single,1,,,,,,,,,,,,,,,,yes,single,1
JWYTHWY,detention,JEFFREY WARDLE YOUTH CENTER,single,56021,"Laramie County, WY",WY,"3304 EAST I-80 SERVICE ROAD, CHEYENNE, WY 82009",single,1,,,,,,,,,,,,,,,,IGSA,single,1,JFRMU,single,1,,,,,,,10,single,1,LARAMIE,single,1,DEN,single,1,JUVENILE,single,1,,,,,,,DEN,single,1,10/24/2002,single,1,,,,,,,,,,,,,,,,,,,,,,,,,,,,,,,,,,7/7/2003,single,1,,,,,,,,,,,,,,,,no,single,1
KALAMMI,detention,KALAMAZOO COUNTY,single,26077,"Kalamazoo County, MI",MI,"1500 LAMONT ST, KALAMAZOO, MI 49048",single,1,,,,,,,,,,,,,,,,IGSA,single,1,DMCP,single,1,,,,,,,6,single,1,KALAMAZOO,single,1,DET,single,1,,,,,,,,,,DET,single,1,1/11/1997,single,1,,,,,,,,,,,,,,,,,,,,,,,,,,,,,,,,,,9/25/2007,single,1,,,,,,,,,,,,,,,,yes,single,1
KANDIMN,detention,KANDIYOHI COUNTY JAIL,converged,27067,"Kandiyohi County, MN",MN,"2201 23RD ST NE, WILLMAR, MN 56201",converged,3,41.3,single,1,20.5,single,1,22.3,single,1,20.9,single,1,105,single,1,IGSA,converged,2,DMCP,single,1,29.1,single,1,,,,8,single,1,KANDIYOHI,single,1,SPM,single,1,,,,1.9,single,1,5.5,single,1,SPM,converged,3,3/13/1992,single,1,Female/Male,single,1,,,,yes,single,1,21.9,single,1,11.5,single,1,11.4,single,1,,,,Pass,single,1,2025-03-13,single,1,NDS 2019,single,1,ODO,single,1,11/4/2017,single,1,35.8,single,1,61.9,single,1,67.4,single,1,60.2,single,1,(320) 214-6700,single,1,yes,single,1
KANHOLD,detention,KANSAS CITY HOLDROOM,single,29095,"Jackson County, MO",MO,"9747 NW CONANT AVENUE, KANSAS CITY, MO 64101",single,1,,,,,,,,,,,,,,,,Other,single,1,DMCP,single,1,,,,,,,8,single,1,JACKSON,single,1,KAN,single,1,HOLD,single,1,,,,,,,CHI,single,1,11/23/2010,single,1,,,,,,,no,single,1,,,,,,,,,,,,,,,,,,,,,,,,,1/1/2015,single,1,,,,,,,,,,,,,,,,yes,single,1
KANKEIL,detention,KANKAKEE COUNTY JAIL (JEROME COMBS DET CTR),single,17091,"Kankakee County, IL",IL,"3050 JUSTICE WAY, KANKAKEE, IL 60901",single,1,,,,,,,,,,,,,,,,USMS IGA,single,1,DMCP,single,1,,,,,,,7,single,1,KANKAKEE,single,1,CHI,single,1,,,,,,,,,,CHI,single,1,10/8/2016,single,1,,,,,,,yes,single,1,,,,,,,,,,,,,,,,,,,,,,,,,11/4/2017,single,1,,,,,,,,,,,,,,,,yes,single,1
KARNETX,detention,KARNES COUNTY IMMIGRATION PROCESSING CENTER,conflict,48013|48255,"Karnes County, TX|Atascosa County, TX",TX,"409 FM 1144, KARNES CITY, TX 78118",conflict,3,999.2,single,1,71.8,single,1,3.4,single,1,1.1,single,1,1075.5,single,1,DIGSA,conflict,2,DMCP,single,1,56.3,single,1,60,single,1,5,single,1,KARNES,single,1,SNA,single,1,,,,21.9,single,1,265.6,single,1,SNA,converged,3,1/13/1998,single,1,Female/Male,single,1,928,single,1,yes,single,1,0.7,single,1,9.3,single,1,58.6,single,1,,,,Pass,single,1,2026-04-23,single,1,PBNDS 2011 - 2016 Revisions,single,1,ODO,single,1,8/24/2017,single,1,29.3,single,1,758.7,single,1,420.7,single,1,1007,single,1,(830) 254-2000,single,1,yes,single,1
KCCDCTX,detention,KARNES COUNTY CIVIL DETENTION CENTER,single,48013|48255,"Karnes County, TX|Atascosa County, TX",TX,"FM 1144 AT US HIGHWAY 181, KARNES CITY, TX 78118",single,1,,,,,,,,,,,,,,,,IGSA,single,1,DMCP,single,1,,,,608,single,1,5,single,1,KARNES,single,1,KCD,single,1,DIGSA,single,1,,,,,,,SNA,single,1,1/1/2012,single,1,,,,480,single,1,yes,single,1,,,,,,,,,,,,,,,,,,,,,,,,,8/5/2014,single,1,,,,,,,,,,,,,,,,yes,single,1
KCHOSNY,detention,KINGS COUNTY HOSPITAL,single,36047,"Kings County, NY",NY,"451 CLARKSON AVE., BROOKLYN, NY 11203",single,1,,,,,,,,,,,,,,,,Other,single,1,OTHER,single,1,,,,,,,2,single,1,KINGS,single,1,VRK,single,1,HOSPITAL,single,1,,,,,,,NYC,single,1,4/15/2011,single,1,,,,,,,,,,,,,,,,,,,,,,,,,,,,,,,,,,1/3/2017,single,1,,,,,,,,,,,,,,,,no,single,1
KCOJFOK,detention,KAY CO JUSTICE FACILITY,conflict,40071,"Kay County, OK",OK,"1101 WEST DRY ROAD, NEWKIRK, OK 74647",converged,3,61.3,single,1,25.3,single,1,24.1,single,1,18.9,single,1,129.6,single,1,IGSA,converged,2,,,,24,single,1,,,,10,single,1,Kay,single,1,,,,,,,0,single,1,0.1,single,1,CHI,converged,3,,,,Female/Male,single,1,,,,yes,single,1,20.2,single,1,12.6,single,1,21,single,1,,,,Pass,single,1,2025-03-06,single,1,NDS 2019,single,1,ODO,single,1,,,,42.5,single,1,87,single,1,83,single,1,75.7,single,1,(580) 362-3393,single,1,,,
KEACOKS,detention,KEARNY COUNTY JAIL,single,20067|20093,"Kearny County, KS|Grant County, KS",KS,"106 WASHINGTON AVENUE, LAKIN, KS 67860",single,1,,,,,,,,,,,,,,,,IGSA,single,1,DMCP,single,1,,,,,,,10,single,1,KEARNY,single,1,KAN,single,1,,,,,,,,,,CHI,single,1,4/24/1999,single,1,,,,,,,,,,,,,,,,,,,,,,,,,,,,,,,,,,10/6/2002,single,1,,,,,,,,,,,,,,,,yes,single,1
KEICONE,detention,KEITH COUNTY JAIL,single,31101|31135,"Keith County, NE|Perkins County, NE",NE,"103 EAST 5TH STREET, OGALLALA, NE 69153",single,1,,,,,,,,,,,,,,,,IGSA,single,1,DMCP,single,1,,,,,,,8,single,1,KEITH,single,1,OMA,single,1,,,,,,,,,,SPM,single,1,1/16/1999,single,1,,,,,,,,,,,,,,,,,,,,,,,,,,,,,,,,,,1/9/2003,single,1,,,,,,,,,,,,,,,,yes,single,1
KEJUVTX,detention,KERR COUNTY JUVENILE DETENTION CENTER,single,48019|48171|48265,"Kerr County, TX|Gillespie County, TX|Bandera County, TX",TX,"KERRVILLE JDC, KERRVILLE, TX 78028",single,1,,,,,,,,,,,,,,,,IGSA,single,1,JFRMU,single,1,,,,,,,5,single,1,KERR,single,1,SNA,single,1,JUVENILE,single,1,,,,,,,SNA,single,1,3/4/1998,single,1,,,,,,,,,,,,,,,,,,,,,,,,,,,,,,,,,,7/27/1998,single,1,,,,,,,,,,,,,,,,no,single,1
KENDATX,detention,KENDALL COUNTY JAIL,single,48029|48091|48259,"Kendall County, TX|Bexar County, TX|Comal County, TX",TX,"C/O COUNTY SHERIFF, BOERNE, TX 78006",single,1,,,,,,,,,,,,,,,,IGSA,single,1,DMCP,single,1,,,,,,,5,single,1,KENDALL,single,1,SNA,single,1,,,,,,,,,,SNA,single,1,5/15/1998,single,1,,,,,,,,,,,,,,,,,,,,,,,,,,,,,,,,,,1/25/2007,single,1,,,,,,,,,,,,,,,,yes,single,1
KENNEGA,detention,KENNESAW CITY JAIL,single,13067,"Cobb County, GA",GA,"2539 J O STEPHENSON AVENUE, KENNESAW, GA 30144",single,1,,,,,,,,,,,,,,,,IGSA,single,1,DMCP,single,1,,,,,,,11,single,1,COBB,single,1,ATL,single,1,,,,,,,,,,ATL,single,1,7/11/1989,single,1,,,,,,,no,single,1,,,,,,,,,,,,,,,,,,,,,,,,,10/2/2007,single,1,,,,,,,,,,,,,,,,yes,single,1
KENNEME,detention,KENNEBEC COUNTY JAIL,single,23011|23015,"Kennebec County, ME|Lincoln County, ME",ME,"125 STATE STREET, AUGUSTA, ME 04330",single,1,,,,,,,,,,,,,,,,IGSA,single,1,DMCP,single,1,,,,,,,1,single,1,KENNEBEC,single,1,POM,single,1,,,,,,,,,,BOS,single,1,8/22/1997,single,1,,,,,,,,,,,,,,,,,,,,,,,,,,,,,,,,,,8/3/2003,single,1,,,,,,,,,,,,,,,,yes,single,1
KENOSW2,detention,KENOSHA COUNTY PRETRIAL FACILITY,single,55059,"Kenosha County, WI",WI,"1000 55TH STREET, KENOSHA, WI 53140",single,1,,,,,,,,,,,,,,,,USMS IGA,single,1,DMCP,single,1,,,,10,single,1,7,single,1,KENOSHA,single,1,,,,,,,,,,,,,CHI,single,1,,,,,,,,,,yes,single,1,,,,,,,,,,,,,,,,,,,,,,,,,,,,,,,,,,,,,,,,,,,yes,single,1
KENOSWI,detention,KENOSHA COUNTY DETENTION CENTER,single,55059|55101,"Kenosha County, WI|Racine County, WI",WI,"4777 88TH AVENUE, KENOSHA, WI 53144",single,1,,,,,,,,,,,,,,,,USMS IGA,single,1,DMCP,single,1,,,,210,single,1,7,single,1,KENOSHA,single,1,CHI,single,1,,,,,,,,,,CHI,single,1,1/8/1986,single,1,,,,,,,yes,single,1,,,,,,,,,,,,,,,,,,,,,,,,,11/4/2017,single,1,,,,,,,,,,,,,,,,yes,single,1
KENTCMI,detention,KENT COUNTY JAIL,single,26081,"Kent County, MI",MI,"701 BALL AVENUE NORTHEAST, GRAND RAPIDS, MI 49503",single,1,,,,,,,,,,,,,,,,IGSA,single,1,DMCP,single,1,,,,,,,6,single,1,KENT,single,1,DET,single,1,,,,,,,,,,DET,single,1,9/11/1991,single,1,,,,,,,no,single,1,,,,,,,,,,,,,,,,,,,,,,,,,11/4/2017,single,1,,,,,,,,,,,,,,,,yes,single,1
KENTOKY,detention,KENTON COUNTY JAIL,single,21117,"Kenton County, KY",KY,"303 COURT STREET, COVINGTON, KY 41011",single,1,,,,,,,,,,,,,,,,IGSA,single,1,DMCP,single,1,,,,,,,6,single,1,KENTON,single,1,CHI,single,1,,,,,,,,,,CHI,single,1,7/23/1996,single,1,,,,,,,no,single,1,,,,,,,,,,,,,,,,,,,,,,,,,3/8/2007,single,1,,,,,,,,,,,,,,,,yes,single,1
KERCOCA,detention,KERN COUNTY JAIL (LERDO),single,06029,"Kern County, CA",CA,"17695 INDUSTRIAL FARM ROAD, BAKERSFIELD, CA 93308",single,1,,,,,,,,,,,,,,,,IGSA,single,1,DMCP,single,1,,,,,,,9,single,1,KERN,single,1,BKI,single,1,,,,,,,,,,SFR,single,1,10/4/1991,single,1,,,,,,,yes,single,1,,,,,,,,,,,,,,,,,,,,,,,,,3/26/2014,single,1,,,,,,,,,,,,,,,,yes,single,1
KERCOTX,detention,KERR COUNTY JAIL,single,48019|48171|48265,"Kerr County, TX|Gillespie County, TX|Bandera County, TX",TX,"C/O COUNTY SHERIFF, KERRVILLE, TX 78028",single,1,,,,,,,,,,,,,,,,IGSA,single,1,DMCP,single,1,,,,,,,5,single,1,KERR,single,1,SNA,single,1,,,,,,,,,,SNA,single,1,4/16/1998,single,1,,,,,,,,,,,,,,,,,,,,,,,,,,,,,,,,,,9/9/2007,single,1,,,,,,,,,,,,,,,,yes,single,1
KIMBANE,detention,KIMBALL COUNTY JAIL,single,31007|31105,"Kimball County, NE|Banner County, NE",NE,"114 WEST 3RD ST, KIMBALL, NE 69145",single,1,,,,,,,,,,,,,,,,IGSA,single,1,DMCP,single,1,,,,,,,8,single,1,KIMBALL,single,1,OMA,single,1,,,,,,,,,,SPM,single,1,,,,,,,,,,,,,,,,,,,,,,,,,,,,,,,,,,,,,,,,,,,,,,,,,,,,,,,yes,single,1
KIMBLTX,detention,KIMBLE COUNTY JAIL,single,48265|48267,"Kimble County, TX|Kerr County, TX",TX,"415 PECAN ST, JUNCTION, TX 76849",single,1,,,,,,,,,,,,,,,,IGSA,single,1,DMCP,single,1,,,,,,,5,single,1,KIMBLE,single,1,SNA,single,1,,,,,,,,,,SNA,single,1,1/30/2007,single,1,,,,,,,,,,,,,,,,,,,,,,,,,,,,,,,,,,1/30/2007,single,1,,,,,,,,,,,,,,,,yes,single,1
KINCOWA,detention,KING COUNTY ADULT JAIL,single,53033,"King County, WA",WA,"500 5TH AVE, SEATTLE, WA 98104",single,1,,,,,,,,,,,,,,,,IGSA,single,1,DMCP,single,1,,,,,,,9,single,1,KING,single,1,SEA,single,1,,,,,,,,,,SEA,single,1,9/21/1997,single,1,,,,,,,,,,,,,,,,,,,,,,,,,,,,,,,,,,3/16/2004,single,1,,,,,,,,,,,,,,,,yes,single,1
KINGMKS,detention,KINGMAN COUNTY JAIL,single,20095|20155,"Kingman County, KS|Reno County, KS",KS,"120 SPRUCE STREET, KINGMAN, KS 67068",single,1,,,,,,,,,,,,,,,,IGSA,single,1,DMCP,single,1,,,,,,,10,single,1,KINGMAN,single,1,KAN,single,1,,,,,,,,,,CHI,single,1,3/23/1995,single,1,,,,,,,no,single,1,,,,,,,,,,,,,,,,,,,,,,,,,8/15/2004,single,1,,,,,,,,,,,,,,,,yes,single,1
KINNETX,detention,KINNEY COUNTY DETENTION CENTER,single,48271,"Kinney County, TX",TX,"109 NORTH STREET, BRACKETTVILLE, TX 78832",single,1,,,,,,,,,,,,,,,,IGSA,single,1,DMCP,single,1,,,,,,,5,single,1,KINNEY,single,1,DLR,single,1,,,,,,,,,,SNA,single,1,3/5/1999,single,1,,,,,,,yes,single,1,,,,,,,,,,,,,,,,,,,,,,,,,11/12/2013,single,1,,,,,,,,,,,,,,,,yes,single,1
KITCACO,detention,KIT CARSON COUNTY,single,08063|08125,"Kit Carson County, CO|Yuma County, CO",CO,"251 16TH STREET RM.302, BURLINGTON, CO 80807",single,1,,,,,,,,,,,,,,,,IGSA,single,1,DMCP,single,1,,,,,,,10,single,1,KIT CARSON,single,1,DEN,single,1,,,,,,,,,,DEN,single,1,3/21/1991,single,1,,,,,,,,,,,,,,,,,,,,,,,,,,,,,,,,,,9/25/2007,single,1,,,,,,,,,,,,,,,,yes,single,1
KITTIWA,detention,KITTITAS COUNTY JAIL,single,53037,"Kittitas County, WA",WA,"205 WEST 5TH AVENUE, ELLENSBURG, WA 98926",single,1,,,,,,,,,,,,,,,,IGSA,single,1,DMCP,single,1,,,,,,,9,single,1,KITTITAS,single,1,SEA,single,1,,,,,,,,,,SEA,single,1,11/26/2008,single,1,,,,,,,no,single,1,,,,,,,,,,,,,,,,,,,,,,,,,1/19/2012,single,1,,,,,,,,,,,,,,,,yes,single,1
KLAMCOR,detention,KLAMATH COUNTY JAIL,single,41035,"Klamath County, OR",OR,"3201 VANDENBERG AVENUE, KLAMATH FALLS, OR 97603",single,1,,,,,,,,,,,,,,,,IGSA,single,1,DMCP,single,1,,,,,,,9,single,1,KLAMATH,single,1,MED,single,1,,,,,,,,,,SEA,single,1,6/14/1991,single,1,,,,,,,no,single,1,,,,,,,,,,,,,,,,,,,,,,,,,10/17/2013,single,1,,,,,,,,,,,,,,,,yes,single,1
KNXDFTN,detention,KNOX COUNTY DETENTION FACILITY,converged,47093,"Knox County, TN",TN,"5001 MALONEYVILLE RD, KNOXVILLE, TN 37918",converged,2,22,single,1,2.8,single,1,3.2,single,1,1.6,single,1,29.6,single,1,USMS IGA,converged,2,,,,3.9,single,1,,,,6,single,1,Knox,single,1,,,,,,,0.6,single,1,4.8,single,1,NOL,converged,2,,,,Female/Male,single,1,,,,no,single,1,1.9,single,1,1.8,single,1,4.3,single,1,,,,Pass,single,1,Scheduled FY26,single,1,NDS 2019,single,1,ODO,single,1,,,,5,single,1,19.2,single,1,16.6,single,1,21.7,single,1,,,,,,
KNXHOLD,detention,KNOXVILLE HOLD ROOM,single,47009|47093|47155,"Knox County, TN|Blount County, TN|Sevier County, TN",TN,"UNAVAILABLE, KNOXVILLE, TN 37920",single,1,,,,,,,,,,,,,,,,Other,single,1,DMCP,single,1,,,,,,,6,single,1,KNOX,single,1,KNX,single,1,HOLD,single,1,,,,,,,NOL,single,1,,,,,,,,,,no,single,1,,,,,,,,,,,,,,,,,,,,,,,,,,,,,,,,,,,,,,,,,,,yes,single,1
KODIAAK,detention,KODIAK CITY JAIL,single,02150,"Kodiak Island Borough, AK",AK,"217 LOWER MILL BAY ROAD, KODIAK, AK 99615",single,1,,,,,,,,,,,,,,,,IGSA,single,1,DMCP,single,1,,,,,,,9,single,1,KODIAK ISLAND,single,1,ANC,single,1,,,,,,,,,,SEA,single,1,4/18/1992,single,1,,,,,,,no,single,1,,,,,,,,,,,,,,,,,,,,,,,,,9/16/2014,single,1,,,,,,,,,,,,,,,,yes,single,1
KOOTEID,detention,KOOTENAI COUNTY,single,16055,"Kootenai County, ID",ID,"5500 NORTH GOVERNMENT WAY, COEUR D'ALENE, ID 83815",single,1,,,,,,,,,,,,,,,,IGSA,single,1,DMCP,single,1,,,,,,,9,single,1,KOOTENAI,single,1,HEL,single,1,,,,,,,,,,SLC,single,1,1/23/2003,single,1,,,,,,,,,,,,,,,,,,,,,,,,,,,,,,,,,,8/31/2009,single,1,,,,,,,,,,,,,,,,yes,single,1
KOSSUIA,detention,KOSSUTH COUNTY JAIL,single,19109,"Kossuth County, IA",IA,"121 WEST STATE STREET, ALGONA, IA 50511",single,1,,,,,,,,,,,,,,,,IGSA,single,1,DMCP,single,1,,,,,,,8,single,1,KOSSUTH,single,1,OMA,single,1,,,,,,,,,,SPM,single,1,2/28/2000,single,1,,,,,,,,,,,,,,,,,,,,,,,,,,,,,,,,,,11/19/2002,single,1,,,,,,,,,,,,,,,,yes,single,1
KRHUBFL,detention,KROME/MIAMI HUB,single,12086,"Miami-Dade County, FL",FL,"CONCOURSE E SATELLITMIAMI INTERNATIONAL, MIAMI, FL 33299",single,1,,,,,,,,,,,,,,,,Other,single,1,DMCP,single,1,,,,,,,11,single,1,MIAMI-DADE,single,1,KRO,single,1,HOLD,single,1,,,,,,,MIA,single,1,4/4/2008,single,1,,,,,,,no,single,1,,,,,,,,,,,,,,,,,,,,,,,,,10/19/2017,single,1,,,,,,,,,,,,,,,,yes,single,1
KRNRCTX,detention,KARNES COUNTY RESIDENTIAL CENTER,single,48013|48255,"Karnes County, TX|Atascosa County, TX",TX,"FM 1144 AT US HIGHWAY 181, KARNES CITY, TX 78118",single,1,,,,,,,,,,,,,,,,IGSA,single,1,JFRMU,single,1,,,,830,single,1,5,single,1,KARNES,single,1,KCD,single,1,FAMILY,single,1,,,,,,,SNA,single,1,5/30/2014,single,1,,,,830,single,1,yes,single,1,,,,,,,,,,,,,,,,,,,,,,,,,11/4/2017,single,1,,,,,,,,,,,,,,,,no,single,1
KRO,detention,KROME NORTH SERVICE PROCESSING CENTER,converged,12086,"Miami-Dade County, FL",FL,"18201 SW 12TH ST, MIAMI, FL 33194",conflict,3,156.8,single,1,84.2,single,1,270.8,single,1,331.6,single,1,843.4,single,1,SPC,converged,2,DMCP,single,1,27,single,1,611,single,1,11,single,1,MIAMI-DADE,single,1,KRO,single,1,,,,0,single,1,0,single,1,MIA,converged,3,11/3/1983,single,1,Male,single,1,450,converged,2,yes,single,1,276,single,1,82.8,single,1,77.9,single,1,Miami Krome (Detained) Immigration Court (co-located — same ZIP),single,1,Pass,single,1,2025-05-01,single,1,PBNDS 2011 - 2016 Revisions,single,1,ODO,single,1,9/10/2017,single,1,376.8,single,1,466.6,single,1,478.9,single,1,406.7,single,1,(305) 207-2100,single,1,yes,single,1
KROHOLD,detention,KROME HOLD ROOM,single,12086,"Miami-Dade County, FL",FL,"18201 SW 12TH ST, MIAMI, FL 33194",single,1,,,,,,,,,,,,,,,,Other,single,1,DMCP,single,1,,,,,,,11,single,1,DADE,single,1,,,,HOLD,single,1,,,,,,,MIA,single,1,7/10/2017,single,1,,,,,,,no,single,1,,,,,,,,,,Miami Krome (Detained) Immigration Court (co-located — same ZIP),single,1,,,,,,,,,,,,,11/1/2017,single,1,,,,,,,,,,,,,,,,yes,single,1
LACKAPA,detention,LACKAWANNA COUNTY JAIL,single,42069,"Lackawanna County, PA",PA,"1371 NORTH WASHINGTON AVENUE, SCRANTON, PA 18509",single,1,,,,,,,,,,,,,,,,USMS IGA,single,1,DMCP,single,1,,,,150,single,1,3,single,1,LACKAWANNA,single,1,PKE,single,1,,,,,,,,,,PHI,single,1,9/11/1987,single,1,,,,,,,yes,single,1,,,,,,,,,,,,,,,,,,,,,,,,,5/18/2016,single,1,,,,,,,,,,,,,,,,yes,single,1
LAFAYLA,detention,LAFAYETTE PARISH CORRECTIONAL CENTER,single,22055,"Lafayette Parish, LA",LA,"916 LAFAYETTE STREET, LAFAYETTE, LA 70502",single,1,,,,,,,,,,,,,,,,IGSA,single,1,DMCP,single,1,,,,,,,5,single,1,LAFAYETTE,single,1,NOL,single,1,,,,,,,,,,NOL,single,1,6/8/1986,single,1,,,,,,,,,,,,,,,,,,,,,,,,,,,,,,,,,,5/18/2006,single,1,,,,,,,,,,,,,,,,yes,single,1
LAKCOMT,detention,LAKE COUNTY JAIL,single,30047,"Lake County, MT",MT,"106 4TH AVENUE EAST, POLSON, MT 59860",single,1,,,,,,,,,,,,,,,,IGSA,single,1,DMCP,single,1,,,,,,,9,single,1,LAKE,single,1,HEL,single,1,,,,,,,,,,SLC,single,1,1/14/2005,single,1,,,,,,,,,,,,,,,,,,,,,,,,,,,,,,,,,,8/4/2009,single,1,,,,,,,,,,,,,,,,yes,single,1
LAKEJCO,detention,LAKE COUNTY JAIL,single,08065,"Lake County, CO",CO,"P.O. BOX 255/505 HARRISON AVE., LEADVILLE, CO 80461",single,1,,,,,,,,,,,,,,,,IGSA,single,1,DMCP,single,1,,,,,,,10,single,1,LAKE,single,1,DEN,single,1,,,,,,,,,,DEN,single,1,5/8/1992,single,1,,,,,,,,,,,,,,,,,,,,,,,,,,,,,,,,,,6/28/2007,single,1,,,,,,,,,,,,,,,,yes,single,1
LANCACA,detention,MIRA LOMA DETENTION CENTER,single,06029|06037,"Los Angeles County, CA|Kern County, CA",CA,"45100 60TH STREET WEST, LANCASTER, CA 93536",single,1,,,,,,,,,,,,,,,,IGSA,single,1,DMCP,single,1,,,,1400,single,1,9,single,1,LOS ANGELES,single,1,LOS,single,1,DIGSA,single,1,,,,,,,LOS,single,1,10/12/1992,single,1,,,,,,,yes,single,1,,,,,,,,,,,,,,,,,,,,,,,,,10/30/2012,single,1,,,,,,,,,,,,,,,,yes,single,1
LANCANE,detention,LANCASTER COUNTY JAIL,single,31109,"Lancaster County, NE",NE,"605 SOUTH 10TH STREET, LINCOLN, NE 68508",single,1,,,,,,,,,,,,,,,,IGSA,single,1,DMCP,single,1,,,,,,,8,single,1,LANCASTER,single,1,OMA,single,1,,,,,,,,,,SPM,single,1,2/27/1992,single,1,,,,,,,,,,,,,,,,,,,,,,,,,,,,,,,,,,7/9/2003,single,1,,,,,,,,,,,,,,,,yes,single,1
LANECOR,detention,LANE COUNTY JAIL,single,41039,"Lane County, OR",OR,"125 EAST 8TH AVENUE, EUGENE, OR 97401",single,1,,,,,,,,,,,,,,,,IGSA,single,1,DMCP,single,1,,,,,,,9,single,1,LANE,single,1,POO,single,1,,,,,,,,,,SEA,single,1,4/23/1991,single,1,,,,,,,no,single,1,,,,,,,,,,,,,,,,,,,,,,,,,2/19/2009,single,1,,,,,,,,,,,,,,,,yes,single,1
LAPAZAZ,detention,LA PAZ COUNTY ADULT DETENTION FACILITY,converged,04012,"La Paz County, AZ",AZ,"1109 ARIZONA AVE., PARKER, AZ 85344",converged,2,0.3,single,1,0.6,single,1,0.1,single,1,0.2,single,1,1.2,single,1,USMS IGA,converged,2,DMCP,single,1,1.9,single,1,,,,9,single,1,LA PAZ,single,1,FLO,single,1,,,,0,single,1,0.1,single,1,PHO,converged,2,8/23/2005,single,1,Female/Male,single,1,,,,no,single,1,0.1,single,1,0.1,single,1,0.4,single,1,,,,Pass,single,1,2024-08-01,single,1,NDS 2019,single,1,ODO,single,1,10/24/2017,single,1,0.5,single,1,0.6,single,1,0.7,single,1,0.5,single,1,,,,yes,single,1
LAPEEMI,detention,LAPEER COUNTY,single,26087,"Lapeer County, MI",MI,"2408 GENESEE STREET, LAPEER, MI 48446",single,1,,,,,,,,,,,,,,,,IGSA,single,1,DMCP,single,1,,,,,,,6,single,1,LAPEER,single,1,DET,single,1,,,,,,,,,,DET,single,1,7/13/1996,single,1,,,,,,,no,single,1,,,,,,,,,,,,,,,,,,,,,,,,,7/26/2004,single,1,,,,,,,,,,,,,,,,yes,single,1
LAPLACO,detention,LA PLATA COUNTY JAIL,single,08067,"La Plata County, CO",CO,"742 TURNER DRIVE, DURANGO, CO 81303",single,1,,,,,,,,,,,,,,,,USMS IGA,single,1,DMCP,single,1,,,,50,single,1,10,single,1,FLOYD,single,1,DEN,single,1,,,,,,,,,,DEN,single,1,1/28/1992,single,1,,,,,,,no,single,1,,,,,,,,,,,,,,,,,,,,,,,,,11/1/2017,single,1,,,,,,,,,,,,,,,,yes,single,1
LARCOWY,detention,LARAMIE COUNTY JAIL,converged,56021,"Laramie County, WY",WY,"1910 PIONEER AVENUE, CHEYENNE, WY 82001",converged,2,2.3,single,1,0.4,single,1,1.4,single,1,0.2,single,1,4.3,single,1,USMS IGA,converged,2,DMCP,single,1,2.3,single,1,,,,10,single,1,LARAMIE,single,1,DEN,single,1,,,,0,single,1,0.2,single,1,DEN,converged,2,4/26/1991,single,1,Female/Male,single,1,,,,no,single,1,0.4,single,1,0.2,single,1,0.4,single,1,,,,,,,,,,,,,,,,8/3/2010,single,1,0.6,single,1,3.6,single,1,2,single,1,3.3,single,1,,,,yes,single,1
LARELKY,detention,LAUREL COUNTY SHERIFFS JAIL,single,21051|21125,"Laurel County, KY|Clay County, KY",KY,"203 SOUTH BROAD ST., LONDON, KY 40741",single,1,,,,,,,,,,,,,,,,IGSA,single,1,DMCP,single,1,,,,,,,6,single,1,LAUREL,single,1,CHI,single,1,,,,,,,,,,CHI,single,1,12/29/1999,single,1,,,,,,,no,single,1,,,,,,,,,,,,,,,,,,,,,,,,,5/26/2005,single,1,,,,,,,,,,,,,,,,yes,single,1
LARIMCO,detention,LARIMER COUNTY JAIL,single,08069,"Larimer County, CO",CO,"2405 MIDPOINT DRIVE, FORT COLLINS, CO 80525",single,1,,,,,,,,,,,,,,,,USMS IGA,single,1,DMCP,single,1,,,,5,single,1,10,single,1,LARIMER,single,1,DEN,single,1,,,,,,,,,,DEN,single,1,11/27/1990,single,1,,,,,,,no,single,1,,,,,,,,,,,,,,,,,,,,,,,,,3/29/2014,single,1,,,,,,,,,,,,,,,,yes,single,1
LASALTX,detention,LASALLE COUNTY JAIL,single,48127|48163|48283,"La Salle County, TX|Dimmit County, TX|Frio County, TX",TX,"703 N MAIN STREET, COTULLA, TX 78014",single,1,,,,,,,,,,,,,,,,Other,single,1,DMCP,single,1,,,,,,,5,single,1,LA SALLE,single,1,SNA,single,1,,,,,,,,,,SNA,single,1,12/9/1993,single,1,,,,,,,,,,,,,,,,,,,,,,,,,,,,,,,,,,3/30/2014,single,1,,,,,,,,,,,,,,,,yes,single,1
LASANCO,detention,LAS ANIMAS COUNTY JAIL,single,08071,"Las Animas County, CO",CO,"2309 EAST MAIN STREET, TRINIDAD, CO 81082",single,1,,,,,,,,,,,,,,,,IGSA,single,1,DMCP,single,1,,,,,,,10,single,1,LAS ANIMAS,single,1,DEN,single,1,,,,,,,,,,DEN,single,1,3/19/1997,single,1,,,,,,,yes,single,1,,,,,,,,,,,,,,,,,,,,,,,,,4/11/2010,single,1,,,,,,,,,,,,,,,,yes,single,1
LASWOCA,detention,LAS COLINAS WOMEN'S DETENTION FACILITY,single,06073,"San Diego County, CA",CA,"9000 COTTONWOOD AVENUE, SANTEE, CA 92071",single,1,,,,,,,,,,,,,,,,IGSA,single,1,DMCP,single,1,,,,,,,9,single,1,SAN DIEGO,single,1,SND,single,1,,,,,,,,,,SND,single,1,,,,,,,,,,,,,,,,,,,,,,,,,,,,,,,,,,,,,,,,,,,,,,,,,,,,,,,yes,single,1
LAWINCI,detention,WINN CORRECTIONAL CENTER,conflict,22127,"Winn Parish, LA",LA,"560 GUM SPRING ROAD, WINNFIELD, LA 71483",conflict,3,904.8,single,1,160.3,single,1,235.9,single,1,196.6,single,1,1497.6,single,1,DIGSA,conflict,2,,,,26,single,1,,,,5,single,1,Winn Parish,single,1,,,,,,,0,single,1,0.1,single,1,NOL,converged,3,,,,Male,single,1,946,converged,2,yes,single,1,191.8,single,1,108.1,single,1,146.5,single,1,,,,Pass,single,1,2026-01-15,single,1,NDS 2025,single,1,ODO,single,1,,,,343,single,1,1154.6,single,1,1095.8,single,1,1051.3,single,1,(318) 628-3971,single,1,,,
LAWREPA,detention,LAWRENCE COUNTY CORRECTIONS,single,42073,"Lawrence County, PA",PA,"111 SOUTH MILTON STREET, NEW CASTLE, PA 16101",single,1,,,,,,,,,,,,,,,,USMS IGA,single,1,DMCP,single,1,,,,,,,3,single,1,LAWRENCE,single,1,PIT,single,1,,,,,,,,,,PHI,single,1,10/3/2003,single,1,,,,,,,no,single,1,,,,,,,,,,,,,,,,,,,,,,,,,12/5/2012,single,1,,,,,,,,,,,,,,,,yes,single,1
LAWRESD,detention,LAWRENCE COUNTY,converged,46081|46103,"Lawrence County, SD|Pennington County, SD",SD,"80 SHERMAN STREET, DEADWOOD, SD 57732",converged,2,6.8,single,1,1.1,single,1,1.9,single,1,0.3,single,1,10.1,single,1,USMS IGA,conflict,2,DMCP,single,1,40.2,single,1,,,,8,single,1,LAWRENCE,single,1,SPM,single,1,,,,0,single,1,0.1,single,1,SPM,converged,2,10/29/1997,single,1,Female/Male,single,1,,,,no,single,1,0.4,single,1,0.9,single,1,0.6,single,1,,,,,,,,,,,,,,,,5/31/2009,single,1,1.5,single,1,8.7,single,1,6,single,1,8.3,single,1,,,,yes,single,1
LBKHOLD,detention,LUBBOCK HOLD ROOM,single,48303,"Lubbock County, TX",TX,"1205 TEXAS AVE SUITE 605, LUBBOCK, TX 79401",single,1,,,,,,,,,,,,,,,,Other,single,1,DMCP,single,1,,,,,,,5,single,1,LUBBOCK,single,1,DAL,single,1,HOLD,single,1,,,,,,,DAL,single,1,4/26/2014,single,1,,,,,,,no,single,1,,,,,,,,,,,,,,,,,,,,,,,,,6/2/2017,single,1,,,,,,,,,,,,,,,,yes,single,1
LDFHOLD,detention,LOVELAND HOLDROOM,single,08069|08123,"Larimer County, CO|Weld County, CO",CO,"350 E. 7TH STREET, LOVELAND, CO 80537",single,1,,,,,,,,,,,,,,,,Other,single,1,DMCP,single,1,,,,,,,10,single,1,LARIMER,single,1,DEN,single,1,HOLD,single,1,,,,,,,DEN,single,1,1/28/2011,single,1,,,,,,,no,single,1,,,,,,,,,,,,,,,,,,,,,,,,,1/30/2011,single,1,,,,,,,,,,,,,,,,yes,single,1
LEACONM,detention,LEA COUNTY DETENTION CENTER,single,35025,"Lea County, NM",NM,"1401 SOUTH COMMERCIAL STREET, LOVINGTON, NM 88260",single,1,,,,,,,,,,,,,,,,USMS IGA,single,1,DMCP,single,1,,,,,,,10,single,1,LEA,single,1,EPC,single,1,,,,,,,,,,ELP,single,1,7/21/2007,single,1,,,,,,,no,single,1,,,,,,,,,,,,,,,,,,,,,,,,,4/18/2017,single,1,,,,,,,,,,,,,,,,yes,single,1
LEECJIL,detention,LEE COUNTY JAIL,single,17103|17141,"Lee County, IL|Ogle County, IL",IL,"122 W. 3RD STREET, DIXON, IL 61021",single,1,,,,,,,,,,,,,,,,IGSA,single,1,DMCP,single,1,,,,,,,7,single,1,LEE,single,1,CHI,single,1,,,,,,,,,,CHI,single,1,2/22/1988,single,1,,,,,,,,,,,,,,,,,,,,,,,,,,,,,,,,,,7/25/2006,single,1,,,,,,,,,,,,,,,,yes,single,1
LEECOTX,detention,LEE COUNTY JAIL,single,48021|48149|48287,"Lee County, TX|Fayette County, TX|Bastrop County, TX",TX,"424 SOUTH MAIN STREET, GIDDINS, TX 78942",single,1,,,,,,,,,,,,,,,,IGSA,single,1,DMCP,single,1,,,,,,,5,single,1,GIDDINS,single,1,SNA,single,1,,,,,,,,,,SNA,single,1,,,,,,,,,,,,,,,,,,,,,,,,,,,,,,,,,,,,,,,,,,,,,,,,,,,,,,,yes,single,1
LEHIGPA,detention,LEHIGH COUNTY JAIL (PENNSYLVANIA),single,42077,"Lehigh County, PA",PA,"38 N 4TH ST, ALLENTOWN, PA 18102",single,1,,,,,,,,,,,,,,,,USMS IGA,single,1,DMCP,single,1,,,,,,,3,single,1,LEHIGH,single,1,PHI,single,1,,,,,,,,,,PHI,single,1,12/9/1986,single,1,,,,,,,no,single,1,,,,,,,,,,,,,,,,,,,,,,,,,6/5/2007,single,1,,,,,,,,,,,,,,,,yes,single,1
LEWISMT,detention,LEWIS & CLARK COUNTY JAIL,single,30043|30049,"Lewis and Clark County, MT|Jefferson County, MT",MT,"221 BRECKENRIDGE STREET, HELENA, MT 59601",single,1,,,,,,,,,,,,,,,,IGSA,single,1,DMCP,single,1,,,,,,,9,single,1,LEWIS AND CLARK,single,1,HEL,single,1,,,,,,,,,,SLC,single,1,1/22/1991,single,1,,,,,,,no,single,1,,,,,,,,,,,,,,,,,,,,,,,,,9/29/2016,single,1,,,,,,,,,,,,,,,,yes,single,1
LEWISNY,detention,LEWIS COUNTY JAIL,single,36043|36049,"Lewis County, NY|Herkimer County, NY",NY,"5252 OUTER STOWE STREET, LOWVILLE, NY 13367",single,1,,,,,,,,,,,,,,,,IGSA,single,1,DMCP,single,1,,,,,,,2,single,1,LEWIS,single,1,BUF,single,1,,,,,,,,,,BUF,single,1,8/9/1998,single,1,,,,,,,no,single,1,,,,,,,,,,,,,,,,,,,,,,,,,7/16/2012,single,1,,,,,,,,,,,,,,,,yes,single,1
LEXINSC,detention,LEXINGTON COUNTY JAIL,converged,45063,"Lexington County, SC",SC,"521 GIBSON ROAD, LEXINGTON, SC 29072",converged,2,3.5,single,1,1.2,single,1,0.7,single,1,0.5,single,1,5.9,single,1,USMS IGA,converged,2,DMCP,single,1,1.6,single,1,28,single,1,4,single,1,LEXINGTON,single,1,CHL,single,1,,,,0.2,single,1,1.7,single,1,ATL,converged,2,12/7/2010,single,1,Female/Male,single,1,,,,no,single,1,0.5,single,1,0.6,single,1,0.9,single,1,,,,Pass,single,1,Scheduled FY27,single,1,NDS 2019,single,1,ODO ,single,1,11/1/2017,single,1,1.2,single,1,2.7,single,1,3.7,single,1,3.8,single,1,,,,yes,single,1
LIMESTX,detention,LIMESTONE COUNTY DETENTION CENTER,converged,48145|48293,"Limestone County, TX|Falls County, TX",TX,"910 NORTH TYUS STREET, GROESBECK, TX 76642",converged,3,179.7,single,1,55.8,single,1,2.1,single,1,1.8,single,1,239.4,single,1,USMS IGA,converged,2,DMCP,single,1,44.9,single,1,5,single,1,5,single,1,LIMESTONE,single,1,AUS,single,1,,,,0,single,1,0,single,1,HOU,conflict,3,7/19/1991,single,1,Male,single,1,,,,yes,single,1,6.9,single,1,11,single,1,25.3,single,1,,,,Pass,single,1,2025-03-27,single,1,NDS 2019,single,1,ODO,single,1,7/13/2013,single,1,34.9,single,1,204.4,single,1,95.9,single,1,196,single,1,(254) 729-2674,single,1,yes,single,1
LINCOCO,detention,LINCOLN COUNTY JAIL,single,08073,"Lincoln County, CO",CO,"BOX 10 103 3RD AVENUE, HUGO, CO 80821",single,1,,,,,,,,,,,,,,,,IGSA,single,1,DMCP,single,1,,,,,,,10,single,1,LINCOLN,single,1,DEN,single,1,,,,,,,,,,DEN,single,1,1/25/1997,single,1,,,,,,,,,,,,,,,,,,,,,,,,,,,,,,,,,,6/27/2007,single,1,,,,,,,,,,,,,,,,yes,single,1
LINCOME,detention,LINCOLN COUNTY JAIL,single,23015,"Lincoln County, ME",ME,"P.O. BOX 611, WISCASSETT, ME 04578",single,1,,,,,,,,,,,,,,,,IGSA,single,1,DMCP,single,1,,,,,,,1,single,1,LINCOLN,single,1,POM,single,1,,,,,,,,,,BOS,single,1,8/11/2003,single,1,,,,,,,,,,,,,,,,,,,,,,,,,,,,,,,,,,1/22/2006,single,1,,,,,,,,,,,,,,,,yes,single,1
LINCOMO,detention,LINCOLN COUNTY DETENTION CENTER,single,29113|29219,"Lincoln County, MO|Warren County, MO",MO,"65 BUSINESS PARK DRIVE, TROY, MO 63379",single,1,,,,,,,,,,,,,,,,IGSA,single,1,DMCP,single,1,,,,,,,8,single,1,LINCOLN,single,1,STL,single,1,,,,,,,,,,CHI,single,1,2/28/2000,single,1,,,,,,,yes,single,1,,,,,,,,,,,,,,,,,,,,,,,,,11/4/2017,single,1,,,,,,,,,,,,,,,,yes,single,1
LINCONE,detention,LINCOLN COUNTY JAIL,conflict,31111|31117,"Lincoln County, NE|McPherson County, NE",NE,"302 N JEFFERS, NORTH PLATTE, NE 69101",conflict,3,9.9,single,1,5.7,single,1,9.9,single,1,10.7,single,1,36.2,single,1,USMS IGA,conflict,2,DMCP,single,1,27.4,single,1,,,,8,single,1,LINCOLN,single,1,OMA,single,1,,,,1.9,single,1,2.6,single,1,SPM,converged,3,8/24/1992,single,1,Female/Male,single,1,,,,,,,10.6,single,1,7.2,single,1,5.7,single,1,,,,,,,Scheduled FY27,single,1,,,,,,,10/2/2003,single,1,19.3,single,1,12.3,single,1,26.3,single,1,12.6,single,1,(308) 535-9599,single,1,yes,single,1
LINCOWY,detention,LINCOLN COUNTY JAIL,single,56023,"Lincoln County, WY",WY,"1032 BEECH AVENUE, KEMMERER, WY 83101",single,1,,,,,,,,,,,,,,,,IGSA,single,1,DMCP,single,1,,,,,,,10,single,1,JASPER,single,1,DEN,single,1,,,,,,,,,,DEN,single,1,12/14/2007,single,1,,,,,,,,,,,,,,,,,,,,,,,,,,,,,,,,,,3/5/2008,single,1,,,,,,,,,,,,,,,,yes,single,1
LINNCOR,detention,LINN CO JAIL,single,41043,"Linn County, OR",OR,"1115 JACKSON STREET SOUTHEAST, ALBANY, OR 97322",single,1,,,,,,,,,,,,,,,,IGSA,single,1,DMCP,single,1,,,,,,,9,single,1,LINN,single,1,EUG,single,1,,,,,,,,,,SEA,single,1,2/28/1991,single,1,,,,,,,,,,,,,,,,,,,,,,,,,,,,,,,,,,6/2/2015,single,1,,,,,,,,,,,,,,,,yes,single,1
LINNJIA,detention,LINN COUNTY JAIL,converged,19113,"Linn County, IA",IA,"53 3RD AVENUE BRIDGE, CEDAR RAPIDS, IA 52401",converged,2,24.4,single,1,10.3,single,1,5.6,single,1,8.1,single,1,48.4,single,1,USMS IGA,converged,2,DMCP,single,1,24,single,1,25,single,1,8,single,1,LINN,single,1,OMA,single,1,,,,2.4,single,1,3.9,single,1,SPM,converged,2,1/28/1994,single,1,Female/Male,single,1,,,,yes,single,1,10.1,single,1,4.3,single,1,8.8,single,1,,,,Pass,single,1,2026-06-02,single,1,FPBDS,single,1,ODO,single,1,11/4/2017,single,1,15.6,single,1,26.5,single,1,31.2,single,1,25.2,single,1,,,,yes,single,1
LIRSJUV,detention,LUTHERAN IMMIGRATION AND REFERRAL SERVICES,single,24510,"Baltimore city, MD",MD,"700 LIGHT STREET, BALTIMORE, MD 21230",single,1,,,,,,,,,,,,,,,,IGSA,single,1,JFRMU,single,1,,,,,,,4,single,1,BALTIMORE CITY,single,1,PHI,single,1,JUVENILE,single,1,,,,,,,BAL,single,1,,,,,,,,,,,,,,,,,,,,,,,,,,,,,,,,,,,,,,,,,,,,,,,,,,,,,,,no,single,1
LIVINNY,detention,LIVINGSTON COUNTY JAIL,single,36051,"Livingston County, NY",NY,"4 COURT STREET, GENESEO, NY 14454",single,1,,,,,,,,,,,,,,,,USMS IGA,single,1,DMCP,single,1,,,,,,,2,single,1,LIVINGSTON,single,1,BUF,single,1,,,,,,,,,,BUF,single,1,11/22/1996,single,1,,,,,,,yes,single,1,,,,,,,,,,,,,,,,,,,,,,,,,11/4/2017,single,1,,,,,,,,,,,,,,,,yes,single,1
LKLNDLA,detention,LAKELAND NURSING HOME,single,22009|22043|22079,"Rapides Parish, LA|Grant Parish, LA|Avoyelles Parish, LA",LA,"81 HILLSDALE DR., PINEVILLE, LA 71360",single,1,,,,,,,,,,,,,,,,Other,single,1,OTHER,single,1,,,,,,,5,single,1,RAPIDES,single,1,KRO,single,1,HOSPITAL,single,1,,,,,,,NOL,single,1,5/11/2004,single,1,,,,,,,,,,,,,,,,,,,,,,,,,,,,,,,,,,5/21/2009,single,1,,,,,,,,,,,,,,,,no,single,1
LKWDSMN,detention,LAKE OF THE WOODS COUNTY JAIL,single,27071|27077,"Lake of the Woods County, MN|Koochiching County, MN",MN,"808 2ND ST. SE, BAUDETTE, MN 56623",single,1,,,,,,,,,,,,,,,,IGSA,single,1,DMCP,single,1,,,,,,,8,single,1,LAKE OF THE WOODS,single,1,SPM,single,1,,,,,,,,,,SPM,single,1,1/10/2007,single,1,,,,,,,,,,,,,,,,,,,,,,,,,,,,,,,,,,1/11/2007,single,1,,,,,,,,,,,,,,,,yes,single,1
LLUMCCA,detention,LOMA LINDA UNIVERSITY MED CENTER,single,06071,"San Bernardino County, CA",CA,"11234 ANDERSON STREET, LOMA LINDA, CA 92354",single,1,,,,,,,,,,,,,,,,Other,single,1,OTHER,single,1,,,,,,,9,single,1,SAN BERNARDINO,single,1,ADE,single,1,HOSPITAL,single,1,,,,,,,LOS,single,1,10/8/2014,single,1,,,,,,,,,,,,,,,,,,,,,,,,,,,,,,,,,,10/26/2017,single,1,,,,,,,,,,,,,,,,no,single,1
LOGANCO,detention,LOGAN COUNTY JAIL,single,08075,"Logan County, CO",CO,"110 NORTH RIVERVIEW ROAD, STERLING, CO 80751",single,1,,,,,,,,,,,,,,,,IGSA,single,1,DMCP,single,1,,,,,,,10,single,1,LOGAN,single,1,DEN,single,1,,,,,,,,,,DEN,single,1,9/27/1990,single,1,,,,,,,,,,,,,,,,,,,,,,,,,,,,,,,,,,11/15/2007,single,1,,,,,,,,,,,,,,,,yes,single,1
LONOKAR,detention,LONOKE COUNTY DETENTION,single,05085|05117,"Lonoke County, AR|Prairie County, AR",AR,"3RD AND WRIGHT STREET, LONOKE, AR 72086",single,1,,,,,,,,,,,,,,,,IGSA,single,1,DMCP,single,1,,,,,,,8,single,1,LONOKE,single,1,NOL,single,1,,,,,,,,,,NOL,single,1,2/11/1998,single,1,,,,,,,,,,,,,,,,,,,,,,,,,,,,,,,,,,12/19/2004,single,1,,,,,,,,,,,,,,,,yes,single,1
LONPDAR,detention,LONOKE POLICE DEPARTMENT,single,05085|05117,"Lonoke County, AR|Prairie County, AR",AR,"203 W. FRONT STREET, LONOKE, AR 72086",single,1,,,,,,,,,,,,,,,,IGSA,single,1,DMCP,single,1,,,,,,,8,single,1,LONOKE,single,1,FSA,single,1,,,,,,,,,,NOL,single,1,3/12/2002,single,1,,,,,,,no,single,1,,,,,,,,,,,,,,,,,,,,,,,,,11/4/2017,single,1,,,,,,,,,,,,,,,,yes,single,1
LOSCJCA,detention,LOS ANGELES COUNTY JAIL,single,06037,"Los Angeles County, CA",CA,"450 BAUCHET STREET, LOS ANGELES, CA 90012",single,1,,,,,,,,,,,,,,,,IGSA,single,1,DMCP,single,1,,,,,,,9,single,1,LOS ANGELES,single,1,LOS,single,1,,,,,,,,,,LOS,single,1,10/22/1980,single,1,,,,,,,,,,,,,,,,,,,Los Angeles – N. Los Angeles Street Immigration Court (co-located — same ZIP),single,1,,,,,,,,,,,,,11/24/2013,single,1,,,,,,,,,,,,,,,,yes,single,1
LOSHOLD,detention,LOS ANGELES CUSTODY CASE,single,06037,"Los Angeles County, CA",CA,"300 N. LOS ANGELES ST. RM B-18, SAN PEDRO, CA 90731",single,1,,,,,,,,,,,,,,,,Other,single,1,DMCP,single,1,,,,,,,9,single,1,LOS ANGELES,single,1,LOS,single,1,HOLD,single,1,,,,,,,LOS,single,1,1/1/1983,single,1,,,,,,,no,single,1,,,,,,,,,,,,,,,,,,,,,,,,,11/4/2017,single,1,,,,,,,,,,,,,,,,yes,single,1
LOSPACA,detention,LOS PADRINOS JUVENILE HALL,single,06037,"Los Angeles County, CA",CA,"7285 QUILL DRIVE, DOWNEY, CA 90242",single,1,,,,,,,,,,,,,,,,IGSA,single,1,JFRMU,single,1,,,,,,,9,single,1,LOS ANGELES,single,1,LOS,single,1,JUVENILE,single,1,,,,,,,LOS,single,1,1/8/1998,single,1,,,,,,,,,,,,,,,,,,,,,,,,,,,,,,,,,,4/6/2003,single,1,,,,,,,,,,,,,,,,no,single,1
LOUCOVA,detention,LOUDOUN COUNTY JAIL,single,51107,"Loudoun County, VA",VA,"42035 LOUDOUN CENTER PLACE, LEESBURG, VA 20175",single,1,,,,,,,,,,,,,,,,USMS IGA,single,1,DMCP,single,1,,,,,,,4,single,1,LOUDOUN,single,1,WAS,single,1,,,,,,,,,,WAS,single,1,8/15/1994,single,1,,,,,,,no,single,1,,,,,,,,,,,,,,,,,,,,,,,,,2/23/2010,single,1,,,,,,,,,,,,,,,,yes,single,1
LOUHOLD,detention,LOUISVILLE HOLD ROOM,single,21111,"Jefferson County, KY",KY,"400 S 6TH STREET, LOUISVILLE, KY 40202",single,1,,,,,,,,,,,,,,,,Other,single,1,DMCP,single,1,,,,,,,6,single,1,JEFFERSON,single,1,LOU,single,1,HOLD,single,1,,,,,,,CHI,single,1,1/9/2014,single,1,,,,,,,no,single,1,,,,,,,,,,,,,,,,,,,,,,,,,10/9/2017,single,1,,,,,,,,,,,,,,,,yes,single,1
LOYMCIL,detention,LOYOLA MEDICAL CENTER,single,17031,"Cook County, IL",IL,"2160 S. FIRST AVE., MAYWOOD, IL 60153",single,1,,,,,,,,,,,,,,,,Other,single,1,OTHER,single,1,,,,,,,7,single,1,COOK,single,1,CHI,single,1,HOSPITAL,single,1,,,,,,,CHI,single,1,7/13/2006,single,1,,,,,,,,,,,,,,,,,,,,,,,,,,,,,,,,,,11/4/2010,single,1,,,,,,,,,,,,,,,,no,single,1
LPAPSAZ,detention,LA PALMA CORR CTR APSO,single,04021,"Pinal County, AZ",AZ,"5501 North La Palma Road, Eloy, AZ 85131",single,1,,,,,,,,,,,,,,,,IGSA,single,1,,,,,,,,,,9,single,1,Pinal,single,1,,,,,,,,,,,,,PHO,single,1,,,,,,,1800,single,1,yes,single,1,,,,,,,,,,Eloy Immigration Court (co-located — same ZIP),single,1,,,,,,,,,,,,,,,,,,,,,,,,,,,,,,,,,
LPLCCAZ,detention,LA PALMA CORRECTIONAL CENTER,single,04021,"Pinal County, AZ",AZ,"5501 North La Palma Road, Eloy, AZ 85131",single,1,,,,,,,,,,,,,,,,DIGSA,single,1,,,,,,,,,,9,single,1,Pinal,single,1,,,,,,,,,,,,,PHO,single,1,,,,,,,,,,yes,single,1,,,,,,,,,,Eloy Immigration Court (co-located — same ZIP),single,1,,,,,,,,,,,,,,,,,,,,,,,,,,,,,,,,,
LRAHOLD,detention,LITTLE ROCK HOLD ROOM,single,05119,"Pulaski County, AR",AR,"UNAVAILABLE, LITTLE ROCK, AR 72201",single,1,,,,,,,,,,,,,,,,Other,single,1,DMCP,single,1,,,,,,,8,single,1,PULASKI,single,1,FSA,single,1,HOLD,single,1,,,,,,,NOL,single,1,,,,,,,,,,no,single,1,,,,,,,,,,,,,,,,,,,,,,,,,,,,,,,,,,,,,,,,,,,yes,single,1
LRDHOLD,detention,LAREDO PROCESSING CENTER,conflict,48479,"Webb County, TX",TX,"4702 EAST SAUNDERS STREET, LAREDO, TX 78041",conflict,2,268.6,single,1,16.1,single,1,14.5,single,1,10.2,single,1,309.4,single,1,DIGSA,conflict,2,DMCP,single,1,55.5,single,1,,,,5,single,1,WEBB,single,1,LRD,single,1,HOLD,single,1,14.1,single,1,292,single,1,HLG,conflict,2,5/25/2011,single,1,Female/Male,single,1,,,,no,single,1,5.6,single,1,9.1,single,1,10.7,single,1,Laredo Immigration Court (co-located — same ZIP),single,1,Pass,single,1,2026-01-15,single,1,NDS 2025,single,1,ODO,single,1,6/12/2017,single,1,0.5,single,1,2.8,single,1,171.8,single,1,284.1,single,1,,,,yes,single,1
LRDICDF,detention,LAREDO PROCESSING CENTER,single,48479,"Webb County, TX",TX,"4702 EAST SAUNDERS STREET, LAREDO, TX 78041",single,1,,,,,,,,,,,,,,,,USMS IGA,single,1,DMCP,single,1,,,,400,single,1,5,single,1,WEBB,single,1,LRD,single,1,,,,,,,,,,SNA,single,1,6/20/1983,single,1,,,,,,,yes,single,1,,,,,,,,,,Laredo Immigration Court (co-located — same ZIP),single,1,,,,,,,,,,,,,11/4/2017,single,1,,,,,,,,,,,,,,,,yes,single,1
LRKNHFL,detention,LARKIN HOSPITAL,single,12086,"Miami-Dade County, FL",FL,"6129 SW 70TH ST, SOUTH MIAMI, FL 33143",single,1,,,,,,,,,,,,,,,,Other,single,1,OTHER,single,1,,,,,,,11,single,1,MIAMI-DADE,single,1,KRO,single,1,HOSPITAL,single,1,,,,,,,MIA,single,1,3/18/2009,single,1,,,,,,,,,,,,,,,,,,,,,,,,,,,,,,,,,,11/4/2017,single,1,,,,,,,,,,,,,,,,no,single,1
LSFHOLD,detention,LOS FRESNOS HOLD ROOM,single,48061,"Cameron County, TX",TX,"UNAVAILABLE, LOS FRESNOS, TX 78566",single,1,,,,,,,,,,,,,,,,Other,single,1,DMCP,single,1,,,,,,,5,single,1,CAMERON,single,1,PIC,single,1,HOLD,single,1,,,,,,,SNA,single,1,6/12/2000,single,1,,,,,,,no,single,1,,,,,,,,,,Port Isabel Immigration Court (co-located — same ZIP),single,1,,,,,,,,,,,,,3/15/2016,single,1,,,,,,,,,,,,,,,,yes,single,1
LSHOSMA,detention,LEMUEL SHATTUCK HOSPITAL,single,25021|25025,"Suffolk County, MA|Norfolk County, MA",MA,"170 MORTON STREET, JAMAICA PLAIN, MA 02130",single,1,,,,,,,,,,,,,,,,Other,single,1,OTHER,single,1,,,,,,,1,single,1,SUFFOLK,single,1,BOS,single,1,HOSPITAL,single,1,,,,,,,BOS,single,1,4/14/1994,single,1,,,,,,,,,,,,,,,,,,,,,,,,,,,,,,,,,,8/7/2016,single,1,,,,,,,,,,,,,,,,no,single,1
LSRDCTX,detention,LA SALLE COUNTY REGIONAL DETENTION CENTER,converged,48283|48479,"Webb County, TX|La Salle County, TX",TX,"832 EAST TEXAS STATE HIGHWAY 44, ENCINAL, TX 78019",conflict,3,138.3,single,1,8,single,1,0.7,single,1,0,single,1,147,single,1,USMS IGA,converged,2,DMCP,single,1,55.4,single,1,250,single,1,5,single,1,LA SALLE,single,1,LRD,single,1,,,,0.1,single,1,0.3,single,1,SNA,converged,3,6/10/2011,single,1,Male,single,1,,,,yes,single,1,1.4,single,1,1.6,single,1,14.2,single,1,,,,,,,2026-01-08,single,1,FPBDS,single,1,,,,11/4/2017,single,1,11.1,single,1,135.5,single,1,86.3,single,1,129.9,single,1,(956) 948-5193,single,1,yes,single,1
LTVHOLD,detention,"LORTON, VA HOLD ROOM",single,51013|51059|51107|51510,"Fairfax County, VA|Arlington County, VA|Alexandria city, VA|Loudoun County, VA",VA,"Fairfax, VA 20598",single,1,,,,,,,,,,,,,,,,Other,single,1,,,,,,,,,,4,single,1,Fairfax,single,1,,,,HOLD,single,1,,,,,,,WAS,single,1,,,,,,,,,,no,single,1,,,,,,,,,,,,,,,,,,,,,,,,,,,,,,,,,,,,,,,,,,,,,
LUBBOTX,detention,LUBBOCK COUNTY DETENTION CENTER,converged,48303,"Lubbock County, TX",TX,"811 MAIN STREET, LUBBOCK, TX 79401",converged,2,1.8,single,1,0.3,single,1,0.2,single,1,0.1,single,1,2.4,single,1,USMS IGA,converged,2,DMCP,single,1,1.4,single,1,15,single,1,5,single,1,LUBBOCK,single,1,LBK,single,1,,,,0,single,1,0.2,single,1,DAL,converged,2,1/2/2007,single,1,Female/Male,single,1,,,,no,single,1,0.1,single,1,0.2,single,1,0.2,single,1,,,,Pass,single,1,2026-03-19,single,1,FPBDS,single,1,ODO OASIP,single,1,10/30/2017,single,1,0.3,single,1,1.9,single,1,1.1,single,1,2,single,1,,,,yes,single,1
LUFKNTX,detention,LUFKIN POLICE DEPARTMENT,single,48005,"Angelina County, TX",TX,"300 E. SHEPHERD STREET, LUFKIN, TX 75901",single,1,,,,,,,,,,,,,,,,Other,single,1,DMCP,single,1,,,,,,,5,single,1,ANGELINA,single,1,,,,,,,,,,,,,HOU,single,1,,,,,,,,,,,,,,,,,,,,,,,,,,,,,,,,,,,,,,,,,,,,,,,,,,,,,,,yes,single,1
LUNCONM,detention,LUNA COUNTY DETENTION CENTER,single,35029,"Luna County, NM",NM,"1700 4TH STREET NORTHEAST, DEMING, NM 88030",single,1,,,,,,,,,,,,,,,,IGSA,single,1,DMCP,single,1,,,,,,,10,single,1,LUNA,single,1,EPC,single,1,,,,,,,,,,ELP,single,1,8/15/1997,single,1,,,,,,,no,single,1,,,,,,,,,,,,,,,,,,,,,,,,,6/3/2011,single,1,,,,,,,,,,,,,,,,yes,single,1
LVGCINV,detention,LAS VEGAS CITY JAIL,single,32003,"Clark County, NV",NV,"LAS VEGAS CITY JAIL, LAS VEGAS, NV 89101",single,1,,,,,,,,,,,,,,,,IGSA,single,1,DMCP,single,1,,,,,,,9,single,1,CLARK,single,1,LVG,single,1,,,,,,,,,,SLC,single,1,6/1/1991,single,1,,,,,,,,,,,,,,,,,,,,,,,,,,,,,,,,,,1/26/2005,single,1,,,,,,,,,,,,,,,,yes,single,1
LVGHOLD,detention,LAS VEGAS HOLD ROOM,single,32003,"Clark County, NV",NV,"3373 PEPPER LANE, LAS VEGAS, NV 89120",single,1,,,,,,,,,,,,,,,,Other,single,1,DMCP,single,1,,,,,,,9,single,1,CLARK,single,1,LVG,single,1,HOLD,single,1,,,,,,,SLC,single,1,10/22/2008,single,1,,,,,,,no,single,1,,,,,,,,,,,,,,,,,,,,,,,,,10/29/2017,single,1,,,,,,,,,,,,,,,,yes,single,1
LYOLAIL,detention,LOYOLA CENTER FOR HEALTH,single,17031,"Cook County, IL",IL,"1211 W ROOSEVELT RD, MAYWOOD, IL 60153",single,1,,,,,,,,,,,,,,,,Other,single,1,OTHER,single,1,,,,,,,7,single,1,COOK,single,1,,,,HOSPITAL,single,1,,,,,,,CHI,single,1,12/6/2016,single,1,,,,,,,,,,,,,,,,,,,,,,,,,,,,,,,,,,10/12/2017,single,1,,,,,,,,,,,,,,,,no,single,1
LYONCMN,detention,LYON COUNTY JAIL,single,27083|27127,"Lyon County, MN|Redwood County, MN",MN,"611 WEST MAIN ST., MARSHALL, MN 56258",single,1,,,,,,,,,,,,,,,,IGSA,single,1,DMCP,single,1,,,,,,,8,single,1,LYON,single,1,SPM,single,1,,,,,,,,,,SPM,single,1,7/16/1996,single,1,,,,,,,,,,,,,,,,,,,,,,,,,,,,,,,,,,2/22/2004,single,1,,,,,,,,,,,,,,,,yes,single,1
LYONJIA,detention,LYON COUNTY JAIL,single,19119,"Lyon County, IA",IA,"410 SOUTH BOONE STREET, ROCK RAPIDS, IA 51246",single,1,,,,,,,,,,,,,,,,IGSA,single,1,DMCP,single,1,,,,,,,8,single,1,LYON,single,1,OMA,single,1,,,,,,,,,,SPM,single,1,3/30/1998,single,1,,,,,,,,,,,,,,,,,,,,,,,,,,,,,,,,,,1/6/2003,single,1,,,,,,,,,,,,,,,,yes,single,1
MABSHOS,detention,BRIDGEWATER STATE HOSPITAL,single,25023,"Plymouth County, MA",MA,"BRIDGEWATER STATE HOSPITAL, BRIDGEWATER, MA 02324",single,1,,,,,,,,,,,,,,,,Other,single,1,OTHER,single,1,,,,,,,1,single,1,PLYMOUTH,single,1,BOS,single,1,HOSPITAL,single,1,,,,,,,BOS,single,1,11/9/2000,single,1,,,,,,,,,,,,,,,,,,,,,,,,,,,,,,,,,,6/11/2015,single,1,,,,,,,,,,,,,,,,no,single,1
MACCOMI,detention,MACOMB COUNTY JAIL,single,26099,"Macomb County, MI",MI,"43565 ELIZABETH ROAD, MOUNT CLEMENS, MI 48043",single,1,,,,,,,,,,,,,,,,USMS IGA,single,1,DMCP,single,1,,,,,,,6,single,1,MACOMB,single,1,DET,single,1,,,,,,,,,,DET,single,1,10/29/1990,single,1,,,,,,,yes,single,1,,,,,,,,,,,,,,,,,,,,,,,,,10/13/2011,single,1,,,,,,,,,,,,,,,,yes,single,1
MACONIL,detention,MACON COUNTY JUVENILE FACILITY,single,17115,"Macon County, IL",IL,"333 S. FRANKLIN, DECATUR, IL 62523",single,1,,,,,,,,,,,,,,,,IGSA,single,1,JFRMU,single,1,,,,,,,7,single,1,MACON,single,1,CHI,single,1,JUVENILE,single,1,,,,,,,CHI,single,1,8/17/1990,single,1,,,,,,,,,,,,,,,,,,,,,,,,,,,,,,,,,,8/24/1992,single,1,,,,,,,,,,,,,,,,no,single,1
MADISIA,detention,MADISON COUNTY JAIL,single,19001|19121,"Madison County, IA|Adair County, IA",IA,"1012 NORTH 1ST STREET, WINTERSET, IA 50273",single,1,,,,,,,,,,,,,,,,IGSA,single,1,DMCP,single,1,,,,,,,8,single,1,MADISON,single,1,OMA,single,1,,,,,,,,,,SPM,single,1,4/10/2000,single,1,,,,,,,,,,,,,,,,,,,,,,,,,,,,,,,,,,10/2/2002,single,1,,,,,,,,,,,,,,,,yes,single,1
MADISID,detention,MADISON COUNTY JAIL,single,16043|16065,"Madison County, ID|Fremont County, ID",ID,"15 NORTH 2ND STREET EAST, REXBURG, ID 83440",single,1,,,,,,,,,,,,,,,,IGSA,single,1,DMCP,single,1,,,,,,,9,single,1,MADISON,single,1,BOI,single,1,,,,,,,,,,SLC,single,1,3/20/1998,single,1,,,,,,,no,single,1,,,,,,,,,,,,,,,,,,,,,,,,,8/19/2012,single,1,,,,,,,,,,,,,,,,yes,single,1
MADISLA,detention,MADISON PARISH DET CENTER,single,22035|22065|22107,"Madison Parish, LA|Tensas Parish, LA|East Carroll Parish, LA",LA,"RT 3 BOX 3, TALLULAH, LA 71282",single,1,,,,,,,,,,,,,,,,IGSA,single,1,DMCP,single,1,,,,,,,5,single,1,MADISON,single,1,NOL,single,1,,,,,,,,,,NOL,single,1,3/2/2004,single,1,,,,,,,,,,,,,,,,,,,,,,,,,,,,,,,,,,3/3/2004,single,1,,,,,,,,,,,,,,,,yes,single,1
MADISMS,detention,MADISON COUNTY JAIL,conflict,28089,"Madison County, MS",MS,"2935 HIGHWAY 51, CANTON, MS 39046",converged,2,5.3,single,1,0.9,single,1,0.4,single,1,0.6,single,1,7.2,single,1,USMS IGA,conflict,2,DMCP,single,1,1.8,single,1,,,,5,single,1,MADISON,single,1,NOL,single,1,,,,0,single,1,1,single,1,NOL,converged,2,12/9/1992,single,1,Female/Male,single,1,,,,no,single,1,0.6,single,1,0.3,single,1,0.4,single,1,,,,Pass,single,1,Scheduled FY26,single,1,NDS 2019,single,1,ODO,single,1,11/11/2004,single,1,1.1,single,1,5.2,single,1,4.6,single,1,5.9,single,1,,,,yes,single,1
MADISNE,detention,MADISON COUNTY JAIL,single,31119|31141|31167,"Madison County, NE|Stanton County, NE|Platte County, NE",NE,"CLARA DAVIS DR, MADISON, NE 68748",single,1,,,,,,,,,,,,,,,,IGSA,single,1,DMCP,single,1,,,,,,,8,single,1,MADISON,single,1,OMA,single,1,,,,,,,,,,SPM,single,1,4/10/1996,single,1,,,,,,,yes,single,1,,,,,,,,,,,,,,,,,,,,,,,,,6/20/2007,single,1,,,,,,,,,,,,,,,,yes,single,1
MADISNY,detention,MADISON COUNTY JAIL,single,36053,"Madison County, NY",NY,"138 NORTH COURT STREET, WAMPSVILLE, NY 13163",single,1,,,,,,,,,,,,,,,,USMS IGA,single,1,DMCP,single,1,,,,1,single,1,2,single,1,MADISON,single,1,BUF,single,1,,,,,,,,,,BUF,single,1,10/24/1987,single,1,,,,,,,yes,single,1,,,,,,,,,,,,,,,,,,,,,,,,,9/15/2013,single,1,,,,,,,,,,,,,,,,yes,single,1
MAHONOH,detention,MAHONING COUNTY JAIL,conflict,39099,"Mahoning County, OH",OH,"110 5TH AVE, YOUNGSTOWN, OH 44503",conflict,3,69,single,1,13.6,single,1,4.1,single,1,2.7,single,1,89.4,single,1,USMS IGA,conflict,2,DMCP,single,1,21.2,single,1,,,,6,single,1,MAHONING,single,1,CLE,single,1,,,,3.7,single,1,25.3,single,1,DET,converged,3,1/16/2004,single,1,Female/Male,single,1,,,,yes,single,1,5.5,single,1,5.1,single,1,10.7,single,1,,,,Pass,single,1,Scheduled FY26,single,1,,,,,,,4/29/2012,single,1,10.6,single,1,49.9,single,1,57.9,single,1,68.3,single,1,(330) 480-4950,single,1,yes,single,1
MALHCOR,detention,MALHEUR COUNTY JAIL,single,41045,"Malheur County, OR",OR,"251 B STREET, VALE, OR 97918",single,1,,,,,,,,,,,,,,,,IGSA,single,1,DMCP,single,1,,,,,,,9,single,1,MALHEUR,single,1,POO,single,1,,,,,,,,,,SEA,single,1,6/14/1999,single,1,,,,,,,,,,,,,,,,,,,,,,,,,,,,,,,,,,2/7/2001,single,1,,,,,,,,,,,,,,,,yes,single,1
MANATFL,detention,MANATEE COUNTY DETENTION-ANNEX,single,12081,"Manatee County, FL",FL,"11490 HARLEE RD., PALMETTO, FL 34221",single,1,,,,,,,,,,,,,,,,IGSA,single,1,DMCP,single,1,,,,,,,11,single,1,MANATEE,single,1,TAM,single,1,,,,,,,,,,MIA,single,1,3/18/1993,single,1,,,,,,,yes,single,1,,,,,,,,,,,,,,,,,,,,,,,,,10/28/2004,single,1,,,,,,,,,,,,,,,,yes,single,1
MANHOLD,detention,MANCHESTER HOLDROOM,single,33011,"Hillsborough County, NH",NH,"811 CANAL STREET, MANCHESTER, NH 03101",single,1,,,,,,,,,,,,,,,,Other,single,1,DMCP,single,1,,,,,,,1,single,1,HILLSBOROUGH,single,1,MAN,single,1,HOLD,single,1,,,,,,,BOS,single,1,1/10/2011,single,1,,,,,,,no,single,1,,,,,,,,,,,,,,,,,,,,,,,,,8/29/2017,single,1,,,,,,,,,,,,,,,,yes,single,1
MANSFTX,detention,MANSFIELD LAW ENFORCEMENT CENTER,single,48139|48251|48439,"Tarrant County, TX|Johnson County, TX|Ellis County, TX",TX,"1601 HERITAGE PARKWAY, MANSFIELD, TX 76063",single,1,,,,,,,,,,,,,,,,IGSA,single,1,DMCP,single,1,,,,,,,5,single,1,TARRANT,single,1,KAN,single,1,,,,,,,,,,DAL,single,1,7/24/1998,single,1,,,,,,,,,,,,,,,,,,,,,,,,,,,,,,,,,,2/9/2004,single,1,,,,,,,,,,,,,,,,yes,single,1
MAPLEOH,detention,MAPLE HEIGHTS CITY JAIL,single,39035,"Cuyahoga County, OH",OH,"5373 LEE ROAD, MAPLE HEIGHTS, OH 44137",single,1,,,,,,,,,,,,,,,,USMS IGA,single,1,DMCP,single,1,,,,,,,6,single,1,SUMMIT,single,1,CLE,single,1,,,,,,,,,,DET,single,1,12/16/1999,single,1,,,,,,,yes,single,1,,,,,,,,,,,,,,,,,,,,,,,,,3/30/2011,single,1,,,,,,,,,,,,,,,,yes,single,1
MARICOR,detention,MARION COUNTY JAIL,single,41047,"Marion County, OR",OR,"4000 AUMSVILLE HIGHWAY SE, SALEM, OR 97301",single,1,,,,,,,,,,,,,,,,IGSA,single,1,DMCP,single,1,,,,,,,9,single,1,MARION,single,1,POO,single,1,,,,,,,,,,SEA,single,1,6/21/1990,single,1,,,,,,,no,single,1,,,,,,,,,,,,,,,,,,,,,,,,,1/17/2008,single,1,,,,,,,,,,,,,,,,yes,single,1
MARINCA,detention,MARIN COUNTY,single,06041,"Marin County, CA",CA,"3 PETER BEHR DRIVE, SAN RAFAEL, CA 94903",single,1,,,,,,,,,,,,,,,,IGSA,single,1,DMCP,single,1,,,,,,,9,single,1,MARIN,single,1,SFR,single,1,,,,,,,,,,SFR,single,1,4/29/1997,single,1,,,,,,,,,,,,,,,,,,,,,,,,,,,,,,,,,,11/28/2002,single,1,,,,,,,,,,,,,,,,yes,single,1
MARIOIN,detention,MARION COUNTY JAIL,single,18097,"Marion County, IN",IN,"40 SOUTH ALABAMA STREET, INDIANAPOLIS, IN 46204",single,1,,,,,,,,,,,,,,,,USMS IGA,single,1,DMCP,single,1,,,,5,single,1,7,single,1,MARION,single,1,CHI,single,1,,,,,,,,,,CHI,single,1,12/22/1993,single,1,,,,,,,no,single,1,,,,,,,,,,Indianapolis Immigration Court (co-located — same ZIP),single,1,,,,,,,,,,,,,11/4/2017,single,1,,,,,,,,,,,,,,,,yes,single,1
MARSHIA,detention,MARSHALL COUNTY JAIL,single,19127|19171,"Marshall County, IA|Tama County, IA",IA,"2369 JESSUP AVENUE, MARSHALLTOWN, IA 50158",single,1,,,,,,,,,,,,,,,,USMS IGA,single,1,DMCP,single,1,,,,35,single,1,8,single,1,MARSHALL,single,1,OMA,single,1,,,,,,,,,,SPM,single,1,2/6/1992,single,1,,,,,,,yes,single,1,,,,,,,,,,,,,,,,,,,,,,,,,11/4/2017,single,1,,,,,,,,,,,,,,,,yes,single,1
MARSHMN,detention,MARSHAL COUNTY JAIL,single,27089|27119,"Marshall County, MN|Polk County, MN",MN,"208 E. COLVIN AVE, WARRENTON, MN 56762",single,1,,,,,,,,,,,,,,,,Other,single,1,DMCP,single,1,,,,,,,8,single,1,MARSHALL,single,1,,,,,,,,,,,,,SPM,single,1,,,,,,,,,,,,,,,,,,,,,,,,,,,,,,,,,,,,,,,,,,,,,,,,,,,,,,,yes,single,1
MARTIFL,detention,MARTIN COUNTY JAIL,converged,12085,"Martin County, FL",FL,"800 SOUTHEAST MONTEREY ROAD, STUART, FL 34994",converged,2,2.7,single,1,0.3,single,1,2.3,single,1,1.4,single,1,6.7,single,1,USMS IGA,conflict,2,DMCP,single,1,2.8,single,1,,,,11,single,1,MARTIN,single,1,KRO,single,1,,,,0.3,single,1,1.7,single,1,MIA,converged,2,10/6/1993,single,1,Female/Male,single,1,68,single,1,,,,0.7,single,1,1.4,single,1,0.7,single,1,,,,Pass,single,1,2026-06-04,single,1,FPBDS,single,1,Preoccupancy,single,1,2/11/2014,single,1,1.8,single,1,2.9,single,1,3.8,single,1,4,single,1,,,,yes,single,1
MARTIWA,detention,MARTIN HALL JUVENILE,single,53043|53063,"Spokane County, WA|Lincoln County, WA",WA,"201 S PINE ST, MEDICAL LAKE, WA 99022",single,1,,,,,,,,,,,,,,,,IGSA,single,1,JFRMU,single,1,,,,,,,9,single,1,SPOKANE,single,1,SEA,single,1,JUVENILE,single,1,,,,,,,SEA,single,1,3/16/1998,single,1,,,,,,,,,,,,,,,,,,,,,,,,,,,,,,,,,,3/14/2004,single,1,,,,,,,,,,,,,,,,no,single,1
MASONWA,detention,MASON COUNTY JAIL,single,53045,"Mason County, WA",WA,"411 NORTH 4TH STREET, SHELTON, WA 98584",single,1,,,,,,,,,,,,,,,,IGSA,single,1,DMCP,single,1,,,,,,,9,single,1,MASON,single,1,SEA,single,1,,,,,,,,,,SEA,single,1,1/2/2003,single,1,,,,,,,,,,,,,,,,,,,,,,,,,,,,,,,,,,1/5/2003,single,1,,,,,,,,,,,,,,,,yes,single,1
MATEWKS,detention,TEWKSBURY STATE HOSPITAL,single,25009|25017,"Middlesex County, MA|Essex County, MA",MA,"918 MAIN STREET, TEWKSBURY, MA 01876",single,1,,,,,,,,,,,,,,,,Other,single,1,OTHER,single,1,,,,,,,1,single,1,MIDDLESEX,single,1,BOS,single,1,HOSPITAL,single,1,,,,,,,BOS,single,1,1/20/2009,single,1,,,,,,,,,,,,,,,,,,,,,,,,,,,,,,,,,,3/5/2009,single,1,,,,,,,,,,,,,,,,no,single,1
MATSHOS,detention,TAUNTON STATE HOSPITAL,single,25005,"Bristol County, MA",MA,"23 SUMMER STREET, TAUNTON, MA 02780",single,1,,,,,,,,,,,,,,,,Other,single,1,OTHER,single,1,,,,,,,1,single,1,BRISTOL,single,1,BOS,single,1,HOSPITAL,single,1,,,,,,,BOS,single,1,5/26/2005,single,1,,,,,,,,,,,,,,,,,,,,,,,,,,,,,,,,,,10/2/2017,single,1,,,,,,,,,,,,,,,,no,single,1
MAVERTX,detention,MAVERICK COUNTY JAIL,single,48323,"Maverick County, TX",TX,"1051 BALBOA JONES BOULEVARD, EAGLE PASS, TX 78852",single,1,,,,,,,,,,,,,,,,IGSA,single,1,DMCP,single,1,,,,,,,5,single,1,MAVERICK,single,1,DLR,single,1,,,,,,,,,,SNA,single,1,3/4/1992,single,1,,,,,,,no,single,1,,,,,,,,,,,,,,,,,,,,,,,,,6/15/2015,single,1,,,,,,,,,,,,,,,,yes,single,1
MCCDCTX,detention,MCLENNAN COUNTY DETENTION CENTER,single,48309,"McLennan County, TX",TX,"520 COLUMBUS AVE, WACO, TX 76705",single,1,,,,,,,,,,,,,,,,USMS IGA,single,1,DMCP,single,1,,,,,,,5,single,1,MCLENNAN,single,1,WCT,single,1,,,,,,,,,,SNA,single,1,2/8/2005,single,1,,,,,,,no,single,1,,,,,,,,,,,,,,,,,,,,,,,,,4/10/2011,single,1,,,,,,,,,,,,,,,,yes,single,1
MCCLETX,detention,MCCLELLAN COUNTY JAIL,single,48309,"McLennan County, TX",TX,"501 WASHINGTON AVENUE, WACO, TX 76701",single,1,,,,,,,,,,,,,,,,IGSA,single,1,DMCP,single,1,,,,,,,5,single,1,MCLENNAN,single,1,SNA,single,1,,,,,,,,,,SNA,single,1,7/22/1999,single,1,,,,,,,yes,single,1,,,,,,,,,,,,,,,,,,,,,,,,,5/23/2013,single,1,,,,,,,,,,,,,,,,yes,single,1
MCESTAZ,detention,MARICOPA ESTRELLA - PHO,single,04013,"Maricopa County, AZ",AZ,"2939 WEST DURANGO, PHOENIX, AZ 85009",single,1,,,,,,,,,,,,,,,,USMS IGA,single,1,DMCP,single,1,,,,,,,9,single,1,MARICOPA,single,1,PHO,single,1,,,,,,,,,,PHO,single,1,3/9/1998,single,1,,,,,,,no,single,1,,,,,,,,,,,,,,,,,,,,,,,,,7/18/2000,single,1,,,,,,,,,,,,,,,,yes,single,1
MCFAJAZ,detention,MARICOPA COUNTY JAIL,single,04013,"Maricopa County, AZ",AZ,"201 SOUTH 4TH AVENUE, PHOENIX, AZ 85003",single,1,,,,,,,,,,,,,,,,USMS IGA,single,1,DMCP,single,1,,,,8,single,1,9,single,1,MARICOPA,single,1,PHO,single,1,,,,,,,,,,PHO,single,1,10/3/2007,single,1,,,,,,,no,single,1,,,,,,,,,,,,,,,,,,,,,,,,,9/12/2012,single,1,,,,,,,,,,,,,,,,yes,single,1
MCHENIL,detention,MCHENRY COUNTY CORRECTIONAL FACILITY,single,17111,"McHenry County, IL",IL,"2200 NORTH SEMINARY AVENUE, WOODSTOCK, IL 60098",single,1,,,,,,,,,,,,,,,,USMS IGA,single,1,DMCP,single,1,,,,250,single,1,7,single,1,MCHENRY,single,1,CHI,single,1,,,,,,,,,,CHI,single,1,12/24/1987,single,1,,,,,,,yes,single,1,,,,,,,,,,,,,,,,,,,,,,,,,11/4/2017,single,1,,,,,,,,,,,,,,,,yes,single,1
MCINTGA,detention,MCINTOSH COUNTY JAIL,single,13191,"McIntosh County, GA",GA,"714 HWY 251, DARIEN, GA 31305",single,1,,,,,,,,,,,,,,,,IGSA,single,1,DMCP,single,1,,,,,,,11,single,1,MCINTOSH,single,1,ATL,single,1,,,,,,,,,,ATL,single,1,8/9/2006,single,1,,,,,,,,,,,,,,,,,,,,,,,,,,,,,,,,,,8/14/2006,single,1,,,,,,,,,,,,,,,,yes,single,1
MCJUVOH,detention,MULTI COUNTY,single,39151,"Stark County, OH",OH,"815 FAIRCREST STREET SW, CANTON, OH 44706",single,1,,,,,,,,,,,,,,,,IGSA,single,1,JFRMU,single,1,,,,,,,6,single,1,STARK,single,1,CLE,single,1,JUVENILE,single,1,,,,,,,DET,single,1,9/26/1997,single,1,,,,,,,,,,,,,,,,,,,,,,,,,,,,,,,,,,8/1/2004,single,1,,,,,,,,,,,,,,,,no,single,1
MCKINNM,detention,MCKINLEY COUNTY ADULT DETENTION,single,35031,"McKinley County, NM",NM,"255 S. BOARDMAN, GALLUP, NM 87301",single,1,,,,,,,,,,,,,,,,IGSA,single,1,DMCP,single,1,,,,,,,10,single,1,MCKINLEY,single,1,ELP,single,1,,,,,,,,,,ELP,single,1,11/17/2003,single,1,,,,,,,no,single,1,,,,,,,,,,,,,,,,,,,,,,,,,6/3/2007,single,1,,,,,,,,,,,,,,,,yes,single,1
MCLBJAZ,detention,MARICOPA LOWER BUCKEYE JAIL- PHO,single,04013,"Maricopa County, AZ",AZ,"3250 W LOWER BUCKEYE RD, PHOENIX, AZ 85009",single,1,,,,,,,,,,,,,,,,USMS IGA,single,1,DMCP,single,1,,,,,,,9,single,1,MARICOPA,single,1,,,,,,,,,,,,,PHO,single,1,,,,,,,,,,no,single,1,,,,,,,,,,,,,,,,,,,,,,,,,,,,,,,,,,,,,,,,,,,yes,single,1
MCMADAZ,detention,MCSO MADISON FACILITY,single,04013,"Maricopa County, AZ",AZ,"225 W. MADISON, PHOENIX, AZ 85003",single,1,,,,,,,,,,,,,,,,USMS IGA,single,1,DMCP,single,1,,,,,,,9,single,1,MARICOPA,single,1,FLO,single,1,,,,,,,,,,PHO,single,1,7/3/1991,single,1,,,,,,,,,,,,,,,,,,,,,,,,,,,,,,,,,,12/2/2004,single,1,,,,,,,,,,,,,,,,yes,single,1
MCMEDAZ,detention,MARICOPA MEDICAL CENTER,single,04013,"Maricopa County, AZ",AZ,"P.O. BOX 29670, PHOENIX, AZ 85038",single,1,,,,,,,,,,,,,,,,Other,single,1,OTHER,single,1,,,,,,,9,single,1,MARICOPA,single,1,FLO,single,1,HOSPITAL,single,1,,,,,,,PHO,single,1,9/18/1997,single,1,,,,,,,,,,,,,,,,,,,,,,,,,,,,,,,,,,5/16/2013,single,1,,,,,,,,,,,,,,,,no,single,1
MCSPEAZ,detention,MCSO SPECIAL USE FACILITY,single,04013,"Maricopa County, AZ",AZ,"120 S. 1ST AVENUE, PHOENIX, AZ 85003",single,1,,,,,,,,,,,,,,,,USMS IGA,single,1,DMCP,single,1,,,,,,,9,single,1,MARICOPA,single,1,FLO,single,1,,,,,,,,,,PHO,single,1,10/1/1998,single,1,,,,,,,,,,,,,,,,,,,,,,,,,,,,,,,,,,10/8/1998,single,1,,,,,,,,,,,,,,,,yes,single,1
MCTOWAZ,detention,MARICOPA TOWERS - PHO,single,04013,"Maricopa County, AZ",AZ,"3127 W. GIBSON LANE, PHOENIX, AZ 85009",single,1,,,,,,,,,,,,,,,,USMS IGA,single,1,DMCP,single,1,,,,,,,9,single,1,MARICOPA,single,1,PHO,single,1,,,,,,,,,,PHO,single,1,11/20/1991,single,1,,,,,,,no,single,1,,,,,,,,,,,,,,,,,,,,,,,,,11/23/1999,single,1,,,,,,,,,,,,,,,,yes,single,1
MEADESD,detention,MEADE COUNTY,single,46081|46093,"Meade County, SD|Lawrence County, SD",SD,"1400 MAIN STREET, STURGIS, SD 57785",single,1,,,,,,,,,,,,,,,,IGSA,single,1,DMCP,single,1,,,,,,,8,single,1,MEADE,single,1,SPM,single,1,,,,,,,,,,SPM,single,1,4/28/1997,single,1,,,,,,,no,single,1,,,,,,,,,,,,,,,,,,,,,,,,,11/3/2008,single,1,,,,,,,,,,,,,,,,yes,single,1
MECKLN2,detention,MECKLENBURG COUNTY JAIL CENTRAL,single,37119,"Mecklenburg County, NC",NC,"801 EAST FOURTH ST, CHARLOTTE, NC 28202",single,1,,,,,,,,,,,,,,,,USMS IGA,single,1,DMCP,single,1,,,,,,,4,single,1,MECKLENBURG,single,1,CLT,single,1,,,,,,,,,,ATL,single,1,,,,,,,,,,no,single,1,,,,,,,,,,,,,,,,,,,,,,,,,,,,,,,,,,,,,,,,,,,yes,single,1
MECKLNC,detention,MECKLENBURG COUNTY DETENTION CENTER NORTH,single,37119,"Mecklenburg County, NC",NC,"5234 SPECTOR DRIVE, CHARLOTTE, NC 28202",single,1,,,,,,,,,,,,,,,,USMS IGA,single,1,DMCP,single,1,,,,,,,4,single,1,MECKLENBURG,single,1,CLT,single,1,,,,,,,,,,ATL,single,1,3/15/1988,single,1,,,,,,,no,single,1,,,,,,,,,,,,,,,,,,,,,,,,,11/4/2017,single,1,,,,,,,,,,,,,,,,yes,single,1
MEDHOLD,detention,MEDFORD SUB-OFFICE,single,41029,"Jackson County, OR",OR,"310 WEST 6TH STREET, MEDFORD, OR 97501",single,1,,,,,,,,,,,,,,,,Other,single,1,DMCP,single,1,,,,,,,9,single,1,JACKSON,single,1,MED,single,1,HOLD,single,1,,,,,,,SEA,single,1,10/16/1995,single,1,,,,,,,no,single,1,,,,,,,,,,,,,,,,,,,,,,,,,2/25/2013,single,1,,,,,,,,,,,,,,,,yes,single,1
MEDINOH,detention,MEDINA COUNTY JAIL,single,39093|39103|39153,"Medina County, OH|Lorain County, OH|Summit County, OH",OH,"555 INDEPENDENCE DRIVE, MEDINA, OH 44256",single,1,,,,,,,,,,,,,,,,IGSA,single,1,DMCP,single,1,,,,,,,6,single,1,MEDINA,single,1,CLE,single,1,,,,,,,,,,DET,single,1,3/12/1999,single,1,,,,,,,,,,,,,,,,,,,,,,,,,,,,,,,,,,11/11/2002,single,1,,,,,,,,,,,,,,,,yes,single,1
MEDINTX,detention,MEDINA COUNTY JAIL,single,48325,"Medina County, TX",TX,"1101 15TH STREET, HONDO, TX 78861",single,1,,,,,,,,,,,,,,,,IGSA,single,1,DMCP,single,1,,,,,,,5,single,1,MEDINA,single,1,SNA,single,1,,,,,,,,,,SNA,single,1,5/13/1993,single,1,,,,,,,,,,,,,,,,,,,,,,,,,,,,,,,,,,3/4/2007,single,1,,,,,,,,,,,,,,,,yes,single,1
MEJUVTX,detention,MEDINA COUNTY JUVENILE CORRECTIONAL,single,48325,"Medina County, TX",TX,"2516 MCHAUGHTEN DR., HONDO, TX 78861",single,1,,,,,,,,,,,,,,,,IGSA,single,1,JFRMU,single,1,,,,,,,5,single,1,MEDINA,single,1,SNA,single,1,JUVENILE,single,1,,,,,,,SNA,single,1,5/18/1993,single,1,,,,,,,,,,,,,,,,,,,,,,,,,,,,,,,,,,2/21/2007,single,1,,,,,,,,,,,,,,,,no,single,1
MEMHOLD,detention,MEMPHIS HOLD ROOM,single,47157,"Shelby County, TN",TN,"842 VIRGINIA RUN COVE, MEMPHIS, TN 38122",single,1,,,,,,,,,,,,,,,,Other,single,1,DMCP,single,1,,,,,,,6,single,1,SHELBY,single,1,MEM,single,1,HOLD,single,1,,,,,,,NOL,single,1,4/2/2010,single,1,,,,,,,no,single,1,,,,,,,,,,,,,,,,,,,,,,,,,10/24/2017,single,1,,,,,,,,,,,,,,,,yes,single,1
MEMPHTN,detention,MEMPHIS/SHELBY COUNTY JUVENILE,single,47157,"Shelby County, TN",TN,"616 ADAMS AVENUE, MEMPHIS, TN 38105",single,1,,,,,,,,,,,,,,,,IGSA,single,1,JFRMU,single,1,,,,,,,6,single,1,SHELBY,single,1,NOL,single,1,JUVENILE,single,1,,,,,,,NOL,single,1,4/18/1987,single,1,,,,,,,,,,,,,,,,,,,,,,,,,,,,,,,,,,11/1/2006,single,1,,,,,,,,,,,,,,,,no,single,1
MENMJUV,detention,NORTHERN MAINE JUVENILE DETENTION,single,23019,"Penobscot County, ME",ME,"1182 DOVER ROAD, CHARLESTON, ME 04422",single,1,,,,,,,,,,,,,,,,IGSA,single,1,JFRMU,single,1,,,,,,,1,single,1,PENOBSCOT,single,1,POM,single,1,JUVENILE,single,1,,,,,,,BOS,single,1,6/18/2003,single,1,,,,,,,,,,,,,,,,,,,,,,,,,,,,,,,,,,8/21/2006,single,1,,,,,,,,,,,,,,,,no,single,1
MERCECA,detention,MERCED COUNTY JAIL,single,06047,"Merced County, CA",CA,"P.O. BOX 2267, MERCED, CA 95344",single,1,,,,,,,,,,,,,,,,IGSA,single,1,DMCP,single,1,,,,,,,9,single,1,MERCED,single,1,SFR,single,1,,,,,,,,,,SFR,single,1,,,,,,,,,,,,,,,,,,,,,,,,,,,,,,,,,,,,,,,,,,,,,,,,,,,,,,,yes,single,1
MERCEIL,detention,MERCER COUNTY CORRECTIONS,single,17131,"Mercer County, IL",IL,"309 S College Ave, Aledo, IL 61231",single,1,,,,,,,,,,,,,,,,Other,single,1,,,,,,,,,,7,single,1,Mercer,single,1,,,,?,single,1,,,,,,,CHI,single,1,,,,,,,,,,no,single,1,,,,,,,,,,,,,,,,,,,,,,,,,,,,,,,,,,,,,,,,,,,,,
MERCEPA,detention,MERCER COUNTY,single,42085,"Mercer County, PA",PA,"55 THOMPSON ROAD, MERCER, PA 16137",single,1,,,,,,,,,,,,,,,,IGSA,single,1,DMCP,single,1,,,,,,,3,single,1,MERCER,single,1,PIT,single,1,,,,,,,,,,PHI,single,1,5/11/2004,single,1,,,,,,,no,single,1,,,,,,,,,,,,,,,,,,,,,,,,,7/17/2008,single,1,,,,,,,,,,,,,,,,yes,single,1
MERRINH,detention,MERRIMACK COUNTY JAIL,single,33013,"Merrimack County, NH",NH,"326 DANIEL WEBSTER HIGHWAY, BOSCAWAN, NH 03301",single,1,,,,,,,,,,,,,,,,IGSA,single,1,DMCP,single,1,,,,,,,1,single,1,MERRIMACK,single,1,BOS,single,1,,,,,,,,,,BOS,single,1,9/22/1994,single,1,,,,,,,,,,,,,,,,,,,,,,,,,,,,,,,,,,9/9/2003,single,1,,,,,,,,,,,,,,,,yes,single,1
MESJACO,detention,MESA COUNTY JAIL,single,08077,"Mesa County, CO",CO,"215 RICE STREET, GRAND JUNCTION, CO 81501",single,1,,,,,,,,,,,,,,,,USMS IGA,single,1,DMCP,single,1,,,,5,single,1,10,single,1,MESA,single,1,DEN,single,1,,,,,,,,,,DEN,single,1,11/1/1990,single,1,,,,,,,no,single,1,,,,,,,,,,,,,,,,,,,,,,,,,4/14/2014,single,1,,,,,,,,,,,,,,,,yes,single,1
METROFL,detention,METRO DADE JAIL,single,12086,"Miami-Dade County, FL",FL,"5680 SOUTHWEST 87TH AVENUE, MIAMI, FL 33173",single,1,,,,,,,,,,,,,,,,IGSA,single,1,DMCP,single,1,,,,,,,11,single,1,MIAMI-DADE,single,1,KRO,single,1,,,,,,,,,,MIA,single,1,10/8/1988,single,1,,,,,,,,,,,,,,,,,,,,,,,,,,,,,,,,,,9/18/2008,single,1,,,,,,,,,,,,,,,,yes,single,1
MEYTHCT,detention,MAINE YOUTH CENTER - LONG CREEK,single,23005,"Cumberland County, ME",ME,"675 WESTBROOK ST., SOUTH PORTLAND, ME 04106",single,1,,,,,,,,,,,,,,,,IGSA,single,1,JFRMU,single,1,,,,,,,1,single,1,CUMBERLAND,single,1,POM,single,1,JUVENILE,single,1,,,,,,,BOS,single,1,5/2/2001,single,1,,,,,,,no,single,1,,,,,,,,,,,,,,,,,,,,,,,,,9/30/2017,single,1,,,,,,,,,,,,,,,,no,single,1
MGAHOLD,detention,MONTGOMERY HOLD ROOM,single,01101,"Montgomery County, AL",AL,"UNAVAILABLE, MONTGOMERY, AL 36191",single,1,,,,,,,,,,,,,,,,Other,single,1,DMCP,single,1,,,,,,,11,single,1,MONTGOMERY,single,1,MGA,single,1,HOLD,single,1,,,,,,,NOL,single,1,,,,,,,,,,no,single,1,,,,,,,,,,,,,,,,,,,,,,,,,,,,,,,,,,,,,,,,,,,yes,single,1
MIAHOLD,detention,MIAMI DISTRICT,single,12086,"Miami-Dade County, FL",FL,"15665 BISCAYNE BOULEVARD, MIAMI, FL 33160",single,1,,,,,,,,,,,,,,,,Other,single,1,DMCP,single,1,,,,,,,11,single,1,MIAMI-DADE,single,1,TAM,single,1,HOLD,single,1,,,,,,,MIA,single,1,8/13/2004,single,1,,,,,,,no,single,1,,,,,,,,,,,,,,,,,,,,,,,,,11/4/2017,single,1,,,,,,,,,,,,,,,,yes,single,1
MICHIRE,detention,CHIPPEWA REGIONAL-KINCHLOE,single,26033,"Chippewa County, MI",MI,"4269 W M 80, KINCHELOE, MI 49788",single,1,,,,,,,,,,,,,,,,IGSA,single,1,DMCP,single,1,,,,,,,6,single,1,COUNTY,single,1,DET,single,1,,,,,,,,,,DET,single,1,,,,,,,,,,,,,,,,,,,,,,,,,,,,,,,,,,,,,,,,,,,,,,,,,,,,,,,yes,single,1
MIDBIMA,detention,MIDDLESEX COUNTY (BILLERICA),single,25017,"Middlesex County, MA",MA,"40 THORNDIKE STREET, CAMBRIDGE, MA 02141",single,1,,,,,,,,,,,,,,,,IGSA,single,1,DMCP,single,1,,,,,,,1,single,1,MIDDLESEX,single,1,BOS,single,1,,,,,,,,,,BOS,single,1,1/12/2009,single,1,,,,,,,,,,,,,,,,,,,,,,,,,,,,,,,,,,1/16/2009,single,1,,,,,,,,,,,,,,,,yes,single,1
MIDDLNJ,detention,MIDDLESEX COUNTY JAIL,single,34023,"Middlesex County, NJ",NJ,"APPLE ORCHARD ROAD, NORTH BRUNSWICK, NJ 08902",single,1,,,,,,,,,,,,,,,,IGSA,single,1,DMCP,single,1,,,,,,,3,single,1,MIDDLESEX,single,1,NEW,single,1,,,,,,,,,,NEW,single,1,6/12/1989,single,1,,,,,,,yes,single,1,,,,,,,,,,,,,,,,,,,,,,,,,10/28/2009,single,1,,,,,,,,,,,,,,,,yes,single,1
MIDLATX,detention,MIDLAND COUNTY DETENTION CENTER,single,48329,"Midland County, TX",TX,"115 W. INDUSTRIAL ROAD, MIDLAND, TX 79702",single,1,,,,,,,,,,,,,,,,USMS IGA,single,1,DMCP,single,1,,,,,,,5,single,1,MIDLAND,single,1,EPC,single,1,,,,,,,,,,ELP,single,1,7/7/2011,single,1,,,,,,,no,single,1,,,,,,,,,,,,,,,,,,,,,,,,,10/26/2017,single,1,,,,,,,,,,,,,,,,yes,single,1
MIJUVSD,detention,MINNEHAHA JUVENILE DETENTION CENTER,single,46083|46099,"Minnehaha County, SD|Lincoln County, SD",SD,"4200 WEST AVENUE, SIOUX FALLS, SD 57106",single,1,,,,,,,,,,,,,,,,IGSA,single,1,JFRMU,single,1,,,,,,,8,single,1,MINNEHAHA,single,1,SPM,single,1,JUVENILE,single,1,,,,,,,SPM,single,1,2/17/1997,single,1,,,,,,,,,,,,,,,,,,,,,,,,,,,,,,,,,,6/21/2006,single,1,,,,,,,,,,,,,,,,no,single,1
MILHOLD,detention,MILWAUKEE HOLDROOM,single,55079,"Milwaukee County, WI",WI,"310 E. KNAPP STREET, MILWAUKEE, WI 53201",single,1,,,,,,,,,,,,,,,,Other,single,1,DMCP,single,1,,,,,,,7,single,1,MILWAUKEE,single,1,CHI,single,1,HOLD,single,1,,,,,,,CHI,single,1,1/1/2011,single,1,,,,,,,no,single,1,,,,,,,,,,,,,,,,,,,,,,,,,10/11/2017,single,1,,,,,,,,,,,,,,,,yes,single,1
MILLRAR,detention,MILLER COUNTY JAIL,converged,05091,"Miller County, AR",AR,"2300 EAST STREET, TEXARKANA, AR 71854",converged,2,3.9,single,1,0.6,single,1,0.5,single,1,0.4,single,1,5.4,single,1,USMS IGA,converged,2,DMCP,single,1,2.1,single,1,13,single,1,8,single,1,MILLER,single,1,FSA,single,1,,,,0,single,1,0.3,single,1,NOL,converged,2,7/16/2003,single,1,Female/Male,single,1,,,,no,single,1,0.4,single,1,0.4,single,1,0.7,single,1,,,,Pass,single,1,Scheduled FY27,single,1,ORSA NDS 2019,single,1,ORSA,single,1,11/2/2017,single,1,1,single,1,4,single,1,3.6,single,1,3.9,single,1,,,,yes,single,1
MINERMT,detention,MINERAL COUNTY JAIL,single,30061,"Mineral County, MT",MT,"310 RIVER STREET, SUPERIOR, MT 59872",single,1,,,,,,,,,,,,,,,,IGSA,single,1,DMCP,single,1,,,,,,,9,single,1,MINERAL,single,1,HEL,single,1,,,,,,,,,,SLC,single,1,4/15/1997,single,1,,,,,,,,,,,,,,,,,,,,,,,,,,,,,,,,,,4/5/2009,single,1,,,,,,,,,,,,,,,,yes,single,1
MINICID,detention,MINICASSIA DETENTION CENTER,converged,16031|16067,"Cassia County, ID|Minidoka County, ID",ID,"1415 ALBION AVENUE, BURLEY, ID 83318",converged,2,2.1,single,1,0.9,single,1,0.2,single,1,0.4,single,1,3.6,single,1,USMS IGA,conflict,2,DMCP,single,1,2.9,single,1,,,,9,single,1,CASSIA,single,1,BOI,single,1,,,,0,single,1,0,single,1,SLC,converged,2,1/5/1992,single,1,Female/Male,single,1,,,,yes,single,1,0.4,single,1,0.7,single,1,1.2,single,1,,,,Fail,single,1,2024-07-25,single,1,NDS 2019,single,1,ODO,single,1,11/4/2017,single,1,1.2,single,1,2.3,single,1,1.7,single,1,1.2,single,1,,,,yes,single,1
MINNESD,detention,MINNEHAHA COUNTY JAIL,converged,46099,"Minnehaha County, SD",SD,"500 NORTH MINNESOTA AVENUE, SIOUX FALLS, SD 57104",converged,2,1.8,single,1,0.8,single,1,0.6,single,1,0.5,single,1,3.7,single,1,USMS IGA,converged,2,DMCP,single,1,2.2,single,1,,,,8,single,1,MINNEHAHA,single,1,SPM,single,1,,,,0,single,1,0.1,single,1,SPM,converged,2,4/7/1994,single,1,Female/Male,single,1,,,,yes,single,1,0.4,single,1,0.3,single,1,0.6,single,1,,,,Pass,single,1,2024-12-06,single,1,ORSA NDS 2019,single,1,ORSA,single,1,10/29/2017,single,1,0.9,single,1,2.6,single,1,2.1,single,1,2.5,single,1,,,,yes,single,1
MIRPNOG,detention,NOGALES PROCESSING CENTER,single,04023,"Santa Cruz County, AZ",AZ,"1500 W LA QUINTA AVE, NOGALES, AZ 85621",single,1,,,,,,,,,,,,,,,,MIRP,single,1,OTHER,single,1,,,,,,,9,single,1,SANTA CRUZ,single,1,FLO,single,1,,,,,,,,,,PHO,single,1,10/17/2007,single,1,,,,,,,,,,,,,,,,,,,,,,,,,,,,,,,,,,7/17/2014,single,1,,,,,,,,,,,,,,,,no,single,1
MIRPYUM,detention,YUMA BORDER PATROL STATION,single,04027,"Yuma County, AZ",AZ,"4030 SOUTH AVENUE A, YUMA, AZ 85364",single,1,,,,,,,,,,,,,,,,MIRP,single,1,OTHER,single,1,,,,,,,9,single,1,YUMA,single,1,FLO,single,1,,,,,,,,,,PHO,single,1,9/2/2008,single,1,,,,,,,,,,,,,,,,,,,,,,,,,,,,,,,,,,9/19/2008,single,1,,,,,,,,,,,,,,,,no,single,1
MISCOMO,detention,MISSISSIPPI COUNTY DETENTION CENTER,single,29133|29201,"Mississippi County, MO|Scott County, MO",MO,"200 WEST COMMERCIAL STREET, CHARLESTON, MO 63834",single,1,,,,,,,,,,,,,,,,IGSA,single,1,DMCP,single,1,,,,,,,8,single,1,MISSISSIPPI,single,1,STL,single,1,,,,,,,,,,CHI,single,1,11/24/1999,single,1,,,,,,,yes,single,1,,,,,,,,,,,,,,,,,,,,,,,,,3/25/2015,single,1,,,,,,,,,,,,,,,,yes,single,1
MISS557,detention,SEAL BEACH DETENTION CENTER,single,06059,"Orange County, CA",CA,"913 SEAL BEACH BLVD., SEAL BEACH, CA 90740",single,1,,,,,,,,,,,,,,,,IGSA,single,1,DMCP,single,1,,,,,,,9,single,1,ORANGE,single,1,,,,,,,,,,,,,LOS,single,1,,,,,,,,,,no,single,1,,,,,,,,,,,,,,,,,,,,,,,,,,,,,,,,,,,,,,,,,,,yes,single,1
MISSOMT,detention,MISSOULA COUNTY,single,30063,"Missoula County, MT",MT,"2340 MULLAN ROAD, MISSOULA, MT 59808",single,1,,,,,,,,,,,,,,,,IGSA,single,1,DMCP,single,1,,,,,,,9,single,1,MISSOULA,single,1,HEL,single,1,,,,,,,,,,SLC,single,1,2/24/1993,single,1,,,,,,,yes,single,1,,,,,,,,,,,,,,,,,,,,,,,,,8/27/2015,single,1,,,,,,,,,,,,,,,,yes,single,1
MIWPRPH,detention,WALTER REUTHER PSYCHIATRIC CENTER,single,26163,"Wayne County, MI",MI,"30901 PALMER ROAD, WESTLAND, MI 48186",single,1,,,,,,,,,,,,,,,,Other,single,1,OTHER,single,1,,,,,,,6,single,1,COUNTY,single,1,,,,HOSPITAL,single,1,,,,,,,DET,single,1,11/15/2013,single,1,,,,,,,,,,,,,,,,,,,,,,,,,,,,,,,,,,2/11/2014,single,1,,,,,,,,,,,,,,,,no,single,1
MLDHOLD,detention,MIDLAND TX ERO HOLDROOM,single,48329,"Midland County, TX",TX,"400 S. MAIN STREET, MIDLAND, TX 79701",single,1,,,,,,,,,,,,,,,,Other,single,1,DMCP,single,1,,,,,,,5,single,1,MIDLAND,single,1,PCS,single,1,HOLD,single,1,,,,,,,ELP,single,1,2/20/2013,single,1,,,,,,,no,single,1,,,,,,,,,,,,,,,,,,,,,,,,,8/20/2017,single,1,,,,,,,,,,,,,,,,yes,single,1
MLJHOLD,detention,MOUNT LAUREL HOLD ROOM,single,,,NJ,"Mount Laurel, NJ 8054",single,1,,,,,,,,,,,,,,,,Other,single,1,,,,,,,,,,3,single,1,Burlington,single,1,,,,HOLD,single,1,,,,,,,NEW,single,1,,,,,,,,,,no,single,1,,,,,,,,,,,,,,,,,,,,,,,,,,,,,,,,,,,,,,,,,,,,,
MNCFRUS,detention,MINNESOTA CORRECTIONAL FACILITY (RUSH CITY),single,27025|27115,"Chisago County, MN|Pine County, MN",MN,"7600 525TH STREET, RUSH CITY, MN 55069",single,1,,,,,,,,,,,,,,,,IGSA,single,1,DMCP,single,1,,,,,,,8,single,1,CHISAGO,single,1,SPM,single,1,,,,,,,,,,SPM,single,1,3/1/2000,single,1,,,,,,,yes,single,1,,,,,,,,,,,,,,,,,,,,,,,,,6/1/2005,single,1,,,,,,,,,,,,,,,,yes,single,1
MNCFSTW,detention,MINNESOTA CORRECTIONAL FACILITY (STILLWATER),single,27163,"Washington County, MN",MN,"5329 OSGOOD, STILLWATER, MN 55082",single,1,,,,,,,,,,,,,,,,IGSA,single,1,DMCP,single,1,,,,,,,8,single,1,WASHINGTON,single,1,SPM,single,1,,,,,,,,,,SPM,single,1,6/13/1980,single,1,,,,,,,,,,,,,,,,,,,,,,,,,,,,,,,,,,11/7/2002,single,1,,,,,,,,,,,,,,,,yes,single,1
MNCOAKC,detention,MINNESOTA CORRECTIONAL FACILITY (OAK PARK HEIGHTS),single,27163,"Washington County, MN",MN,"BOX 10, STILLWATER, MN 55082",single,1,,,,,,,,,,,,,,,,IGSA,single,1,DMCP,single,1,,,,,,,8,single,1,WASHINGTON,single,1,SPM,single,1,,,,,,,,,,SPM,single,1,8/4/1995,single,1,,,,,,,,,,,,,,,,,,,,,,,,,,,,,,,,,,12/22/2008,single,1,,,,,,,,,,,,,,,,yes,single,1
MNROEMI,detention,Monroe County Jail,conflict,26115,"Monroe County, MI",MI,"7000 East Dunbar Road, Monroe, MI 48161",conflict,2,,,,,,,,,,,,,,,,IGSA,single,1,DMCP,single,1,,,,,,,6,single,1,MONROE,single,1,DET,single,1,,,,,,,,,,DET,converged,2,11/8/2013,single,1,,,,,,,no,single,1,,,,,,,,,,,,,,,,,,,,,,,,,9/13/2017,single,1,,,,,,,,,,,,,(313) 771-6601,single,1,yes,single,1
MNTGMAL,detention,MONTGOMERY CITY JAIL,single,01101,"Montgomery County, AL",AL,"320 NORTH RIPLEY STREET, MONTGOMERY, AL 36104",single,1,,,,,,,,,,,,,,,,IGSA,single,1,DMCP,single,1,,,,,,,11,single,1,MONTGOMERY,single,1,MGA,single,1,,,,,,,,,,NOL,single,1,5/26/2011,single,1,,,,,,,yes,single,1,,,,,,,,,,,,,,,,,,,,,,,,,11/2/2017,single,1,,,,,,,,,,,,,,,,yes,single,1
MOFFECO,detention,MOFFAT COUNTY JAIL,single,08081|08107,"Moffat County, CO|Routt County, CO",CO,"800 WEST 1ST STREET, CRAIG, CO 81625",single,1,,,,,,,,,,,,,,,,IGSA,single,1,DMCP,single,1,,,,,,,10,single,1,MOFFAT,single,1,DEN,single,1,,,,,,,,,,DEN,single,1,12/12/1991,single,1,,,,,,,no,single,1,,,,,,,,,,,,,,,,,,,,,,,,,11/4/2017,single,1,,,,,,,,,,,,,,,,yes,single,1
MOHAVAZ,detention,MOHAVE COUNTY CORRECTIONAL CENTER,single,04015,"Mohave County, AZ",AZ,"415 PINE STREET, KINGMAN, AZ 86401",single,1,,,,,,,,,,,,,,,,IGSA,single,1,DMCP,single,1,,,,,,,9,single,1,MOHAVE,single,1,EAZ,single,1,,,,,,,,,,PHO,single,1,,,,,,,,,,,,,,,,,,,,,,,,,,,,,,,,,,,,,,,,,,,,,,,,,,,,,,,yes,single,1
MONCJAL,detention,MONTGOMERY CITY JAIL,single,01101,"Montgomery County, AL",AL,"103 NORTH PERRY STREET, MONTGOMERY, AL 36104",single,1,,,,,,,,,,,,,,,,USMS IGA,single,1,DMCP,single,1,,,,5,single,1,11,single,1,MONTGOMERY,single,1,NOL,single,1,,,,,,,,,,NOL,single,1,11/14/2006,single,1,,,,,,,no,single,1,,,,,,,,,,,,,,,,,,,,,,,,,2/11/2016,single,1,,,,,,,,,,,,,,,,yes,single,1
MONMONJ,detention,MONMOUTH COUNTY CORRECTIONAL INSTITUTION,single,34025|34029,"Monmouth County, NJ|Ocean County, NJ",NJ,"1 WATERWORKS ROAD, FREEHOLD, NJ 07728",single,1,,,,,,,,,,,,,,,,IGSA,single,1,DMCP,single,1,,,,,,,3,single,1,MONMOUTH,single,1,VRK,single,1,,,,,,,,,,NYC,single,1,8/9/1989,single,1,,,,,,,yes,single,1,,,,,,,,,,,,,,,,,,,,,,,,,1/17/2014,single,1,,,,,,,,,,,,,,,,yes,single,1
MONONIA,detention,MONONA COUNTY JAIL (IOWA),single,19133,"Monona County, IA",IA,"909 7TH STREET, ONAWA, IA 51040",single,1,,,,,,,,,,,,,,,,IGSA,single,1,DMCP,single,1,,,,,,,8,single,1,MONONA,single,1,OMA,single,1,,,,,,,,,,SPM,single,1,11/14/1996,single,1,,,,,,,,,,,,,,,,,,,,,,,,,,,,,,,,,,2/10/2003,single,1,,,,,,,,,,,,,,,,yes,single,1
MONROFL,detention,MONROE COUNTY DETENTION CENTER,single,12087,"Monroe County, FL",FL,"5501 COLLEGE ROAD, KEY WEST, FL 33040",single,1,,,,,,,,,,,,,,,,IGSA,single,1,DMCP,single,1,,,,72,single,1,11,single,1,MONROE,single,1,KRO,single,1,,,,,,,,,,MIA,single,1,9/20/1995,single,1,,,,50,single,1,yes,single,1,,,,,,,,,,,,,,,,,,,,,,,,,11/4/2017,single,1,,,,,,,,,,,,,,,,yes,single,1
MONROMI,detention,MONROE COUNTY DETENTION-DORM,converged,26115,"Monroe County, MI",MI,"7000 EAST DUNBAR ROAD, MONROE, MI 48161",converged,2,96.9,single,1,8.1,single,1,1,single,1,1.2,single,1,107.2,single,1,IGSA,converged,2,DMCP,single,1,49.1,single,1,,,,6,single,1,MONROE,single,1,DET,single,1,,,,0,single,1,0,single,1,DET,converged,2,7/13/1995,single,1,Male,single,1,,,,yes,single,1,1.3,single,1,0.9,single,1,6.8,single,1,,,,Pass,single,1,2025-03-13,single,1,NDS 2019,single,1,ODO,single,1,11/4/2017,single,1,8,single,1,99.2,single,1,71.4,single,1,98.1,single,1,,,,yes,single,1
MONRONY,detention,MONROE COUNTY JAIL,single,36055,"Monroe County, NY",NY,"130 PLYMOUTH AVENUE SOUTH, ROCHESTER, NY 14614",single,1,,,,,,,,,,,,,,,,IGSA,single,1,DMCP,single,1,,,,,,,2,single,1,MONROE,single,1,BUF,single,1,,,,,,,,,,BUF,single,1,11/30/1987,single,1,,,,,,,yes,single,1,,,,,,,,,,,,,,,,,,,,,,,,,11/1/2009,single,1,,,,,,,,,,,,,,,,yes,single,1
MONTECA,detention,MONTEREY COUNTY,single,06053,"Monterey County, CA",CA,"P.O. BOX 809, SALINAS, CA 93906",single,1,,,,,,,,,,,,,,,,IGSA,single,1,DMCP,single,1,,,,,,,9,single,1,MONTEREY,single,1,LOS,single,1,,,,,,,,,,LOS,single,1,9/29/1997,single,1,,,,,,,,,,,,,,,,,,,,,,,,,,,,,,,,,,10/2/1997,single,1,,,,,,,,,,,,,,,,yes,single,1
MONTECO,detention,MONTEZUMA COUNTY JAIL,single,08083,"Montezuma County, CO",CO,"730 EAST DRISCOLL STREET, CORTEZ, CO 81321",single,1,,,,,,,,,,,,,,,,IGSA,single,1,DMCP,single,1,,,,,,,10,single,1,MONTEZUMA,single,1,DEN,single,1,,,,,,,,,,DEN,single,1,6/3/1992,single,1,,,,,,,,,,,,,,,,,,,,,,,,,,,,,,,,,,9/13/2007,single,1,,,,,,,,,,,,,,,,yes,single,1
MONTGAL,detention,MONTGOMERY COUNTY MAC SIM BUTLER DETENTION FACILIT,single,01101,"Montgomery County, AL",AL,"250 MCDONOUGH STREET, MONTGOMERY, AL 36103",single,1,,,,,,,,,,,,,,,,USMS IGA,single,1,DMCP,single,1,,,,,,,11,single,1,MONTGOMERY,single,1,MGA,single,1,,,,,,,,,,NOL,single,1,,,,,,,,,,no,single,1,,,,,,,,,,,,,,,,,,,,,,,,,,,,,,,,,,,,,,,,,,,yes,single,1
MONTGMO,detention,MONTGOMERY COUNTY JAIL,single,29027|29139,"Montgomery County, MO|Callaway County, MO",MO,"211 EAST THIRD STREET, MONTGOMERY CITY, MO 63361",single,1,,,,,,,,,,,,,,,,IGSA,single,1,DMCP,single,1,,,,,,,8,single,1,MONTGOMERY,single,1,STL,single,1,,,,,,,,,,CHI,single,1,6/26/1998,single,1,,,,,,,yes,single,1,,,,,,,,,,,,,,,,,,,,,,,,,11/4/2017,single,1,,,,,,,,,,,,,,,,yes,single,1
MONTGNY,detention,MONTGOMERY COUNTY JAIL,converged,36035|36057,"Montgomery County, NY|Fulton County, NY",NY,"PARK STREET, FONDA, NY 12068",converged,2,2.7,single,1,0.1,single,1,0.1,single,1,0.1,single,1,3,single,1,USMS IGA,conflict,2,DMCP,single,1,1.5,single,1,,,,2,single,1,MONTGOMERY,single,1,BUF,single,1,,,,0,single,1,0,single,1,BUF,converged,2,10/15/1987,single,1,Female/Male,single,1,,,,no,single,1,0.2,single,1,0.1,single,1,0.2,single,1,,,,,,,Scheduled FY26,single,1,,,,,,,5/19/2009,single,1,0.3,single,1,2.7,single,1,1.1,single,1,2.6,single,1,,,,yes,single,1
MONTGPA,detention,MONTGOMERY COUNTY CORRECTIONAL FACILITY,single,42091,"Montgomery County, PA",PA,"60 EAGLEVILLE ROAD, NORRISTOWN, PA 19403",single,1,,,,,,,,,,,,,,,,USMS IGA,single,1,DMCP,single,1,,,,60,single,1,3,single,1,MONTGOMERY,single,1,PHI,single,1,,,,,,,,,,PHI,single,1,3/16/1987,single,1,,,,,,,no,single,1,,,,,,,,,,,,,,,,,,,,,,,,,7/13/2015,single,1,,,,,,,,,,,,,,,,yes,single,1
MONTGTX,detention,Joe Corley Processing Center,conflict,48339,"Montgomery County, TX",TX,"500 Hilbig Road, Conroe, TX 77301",conflict,2,,,,,,,,,,,,,,,,IGSA,single,1,DMCP,single,1,,,,1050,single,1,5,single,1,MONTGOMERY,single,1,HOU,single,1,,,,,,,,,,HOU,converged,2,8/16/2008,single,1,,,,,,,yes,single,1,,,,,,,,,,Conroe Immigration Court (co-located — same ZIP),single,1,,,,,,,,,,,,,11/4/2017,single,1,,,,,,,,,,,,,(936) 520-5000,single,1,yes,single,1
MONTRCO,detention,MONTROSE COUNTY JAIL,single,08085,"Montrose County, CO",CO,"1200 NORTH GRAND AVENUE, MONTROSE, CO 81401",single,1,,,,,,,,,,,,,,,,IGSA,single,1,DMCP,single,1,,,,,,,10,single,1,MONTROSE,single,1,DEN,single,1,,,,,,,,,,DEN,single,1,4/30/1991,single,1,,,,,,,,,,,,,,,,,,,,,,,,,,,,,,,,,,6/29/2008,single,1,,,,,,,,,,,,,,,,yes,single,1
MORGACO,detention,MORGAN COUNTY JAIL,single,08001|08087,"Morgan County, CO|Adams County, CO",CO,"801 EAST BEAVER AVENUE, FORT MORGAN, CO 80701",single,1,,,,,,,,,,,,,,,,IGSA,single,1,DMCP,single,1,,,,,,,10,single,1,MORGAN,single,1,DEN,single,1,,,,,,,,,,DEN,single,1,9/13/1991,single,1,,,,,,,no,single,1,,,,,,,,,,,,,,,,,,,,,,,,,4/29/2009,single,1,,,,,,,,,,,,,,,,yes,single,1
MORGNMO,detention,MORGAN COUNTY ADULT DETENTION CENTER,single,29135|29141,"Morgan County, MO|Moniteau County, MO",MO,"211 EAST NEWTON STREET, VERSAILLES, MO 65084",single,1,,,,,,,,,,,,,,,,IGSA,single,1,DMCP,single,1,,,,,,,8,single,1,MORGAN,single,1,KAN,single,1,,,,,,,,,,CHI,single,1,2/28/2003,single,1,,,,,,,yes,single,1,,,,,,,,,,,,,,,,,,,,,,,,,11/4/2017,single,1,,,,,,,,,,,,,,,,yes,single,1
MOROWOH,detention,MORROW COUNTY CORRECTIONAL FACILITY,single,39117,"Morrow County, OH",OH,"101 HOME ROAD, MOUNT GILEAD, OH 43338",single,1,,,,,,,,,,,,,,,,IGSA,single,1,DMCP,single,1,,,,,,,6,single,1,MORROW,single,1,CLM,single,1,,,,,,,,,,DET,single,1,8/28/2009,single,1,,,,,,,yes,single,1,,,,,,,,,,,,,,,,,,,,,,,,,11/4/2017,single,1,,,,,,,,,,,,,,,,yes,single,1
MORRINJ,detention,MORRIS COUNTY JAIL,single,34027,"Morris County, NJ",NJ,"23 COURT STREET, MORRISTOWN, NJ 07960",single,1,,,,,,,,,,,,,,,,IGSA,single,1,DMCP,single,1,,,,,,,3,single,1,MORRIS,single,1,NEW,single,1,,,,,,,,,,NEW,single,1,6/21/1989,single,1,,,,,,,,,,,,,,,,,,,,,,,,,,,,,,,,,,11/18/1997,single,1,,,,,,,,,,,,,,,,yes,single,1
MOUNTND,detention,MOUNTRAIL COUNTY JAIL,single,38013|38061,"Mountrail County, ND|Burke County, ND",ND,"101 NORTH MAIN STREET, STANLEY, ND 58784",single,1,,,,,,,,,,,,,,,,IGSA,single,1,DMCP,single,1,,,,,,,8,single,1,MOUNTRAIL,single,1,SPM,single,1,,,,,,,,,,SPM,single,1,7/29/1996,single,1,,,,,,,no,single,1,,,,,,,,,,,,,,,,,,,,,,,,,12/13/2010,single,1,,,,,,,,,,,,,,,,yes,single,1
MOYOUMI,detention,MONROE COUNTY YOUTH CENTER,single,26115,"Monroe County, MI",MI,"3600 SOUTH CUSTER ROAD, MONROE, MI 48161",single,1,,,,,,,,,,,,,,,,IGSA,single,1,JFRMU,single,1,,,,,,,6,single,1,MONROE,single,1,DET,single,1,JUVENILE,single,1,,,,,,,DET,single,1,4/9/1998,single,1,,,,,,,,,,,,,,,,,,,,,,,,,,,,,,,,,,9/23/2003,single,1,,,,,,,,,,,,,,,,no,single,1
MPSIPAN,detention,SAIPAN DEPARTMENT OF CORRECTIONS (SUSUPE),conflict,69110,"Saipan Municipality, MP",MP,"VICENTE T. SEMAN BLDG, CIVIC CENTER, SAIPAN, MP 96950",conflict,3,5.8,single,1,9.3,single,1,3.4,single,1,0.4,single,1,18.9,single,1,USMS IGA,conflict,2,DMCP,single,1,53.3,single,1,,,,9,single,1,SAIPAN,single,1,SAI,single,1,,,,0.4,single,1,1.5,single,1,SFR,converged,3,6/7/2011,single,1,Female/Male,single,1,,,,,,,2.7,single,1,0.6,single,1,1.7,single,1,Saipan Immigration Court (co-located — same ZIP),single,1,Pass,single,1,2024-03-08,single,1,ORSA NDS 2019,single,1,ORSA,single,1,5/22/2013,single,1,2.6,single,1,14.4,single,1,12.5,single,1,13.9,single,1,(670) 237-6000,single,1,yes,single,1
MSF,detention,MIAMI STAGING FACILITY,single,12086,"Miami-Dade County, FL",FL,"UNAVAILABLE, MIAMI, FL 33101",single,1,,,,,,,,,,,,,,,,Other,single,1,DMCP,single,1,,,,,,,11,single,1,MIAMI-DADE,single,1,KRO,single,1,HOLD,single,1,,,,,,,MIA,single,1,1/3/2010,single,1,,,,,,,no,single,1,,,,,,,,,,,,,,,,,,,,,,,,,11/1/2017,single,1,,,,,,,,,,,,,,,,yes,single,1
MTGHOLD,detention,MONTGOMERY HOLD RM,single,,,,,,,,,,,,,,,,,,,,,,Other,single,1,,,,,,,,,,,,,,,,,,,HOLD,single,1,,,,,,,HOU,single,1,,,,,,,,,,no,single,1,,,,,,,,,,,,,,,,,,,,,,,,,,,,,,,,,,,,,,,,,,,,,
MTGPCTX,detention,MONTGOMERY ICE PROCESSING CENTER,conflict,48339,"Montgomery County, TX",TX,"806 HILBIG RD, CONROE, TX 77301",conflict,3,592.9,single,1,352.2,single,1,135.1,single,1,137.2,single,1,1217.4,single,1,CDF,converged,2,,,,16.5,single,1,,,,5,single,1,Montgomery,single,1,,,,,,,30.6,single,1,257,single,1,HOU,converged,3,,,,Male,single,1,750,single,1,yes,single,1,197.2,single,1,90.1,single,1,113.9,single,1,Conroe Immigration Court (co-located — same ZIP),single,1,Pass,single,1,2026-04-30,single,1,PBNDS 2011 - 2016 Revisions,single,1,ODO,single,1,,,,301.1,single,1,628.8,single,1,754.9,single,1,816.1,single,1,(936) 521-4900,single,1,,,
MTPPDCA,detention,MONTEREY PARK CITY JAIL,single,06037,"Los Angeles County, CA",CA,"320 WEST NEWMARK AVENUE, MONTEREY PARK, CA 91754",single,1,,,,,,,,,,,,,,,,USMS IGA,single,1,DMCP,single,1,,,,,,,9,single,1,KING,single,1,LOS,single,1,,,,,,,,,,LOS,single,1,11/11/2007,single,1,,,,,,,no,single,1,,,,,,,,,,,,,,,,,,,,,,,,,9/27/2010,single,1,,,,,,,,,,,,,,,,yes,single,1
MULTNOR,detention,MULTNOMAH COUNTY JAIL,single,41051,"Multnomah County, OR",OR,"11540 NORTHEAST INVERNESS DRIVE, PORTLAND, OR 97220",single,1,,,,,,,,,,,,,,,,IGSA,single,1,DMCP,single,1,,,,,,,9,single,1,MULTNOMAH,single,1,POO,single,1,,,,,,,,,,SEA,single,1,6/18/1983,single,1,,,,,,,,,,,,,,,,,,,,,,,,,,,,,,,,,,1/26/2000,single,1,,,,,,,,,,,,,,,,yes,single,1
MUSCAIA,detention,MUSCATINE COUNTY JAIL,converged,19115|19139,"Muscatine County, IA|Louisa County, IA",IA,"400 WALNUT STREET, MUSCATINE, IA 52761",converged,3,5.9,single,1,1.9,single,1,2.5,single,1,4.4,single,1,14.7,single,1,USMS IGA,converged,2,DMCP,single,1,40.7,single,1,,,,8,single,1,MUSCATINE,single,1,OMA,single,1,,,,0.4,single,1,0.7,single,1,SPM,converged,3,4/13/1994,single,1,Female/Male,single,1,,,,,,,4.9,single,1,1.9,single,1,2.3,single,1,,,,,,,Scheduled FY26,single,1,,,,,,,10/25/2017,single,1,7.8,single,1,5.8,single,1,8.3,single,1,5.6,single,1,(563) 262-4190,single,1,yes,single,1
MUSIKCA,detention,JAMES A. MUSICK FACILITY,single,06059,"Orange County, CA",CA,"13502 MUSICK ROAD, IRVINE, CA 92618",single,1,,,,,,,,,,,,,,,,IGSA,single,1,DMCP,single,1,,,,,,,9,single,1,ORANGE,single,1,LOS,single,1,,,,,,,,,,LOS,single,1,8/9/2010,single,1,,,,,,,yes,single,1,,,,,,,,,,,,,,,,,,,,,,,,,11/4/2017,single,1,,,,,,,,,,,,,,,,yes,single,1
MUSSEMT,detention,MUSSELSHELL COUNTY JAIL,single,30027|30037|30065,"Musselshell County, MT|Fergus County, MT|Golden Valley County, MT",MT,"820 MAIN STREET, ROUNDUP, MT 59072",single,1,,,,,,,,,,,,,,,,IGSA,single,1,DMCP,single,1,,,,,,,9,single,1,MUSSELSHELL,single,1,HEL,single,1,,,,,,,,,,SLC,single,1,7/14/2007,single,1,,,,,,,no,single,1,,,,,,,,,,,,,,,,,,,,,,,,,6/1/2017,single,1,,,,,,,,,,,,,,,,yes,single,1
MVMELP,detention,"MVM TRANSPORT, EL PASO",single,,,,,,,,,,,,,,,,,,,,,,Other,single,1,,,,,,,,,,,,,,,,,,,TRANSPORT,single,1,,,,,,,ELP,single,1,,,,,,,,,,no,single,1,,,,,,,,,,,,,,,,,,,,,,,,,,,,,,,,,,,,,,,,,,,,,
MVMPHO,detention,"MVM TRANSPORT, PHOENIX",single,,,,,,,,,,,,,,,,,,,,,,Other,single,1,,,,,,,,,,,,,,,,,,,TRANSPORT,single,1,,,,,,,PHO,single,1,,,,,,,,,,no,single,1,,,,,,,,,,,,,,,,,,,,,,,,,,,,,,,,,,,,,,,,,,,,,
MVMSND,detention,"MVM TRANSPORT, SAN DIEGO",single,,,,,,,,,,,,,,,,,,,,,,Other,single,1,,,,,,,,,,,,,,,,,,,TRANSPORT,single,1,,,,,,,SND,single,1,,,,,,,,,,no,single,1,,,,,,,,,,,,,,,,,,,,,,,,,,,,,,,,,,,,,,,,,,,,,
MVMSNP,detention,"MVM TRANSPORT, SAN ANTONIO PROPER",single,,,,,,,,,,,,,,,,,,,,,,Other,single,1,,,,,,,,,,,,,,,,,,,TRANSPORT,single,1,,,,,,,SNA,single,1,,,,,,,,,,no,single,1,,,,,,,,,,,,,,,,,,,,,,,,,,,,,,,,,,,,,,,,,,,,,
MVNSNA,detention,"MVN TRANSPORTATION, SNA",single,,,,,,,,,,,,,,,,,,,,,,Other,single,1,,,,,,,,,,,,,,,,,,,TRANSPORT,single,1,,,,,,,SNA,single,1,,,,,,,,,,no,single,1,,,,,,,,,,,,,,,,,,,,,,,,,,,,,,,,,,,,,,,,,,,,,
NASSAFL,detention,NASSAU COUNTY JAIL,single,12089,"Nassau County, FL",FL,"76001 BOBBY MOORE CIRCLE, YULEE, FL 32097",single,1,,,,,,,,,,,,,,,,IGSA,single,1,DMCP,single,1,,,,,,,11,single,1,NASSAU,single,1,ORL,single,1,,,,,,,,,,MIA,single,1,5/14/1996,single,1,,,,,,,no,single,1,,,,,,,,,,,,,,,,,,,,,,,,,8/27/2009,single,1,,,,,,,,,,,,,,,,yes,single,1
NASSANY,detention,NASSAU COUNTY CORRECTIONAL CENTER,converged,36059,"Nassau County, NY",NY,"100 CARMAN AVENUE, EAST MEADOW, NY 11554",converged,2,7.2,single,1,0.6,single,1,0.7,single,1,0.7,single,1,9.2,single,1,USMS IGA,conflict,2,DMCP,single,1,2,single,1,,,,2,single,1,NASSAU,single,1,VRK,single,1,,,,0,single,1,0,single,1,NYC,converged,2,4/26/2002,single,1,Female/Male,single,1,,,,,,,0.6,single,1,0.5,single,1,1.1,single,1,,,,Pass,single,1,2026-05-05,single,1,FPBDS,single,1,ODO OASIP,single,1,6/16/2017,single,1,1.2,single,1,7.9,single,1,4.9,single,1,6.9,single,1,,,,yes,single,1
NATCHLA,detention,NATCHITOCHES PARISH DET. CENTER,single,22069|22081|22127,"Natchitoches Parish, LA|Winn Parish, LA|Red River Parish, LA",LA,"299 Edwina Drive, Natchitoches, LA 71457",single,1,,,,,,,,,,,,,,,,IGSA,single,1,,,,,,,,,,5,single,1,Natchitoches Parish,single,1,,,,,,,,,,,,,NOL,single,1,,,,,,,,,,yes,single,1,,,,,,,,,,,,,,,,,,,,,,,,,,,,,,,,,,,,,,,,,,,,,
NATROWY,detention,NATRONA COUNTY JAIL,conflict,56025,"Natrona County, WY",WY,"1100 BRUCE LANE, CASPER, WY 82601",converged,3,4.9,single,1,1.5,single,1,0.8,single,1,1.1,single,1,8.3,single,1,USMS IGA,converged,2,DMCP,single,1,9.4,single,1,,,,10,single,1,NATRONA,single,1,DEN,single,1,,,,0.3,single,1,0.3,single,1,DEN,converged,3,12/3/1991,single,1,Female/Male,single,1,,,,no,single,1,0.5,single,1,1,single,1,0.6,single,1,,,,Pass,single,1,2024-06-12,single,1,ORSA NDS 2019,single,1,ORSA,single,1,10/31/2017,single,1,1.2,single,1,6.6,single,1,5.7,single,1,6.3,single,1,(307) 235-9521,single,1,yes,single,1
NAVARTX,detention,NAVARRO CO JAIL,single,48349,"Navarro County, TX",TX,"300 WEST 2ND AVENUE, CORSICANA, TX 75110",single,1,,,,,,,,,,,,,,,,IGSA,single,1,DMCP,single,1,,,,,,,5,single,1,NAVARRO,single,1,,,,,,,,,,,,,DAL,single,1,1/4/1990,single,1,,,,,,,yes,single,1,,,,,,,,,,,,,,,,,,,,,,,,,7/4/2002,single,1,,,,,,,,,,,,,,,,yes,single,1
NAVSOAZ,detention,NAVAJO COUNTY SHERIFF,single,04017,"Navajo County, AZ",AZ,"100 EAST CARTER DRIVE, HOLBROOK, AZ 86025",single,1,,,,,,,,,,,,,,,,IGSA,single,1,DMCP,single,1,,,,,,,9,single,1,NAVAJO,single,1,PHO,single,1,,,,,,,,,,PHO,single,1,1/28/2000,single,1,,,,,,,no,single,1,,,,,,,,,,,,,,,,,,,,,,,,,8/29/2013,single,1,,,,,,,,,,,,,,,,yes,single,1
NBRMCFL,detention,NORTH BROWARD MEDICAL CENTER,single,12011,"Broward County, FL",FL,"201  EAST SAMPLE ROAD, POMPANO BEACH, FL 33060",single,1,,,,,,,,,,,,,,,,Other,single,1,OTHER,single,1,,,,,,,11,single,1,BROWARD,single,1,KRO,single,1,HOSPITAL,single,1,,,,,,,MIA,single,1,11/3/2010,single,1,,,,,,,,,,,,,,,,,,,,,,,,,,,,,,,,,,8/13/2017,single,1,,,,,,,,,,,,,,,,no,single,1
NCDOCRA,detention,NORTH CAROLINA DEPARTMENT OF CORRECTIONS (RALEIGH),single,37101|37183,"Wake County, NC|Johnston County, NC",NC,"COMBINED RECORDS, RALEIGH, NC 27603",single,1,,,,,,,,,,,,,,,,IGSA,single,1,DMCP,single,1,,,,,,,4,single,1,WAKE,single,1,ATL,single,1,,,,,,,,,,ATL,single,1,9/7/1989,single,1,,,,,,,,,,,,,,,,,,,,,,,,,,,,,,,,,,12/6/2006,single,1,,,,,,,,,,,,,,,,yes,single,1
NEHASTI,detention,HASTINGS DETENTION CENTER,single,31001|31035|31079,"Adams County, NE|Clay County, NE|Hall County, NE",NE,"4201 WEST 2ND, HASTINGS, NE 68901",single,1,,,,,,,,,,,,,,,,IGSA,single,1,DMCP,single,1,,,,,,,8,single,1,ADAMS,single,1,OMA,single,1,,,,,,,,,,SPM,single,1,6/24/2002,single,1,,,,,,,yes,single,1,,,,,,,,,,,,,,,,,,,,,,,,,5/10/2005,single,1,,,,,,,,,,,,,,,,yes,single,1
NEJUVNE,detention,NORTHEAST NEBRASKA JUVENILE SERVICES,single,31119|31141|31167,"Madison County, NE|Stanton County, NE|Platte County, NE",NE,"120 CLARA DAVIS DRIVE, MADISON, NE 68748",single,1,,,,,,,,,,,,,,,,IGSA,single,1,JFRMU,single,1,,,,,,,8,single,1,MADISON,single,1,OMA,single,1,JUVENILE,single,1,,,,,,,SPM,single,1,11/15/1996,single,1,,,,,,,no,single,1,,,,,,,,,,,,,,,,,,,,,,,,,8/17/2009,single,1,,,,,,,,,,,,,,,,no,single,1
NEOMAHA,detention,OMAHA CORRECTIONAL CENTER,single,31055,"Douglas County, NE",NE,"2323 AVE J, OMAHA, NE 68111",single,1,,,,,,,,,,,,,,,,IGSA,single,1,DMCP,single,1,,,,,,,8,single,1,DOUGLAS,single,1,OMA,single,1,,,,,,,,,,SPM,single,1,12/12/1996,single,1,,,,,,,,,,,,,,,,,,,,,,,,,,,,,,,,,,6/17/1997,single,1,,,,,,,,,,,,,,,,yes,single,1
NEW0600,detention,MARION COUNTY DETENTION CENTER,single,21155|21217|21229,"Marion County, KY|Washington County, KY|Taylor County, KY",KY,"201 WAREHOUSE RD., LEBANON, KY 40033",single,1,,,,,,,,,,,,,,,,IGSA,single,1,DMCP,single,1,,,,,,,6,single,1,MARION,single,1,,,,,,,,,,,,,NOL,single,1,,,,,,,,,,no,single,1,,,,,,,,,,,,,,,,,,,,,,,,,,,,,,,,,,,,,,,,,,,yes,single,1
NEW608,detention,CUMBERLAND COUNTY DETENTION CENTER,single,37051,"Cumberland County, NC",NC,"204 GILLESPIE ST, FAYETTEVILLE, NC 28301",single,1,,,,,,,,,,,,,,,,IGSA,single,1,DMCP,single,1,,,,,,,4,single,1,CUMBERLAND,single,1,,,,,,,,,,,,,ATL,single,1,,,,,,,,,,yes,single,1,,,,,,,,,,,,,,,,,,,,,,,,,,,,,,,,,,,,,,,,,,,yes,single,1
NEWHOLD,detention,NEW/INS OS HOLD ROOM,single,34013,"Essex County, NJ",NJ,"970 BROAD STREET, NEWARK, NJ 07102",single,1,,,,,,,,,,,,,,,,Other,single,1,DMCP,single,1,,,,,,,3,single,1,ESSEX,single,1,NEW,single,1,HOLD,single,1,,,,,,,NEW,single,1,1/1/1988,single,1,,,,,,,no,single,1,,,,,,,,,,Newark Immigration Court (co-located — same ZIP),single,1,,,,,,,,,,,,,10/20/2017,single,1,,,,,,,,,,,,,,,,yes,single,1
NEWTOTX,detention,NEWTON COUNTY CORRECTIONAL CENTER,single,48241|48351,"Newton County, TX|Jasper County, TX",TX,"ROUTE 1, NEWTON, TX 75966",single,1,,,,,,,,,,,,,,,,IGSA,single,1,DMCP,single,1,,,,,,,5,single,1,NEWTON,single,1,HOU,single,1,,,,,,,,,,HOU,single,1,11/6/1990,single,1,,,,,,,yes,single,1,,,,,,,,,,,,,,,,,,,,,,,,,3/25/2006,single,1,,,,,,,,,,,,,,,,yes,single,1
NGDCTGA,detention,NORTH GEORGIA DETENTION CENTER,single,13139,"Hall County, GA",GA,"622 MAIN STREET SOUTHWEST, GAINESVILLE, GA 30501",single,1,,,,,,,,,,,,,,,,IGSA,single,1,DMCP,single,1,,,,,,,11,single,1,HALL,single,1,ATL,single,1,,,,,,,,,,ATL,single,1,1/6/2009,single,1,,,,,,,yes,single,1,,,,,,,,,,,,,,,,,,,,,,,,,3/23/2014,single,1,,,,,,,,,,,,,,,,yes,single,1
NHSPCON,detention,NEW HAMPSHIRE STATE PENITENTIARY (CONCORD),single,33013,"Merrimack County, NH",NH,"281 NORTH STATE STREET, CONCORD, NH 03301",single,1,,,,,,,,,,,,,,,,IGSA,single,1,DMCP,single,1,,,,,,,1,single,1,MERRIMACK,single,1,BOS,single,1,,,,,,,,,,BOS,single,1,3/16/1989,single,1,,,,,,,,,,,,,,,,,,,,,,,,,,,,,,,,,,4/14/2009,single,1,,,,,,,,,,,,,,,,yes,single,1
NHSPWOM,detention,NEW HAMPSHIRE,single,33011|33013,"Hillsborough County, NH|Merrimack County, NH",NH,"317 MAST ROAD, GOFFSTOWN, NH 03045",single,1,,,,,,,,,,,,,,,,IGSA,single,1,DMCP,single,1,,,,,,,1,single,1,HILLSBOROUGH,single,1,BOS,single,1,,,,,,,,,,BOS,single,1,7/17/1990,single,1,,,,,,,,,,,,,,,,,,,,,,,,,,,,,,,,,,3/28/2007,single,1,,,,,,,,,,,,,,,,yes,single,1
NIACINY,detention,NIAGARA FALLS CITY JAIL,single,36063,"Niagara County, NY",NY,"520 HYDE PARK BLVD., NIAGARA FALLS, NY 14302",single,1,,,,,,,,,,,,,,,,IGSA,single,1,DMCP,single,1,,,,,,,2,single,1,NIAGARA,single,1,BUF,single,1,,,,,,,,,,BUF,single,1,1/24/1989,single,1,,,,,,,,,,,,,,,,,,,,,,,,,,,,,,,,,,9/2/1998,single,1,,,,,,,,,,,,,,,,yes,single,1
NIAGANY,detention,NIAGARA COUNTY JAIL,single,36063,"Niagara County, NY",NY,"5526 NIAGARA STREET EXTENTION, LOCKPORT, NY 14094",single,1,,,,,,,,,,,,,,,,IGSA,single,1,DMCP,single,1,,,,,,,2,single,1,NIAGARA,single,1,BUF,single,1,,,,,,,,,,BUF,single,1,10/20/1989,single,1,,,,,,,no,single,1,,,,,,,,,,,,,,,,,,,,,,,,,1/14/2010,single,1,,,,,,,,,,,,,,,,yes,single,1
NIOBRWY,detention,NIOBRARA COUNTY JAIL,single,56015|56027,"Niobrara County, WY|Goshen County, WY",WY,"416 SOUTH ELM STREET, LUSK, WY 82225",single,1,,,,,,,,,,,,,,,,IGSA,single,1,DMCP,single,1,,,,,,,10,single,1,NIOBRARA,single,1,DEN,single,1,,,,,,,,,,DEN,single,1,9/6/2006,single,1,,,,,,,,,,,,,,,,,,,,,,,,,,,,,,,,,,10/23/2008,single,1,,,,,,,,,,,,,,,,yes,single,1
NIXHCTX,detention,NIX HOME CARE,single,48029|48091|48325,"Bexar County, TX|Comal County, TX|Medina County, TX",TX,"4402 Vance Jackson, suite 140, San Antonio, TX 782390",single,1,,,,,,,,,,,,,,,,Other,single,1,,,,,,,,,,5,single,1,Bexar,single,1,,,,HEALTH,single,1,,,,,,,SNA,single,1,,,,,,,,,,no,single,1,,,,,,,,,,,,,,,,,,,,,,,,,,,,,,,,,,,,,,,,,,,,,
NNREGVA,detention,NORTHERN NECK REGIONAL JAIL,single,51159|51193,"Richmond County, VA|Westmoreland County, VA",VA,"P.O. BOX 1090, WARSAW, VA 22572",single,1,,,,,,,,,,,,,,,,IGSA,single,1,DMCP,single,1,,,,,,,4,single,1,RICHMOND,single,1,WAS,single,1,,,,,,,,,,WAS,single,1,8/18/2000,single,1,,,,,,,,,,,,,,,,,,,,,,,,,,,,,,,,,,3/13/2007,single,1,,,,,,,,,,,,,,,,yes,single,1
NOBLEMN,detention,NOBLES COUNTY JAIL,single,27063|27105,"Nobles County, MN|Jackson County, MN",MN,"1530 AIRPORT ROAD, WORTHINGTON, MN 56187",single,1,,,,,,,,,,,,,,,,IGSA,single,1,DMCP,single,1,,,,,,,8,single,1,NICOLLET,single,1,SPM,single,1,,,,,,,,,,SPM,single,1,9/30/1997,single,1,,,,,,,yes,single,1,,,,,,,,,,,,,,,,,,,,,,,,,11/4/2017,single,1,,,,,,,,,,,,,,,,yes,single,1
NOCPDIL,detention,NORTH CHICAGO POLICE DEPARTMENT,single,17097,"Lake County, IL",IL,"1850 LEWIS AVENUE, NORTH CHICAGO, IL 60064",single,1,,,,,,,,,,,,,,,,IGSA,single,1,DMCP,single,1,,,,,,,7,single,1,LAKE,single,1,CHI,single,1,,,,,,,,,,CHI,single,1,10/16/1985,single,1,,,,,,,,,,,,,,,,,,,,,,,,,,,,,,,,,,3/23/2004,single,1,,,,,,,,,,,,,,,,yes,single,1
NOJUVOR,detention,NORTHERN OREGON JUVENILE DETENTION,single,41065,"Wasco County, OR",OR,"211 WEBBER STREET, THE DALLES, OR 97058",single,1,,,,,,,,,,,,,,,,IGSA,single,1,JFRMU,single,1,,,,,,,9,single,1,WASCO,single,1,POO,single,1,JUVENILE,single,1,,,,,,,SEA,single,1,12/15/1999,single,1,,,,,,,yes,single,1,,,,,,,,,,,,,,,,,,,,,,,,,11/4/2017,single,1,,,,,,,,,,,,,,,,no,single,1
NOLHOLD,detention,NEW ORLEANS DD&P,single,22071,"Orleans Parish, LA",LA,"701 LOYOLA AVENUE  ROOM 9001, NEW ORLEANS, LA 70113",single,1,,,,,,,,,,,,,,,,Other,single,1,DMCP,single,1,,,,,,,5,single,1,ORLEANS,single,1,DET,single,1,HOLD,single,1,,,,,,,NOL,single,1,11/5/1999,single,1,,,,,,,no,single,1,,,,,,,,,,,,,,,,,,,,,,,,,8/30/2017,single,1,,,,,,,,,,,,,,,,yes,single,1
NOLVGNV,detention,NORTH LAS VEGAS,single,32003,"Clark County, NV",NV,"2332 NORTH LAS VEGAS BOULEVARD, NORTH LAS VEGAS, NV 89030",single,1,,,,,,,,,,,,,,,,USMS IGA,single,1,DMCP,single,1,,,,,,,9,single,1,CLARK,single,1,LVG,single,1,,,,,,,,,,SLC,single,1,5/26/1992,single,1,,,,,,,no,single,1,,,,,,,,,,,,,,,,,,,,,,,,,6/22/2011,single,1,,,,,,,,,,,,,,,,yes,single,1
NONOLCA,detention,NORTH COUNTY JAIL,single,06001,"Alameda County, CA",CA,"550 6TH STREET, OAKLAND, CA 94607",single,1,,,,,,,,,,,,,,,,IGSA,single,1,DMCP,single,1,,,,,,,9,single,1,ALAMEDA,single,1,SFR,single,1,,,,,,,,,,SFR,single,1,11/30/1990,single,1,,,,,,,yes,single,1,,,,,,,,,,,,,,,,,,,,,,,,,7/14/2003,single,1,,,,,,,,,,,,,,,,yes,single,1
NORCOOR,detention,NORTHERN OREGON CORRECTIONAL FACILITY,single,41065,"Wasco County, OR",OR,"211 WEBBER ROAD, THE DALLES, OR 97058",single,1,,,,,,,,,,,,,,,,IGSA,single,1,DMCP,single,1,,,,,,,9,single,1,WASCO,single,1,POO,single,1,,,,,,,,,,SEA,single,1,1/9/1987,single,1,,,,,,,yes,single,1,,,,,,,,,,,,,,,,,,,,,,,,,11/4/2017,single,1,,,,,,,,,,,,,,,,yes,single,1
NORFOMA,detention,NORFOLK COUNTY JAIL,single,25021|25025,"Norfolk County, MA|Suffolk County, MA",MA,"200 WEST STREET, DEDHAM, MA 02026",single,1,,,,,,,,,,,,,,,,USMS IGA,single,1,DMCP,single,1,,,,50,single,1,1,single,1,NORFOLK,single,1,BOS,single,1,,,,,,,,,,BOS,single,1,7/17/1980,single,1,,,,,,,yes,single,1,,,,,,,,,,,,,,,,,,,,,,,,,1/4/2015,single,1,,,,,,,,,,,,,,,,yes,single,1
NORFOVA,detention,NORFOLK CITY JAIL,single,51710,"Norfolk city, VA",VA,"811 EAST CITY HALL AVENUE, NORFOLK, VA 23510",single,1,,,,,,,,,,,,,,,,USMS IGA,single,1,DMCP,single,1,,,,,,,4,single,1,NORFOLK CITY,single,1,WAS,single,1,,,,,,,,,,WAS,single,1,8/11/2006,single,1,,,,,,,no,single,1,,,,,,,,,,,,,,,,,,,,,,,,,11/4/2017,single,1,,,,,,,,,,,,,,,,yes,single,1
NORHOLD,detention,NORFOLK SUB-OFFICE HOLD,single,51710,"Norfolk city, VA",VA,"5280 HENNEMAN DRIVE, NORFOLK, VA 23513",single,1,,,,,,,,,,,,,,,,Other,single,1,DMCP,single,1,,,,,,,4,single,1,NORFOLK,single,1,WAS,single,1,HOLD,single,1,,,,,,,WAS,single,1,9/14/2010,single,1,,,,,,,no,single,1,,,,,,,,,,,,,,,,,,,,,,,,,5/10/2017,single,1,,,,,,,,,,,,,,,,yes,single,1
NOROYOH,detention,NORTH ROYALTON CITY JAIL,single,39035,"Cuyahoga County, OH",OH,"14000 BENNETT RD., N. ROYALTON, OH 44133",single,1,,,,,,,,,,,,,,,,IGSA,single,1,DMCP,single,1,,,,,,,6,single,1,CUYAHOGA,single,1,CLE,single,1,,,,,,,,,,DET,single,1,2/6/1997,single,1,,,,,,,yes,single,1,,,,,,,,,,,,,,,,,,,,,,,,,7/10/2003,single,1,,,,,,,,,,,,,,,,yes,single,1
NRPHOLD,detention,NORTH PLATTE HOLD ROOM,single,31111|31117,"Lincoln County, NE|McPherson County, NE",NE,"UNAVAILABLE, NORTH PLATTE, NE 69101",single,1,,,,,,,,,,,,,,,,Other,single,1,DMCP,single,1,,,,,,,8,single,1,LINCOLN,single,1,OMA,single,1,HOLD,single,1,,,,,,,SPM,single,1,3/11/2011,single,1,,,,,,,no,single,1,,,,,,,,,,,,,,,,,,,,,,,,,3/11/2011,single,1,,,,,,,,,,,,,,,,yes,single,1
NSVHOLD,detention,NASHVILLE HOLD ROOM,single,47037,"Davidson County, TN",TN,"UNAVAILABLE, NASHVILLE, TN 37201",single,1,,,,,,,,,,,,,,,,Other,single,1,DMCP,single,1,,,,,,,6,single,1,DAVIDSON,single,1,NSV,single,1,HOLD,single,1,,,,,,,NOL,single,1,,,,,,,,,,no,single,1,,,,,,,,,,,,,,,,,,,,,,,,,,,,,,,,,,,,,,,,,,,yes,single,1
NUECETX,detention,NUECES COUNTY JAIL,single,48355,"Nueces County, TX",TX,"901 LEOPARD STREET, CORPUS CHRISTI, TX 78401",single,1,,,,,,,,,,,,,,,,IGSA,single,1,DMCP,single,1,,,,,,,5,single,1,NUECES,single,1,SNA,single,1,,,,,,,,,,SNA,single,1,12/29/1995,single,1,,,,,,,no,single,1,,,,,,,,,,,,,,,,,,,,,,,,,2/14/2002,single,1,,,,,,,,,,,,,,,,yes,single,1
NVJDCVA,detention,NORTHERN VIRGINIA JUVENILE DETENTION CENTER,single,51059|51510,"Alexandria city, VA|Fairfax County, VA",VA,"200 SOUTH WHITING STREET, ALEXANDRIA, VA 22304",single,1,,,,,,,,,,,,,,,,IGSA,single,1,JFRMU,single,1,,,,,,,4,single,1,COUNTY,single,1,WAS,single,1,JUVENILE,single,1,,,,,,,WAS,single,1,7/9/2015,single,1,,,,,,,no,single,1,,,,,,,,,,,,,,,,,,,,,,,,,9/25/2017,single,1,,,,,,,,,,,,,,,,no,single,1
NVNORCC,detention,NORTHERN NEVADA CORRECTIONAL CENTER,single,32005|32510,"Carson City, NV|Douglas County, NV",NV,"1721 E. SNYDER AVE, CARSON CITY, NV 89701",single,1,,,,,,,,,,,,,,,,Other,single,1,DMCP,single,1,,,,,,,9,single,1,COUNTY,single,1,REN,single,1,,,,,,,,,,SLC,single,1,10/27/1988,single,1,,,,,,,,,,,,,,,,,,,,,,,,,,,,,,,,,,11/6/1996,single,1,,,,,,,,,,,,,,,,yes,single,1
NVSDCNV,detention,NEVADA SOUTHERN DETENTION CENTER,converged,32023,"Nye County, NV",NV,"2190 EAST MESQUITE AVENUE, PAHRUMP, NV 89060",converged,2,199.3,single,1,118.7,single,1,84,single,1,61.5,single,1,463.5,single,1,USMS CDF,conflict,2,DMCP,single,1,50.4,single,1,250,single,1,9,single,1,NYE,single,1,SLC,single,1,,,,0,single,1,0.1,single,1,SLC,converged,2,5/2/2016,single,1,Male,single,1,,,,yes,single,1,110.7,single,1,46.7,single,1,76.2,single,1,,,,Pass,single,1,2025-03-27,single,1,NDS 2019,single,1,ODO,single,1,11/4/2017,single,1,168.3,single,1,295.2,single,1,208.1,single,1,230,single,1,,,,yes,single,1
NWHNVNC,detention,NEW HANOVER COUNTY JAIL,converged,37129,"New Hanover County, NC",NC,"3950 JUVENILE RD, CASTLE HAYNE, NC 28429",converged,2,2.6,single,1,0.9,single,1,0.7,single,1,0.6,single,1,4.8,single,1,USMS IGA,conflict,2,DMCP,single,1,2.5,single,1,,,,4,single,1,NEW HANOVER,single,1,CLT,single,1,,,,0,single,1,0.2,single,1,ATL,converged,2,6/5/2012,single,1,Female/Male,single,1,,,,no,single,1,0.4,single,1,0.5,single,1,0.9,single,1,,,,Pass,single,1,2026-03-05,single,1,FPBDS (MAY 2025),single,1,Preliminary,single,1,11/2/2017,single,1,0.9,single,1,3.6,single,1,2.6,single,1,3,single,1,,,,yes,single,1
NWREGVA,detention,NORTHWEST REGIONAL ADULT DETENTION CENTER,single,51069,"Frederick County, VA",VA,"141 FORT COLLIER ROAD, WINCHESTER, VA 22603",single,1,,,,,,,,,,,,,,,,IGSA,single,1,DMCP,single,1,,,,,,,4,single,1,FREDERICK,single,1,WAS,single,1,,,,,,,,,,WAS,single,1,2/1/2008,single,1,,,,,,,yes,single,1,,,,,,,,,,,,,,,,,,,,,,,,,11/2/2009,single,1,,,,,,,,,,,,,,,,yes,single,1
NWSCFVT,detention,NORTHWEST STATE CORRECTIONAL FACILITY,single,50011,"Franklin County, VT",VT,"3649 LOWER NEWTON ROAD, SWANTON, VT 05488",single,1,,,,,,,,,,,,,,,,IGSA,single,1,DMCP,single,1,,,,,,,2,single,1,FRANKLIN,single,1,,,,,,,,,,,,,BOS,single,1,,,,,,,,,,yes,single,1,,,,,,,,,,,,,,,,,,,,,,,,,,,,,,,,,,,,,,,,,,,yes,single,1
NYARTHC,detention,ARTHUR KILL CORRECTIONAL FACILITY,single,36085,"Richmond County, NY",NY,"2911 ARTHUR KILL ROAD, STATEN ISLAND, NY 10309",single,1,,,,,,,,,,,,,,,,IGSA,single,1,DMCP,single,1,,,,,,,2,single,1,RICHMOND,single,1,VRK,single,1,,,,,,,,,,NYC,single,1,10/11/1984,single,1,,,,,,,,,,,,,,,,,,,,,,,,,,,,,,,,,,4/16/2007,single,1,,,,,,,,,,,,,,,,yes,single,1
NYBUFFC,detention,BUFFALO CORRECTIONAL FACILITY,single,36029|36037|36121,"Erie County, NY|Wyoming County, NY|Genesee County, NY",NY,"3052 WENDE ROAD, ALDEN, NY 14004",single,1,,,,,,,,,,,,,,,,IGSA,single,1,DMCP,single,1,,,,,,,2,single,1,ERIE,single,1,BUF,single,1,,,,,,,,,,BUF,single,1,5/27/2009,single,1,,,,,,,,,,,,,,,,,,,,,,,,,,,,,,,,,,5/27/2009,single,1,,,,,,,,,,,,,,,,yes,single,1
NYCHOLD,detention,NYC FIELD OFFICE,single,36061,"New York County, NY",NY,"26 FEDERAL PLAZA, NEW YORK, NY 10278",single,1,,,,,,,,,,,,,,,,Other,single,1,DMCP,single,1,,,,,,,2,single,1,NEW YORK,single,1,NYC,single,1,HOLD,single,1,,,,,,,NYC,single,1,6/13/1996,single,1,,,,,,,no,single,1,,,,,,,,,,New York - Federal Plaza Immigration Court (co-located — same ZIP),single,1,,,,,,,,,,,,,11/4/2017,single,1,,,,,,,,,,,,,,,,yes,single,1
NYCLINC,detention,CLINTON C.F. DANNEMMORA,single,36019,"Clinton County, NY",NY,"1074 COOK ST RTE 374, DANNEMMORA, NY 12929",single,1,,,,,,,,,,,,,,,,IGSA,single,1,DMCP,single,1,,,,,,,2,single,1,CLINTON,single,1,BOS,single,1,,,,,,,,,,BOS,single,1,11/18/2005,single,1,,,,,,,,,,,,,,,,,,,,,,,,,,,,,,,,,,11/22/2005,single,1,,,,,,,,,,,,,,,,yes,single,1
NYEPANV,detention,NYE COUNTY DETENTION CENTER SOUTHERN (PAHRUMP),single,32023,"Nye County, NV",NV,"1520 E. BASIN ROAD, PAHRUMP, NV 89060",single,1,,,,,,,,,,,,,,,,IGSA,single,1,DMCP,single,1,,,,,,,9,single,1,NYE,single,1,,,,,,,,,,,,,SLC,single,1,,,,,,,,,,yes,single,1,,,,,,,,,,,,,,,,,,,,,,,,,,,,,,,,,,,,,,,,,,,yes,single,1
NYOGDNC,detention,OGDENSBURG CORRECTIONAL,single,36089,"St. Lawrence County, NY",NY,"ONE CORRECTION WAY, OGDENSBURG, NY 13669",single,1,,,,,,,,,,,,,,,,IGSA,single,1,DMCP,single,1,,,,,,,2,single,1,ST LAWRENCE,single,1,,,,,,,,,,,,,BUF,single,1,,,,,,,,,,,,,,,,,,,,,,,,,,,,,,,,,,,,,,,,,,,,,,,,,,,,,,,yes,single,1
NYORLNC,detention,ORLEANS CORRECTIONAL,single,36073,"Orleans County, NY",NY,"35-31 GAINES BASIN ROAD, ALBION, NY 14411",single,1,,,,,,,,,,,,,,,,IGSA,single,1,DMCP,single,1,,,,,,,2,single,1,ORLEANS,single,1,BUF,single,1,,,,,,,,,,BUF,single,1,10/3/2005,single,1,,,,,,,,,,,,,,,,,,,,,,,,,,,,,,,,,,10/9/2005,single,1,,,,,,,,,,,,,,,,yes,single,1
NYULSTC,detention,ULSTER CORRECTIONAL FACILITY,single,36105|36111,"Ulster County, NY|Sullivan County, NY",NY,"750 BERME RD, NAPANOCH, NY 12458",single,1,,,,,,,,,,,,,,,,Other,single,1,DMCP,single,1,,,,,,,2,single,1,ULSTER,single,1,,,,,,,,,,,,,NYC,single,1,,,,,,,,,,,,,,,,,,,,,,Ulster Immigration Court (co-located — same ZIP),single,1,,,,,,,,,,,,,,,,,,,,,,,,,,,,,,,yes,single,1
OAK,detention,OAKDALE FEDERAL DETENTION,single,22003|22039|22079,"Allen Parish, LA|Rapides Parish, LA|Evangeline Parish, LA",LA,"2105 EAST WHATLEY ROAD, OAKDALE, LA 71463",single,1,,,,,,,,,,,,,,,,IGSA,single,1,DMCP,single,1,,,,,,,5,single,1,ALLEN,single,1,OAK,single,1,,,,,,,,,,NOL,single,1,2/3/1986,single,1,,,,,,,,,,,,,,,,,,,Oakdale Immigration Court (co-located — same ZIP),single,1,,,,,,,,,,,,,11/2/2017,single,1,,,,,,,,,,,,,,,,yes,single,1
OAKHOLD,detention,OAKDALE HOLDING ROOM,single,22003|22039|22079,"Allen Parish, LA|Rapides Parish, LA|Evangeline Parish, LA",LA,"1010 E WHATLEY ROAD, OAKDALE, LA 71463",single,1,,,,,,,,,,,,,,,,Other,single,1,DMCP,single,1,,,,,,,5,single,1,ALLEN,single,1,OAK,single,1,HOLD,single,1,,,,,,,NOL,single,1,2/20/1987,single,1,,,,,,,no,single,1,,,,,,,,,,Oakdale Immigration Court (co-located — same ZIP),single,1,,,,,,,,,,,,,9/15/2016,single,1,,,,,,,,,,,,,,,,yes,single,1
OAKLACA,detention,OAKLAND CITY JAIL,single,06001,"Alameda County, CA",CA,"611 BROADWAY, OAKLAND, CA 94607",single,1,,,,,,,,,,,,,,,,IGSA,single,1,DMCP,single,1,,,,,,,9,single,1,ALAMEDA,single,1,SFR,single,1,,,,,,,,,,SFR,single,1,4/2/1990,single,1,,,,,,,yes,single,1,,,,,,,,,,,,,,,,,,,,,,,,,6/19/2006,single,1,,,,,,,,,,,,,,,,yes,single,1
OBRIJIA,detention,OBRIEN COUNTY JAIL (IOWA),single,19141,"O'Brien County, IA",IA,"240 1ST STREET NORTHEAST, PRINGHAR, IA 51245",single,1,,,,,,,,,,,,,,,,IGSA,single,1,DMCP,single,1,,,,,,,8,single,1,O'BRIEN,single,1,OMA,single,1,,,,,,,,,,SPM,single,1,2/27/1997,single,1,,,,,,,,,,,,,,,,,,,,,,,,,,,,,,,,,,3/12/2003,single,1,,,,,,,,,,,,,,,,yes,single,1
OCCWJCA,detention,ORANGE COUNTY CENTRAL WOMEN'S JAIL,single,06059,"Orange County, CA",CA,"550 NORTH FLOWER STREET, SANTA ANA, CA 92703",single,1,,,,,,,,,,,,,,,,IGSA,single,1,DMCP,single,1,,,,,,,9,single,1,ORANGE,single,1,SAA,single,1,,,,,,,,,,LOS,single,1,1/21/2014,single,1,,,,,,,no,single,1,,,,,,,,,,,,,,,,,,,,,,,,,11/4/2017,single,1,,,,,,,,,,,,,,,,yes,single,1
OCIRCCA,detention,ORANGE COUNTY INTAKE RELEASE FACILITY,single,06059,"Orange County, CA",CA,"550 NORTH FLOWER STREET, SANTA ANA, CA 92703",single,1,,,,,,,,,,,,,,,,IGSA,single,1,DMCP,single,1,,,,,,,9,single,1,ORANGE,single,1,LOS,single,1,,,,,,,,,,LOS,single,1,11/5/2010,single,1,,,,,,,no,single,1,,,,,,,,,,,,,,,,,,,,,,,,,11/4/2017,single,1,,,,,,,,,,,,,,,,yes,single,1
ODESSTX,detention,ODESSA DETENTION CENTER,single,48135,"Ector County, TX",TX,"205 NORTH GRANT AVENUE, ODESSA, TX 79761",single,1,,,,,,,,,,,,,,,,IGSA,single,1,DMCP,single,1,,,,,,,5,single,1,ECTOR,single,1,EPC,single,1,,,,,,,,,,ELP,single,1,3/26/2002,single,1,,,,,,,no,single,1,,,,,,,,,,,,,,,,,,,,,,,,,12/12/2012,single,1,,,,,,,,,,,,,,,,yes,single,1
OGCMCCA,detention,ORANGE CO MEDICAL CENTER,single,06059,"Orange County, CA",CA,"1001 N TUSTIN AVE, SANTA ANA, CA 92705",single,1,,,,,,,,,,,,,,,,Other,single,1,OTHER,single,1,,,,,,,9,single,1,ORANGE,single,1,,,,HOSPITAL,single,1,,,,,,,LOS,single,1,1/6/2016,single,1,,,,,,,,,,,,,,,,,,,Santa Ana Immigration Court (co-located — same ZIP),single,1,,,,,,,,,,,,,5/15/2017,single,1,,,,,,,,,,,,,,,,no,single,1
OGLECIL,detention,OGLE COUNTY JAIL,single,17141,"Ogle County, IL",IL,"103 JEFFERSON STREET, OREGON, IL 61061",single,1,,,,,,,,,,,,,,,,IGSA,single,1,DMCP,single,1,,,,,,,7,single,1,OGLE,single,1,CHI,single,1,,,,,,,,,,CHI,single,1,7/22/1998,single,1,,,,,,,,,,,,,,,,,,,,,,,,,,,,,,,,,,10/30/2002,single,1,,,,,,,,,,,,,,,,yes,single,1
OGUHOLD,detention,OGDEN HOLD ROOM,single,49057,"Weber County, UT",UT,"2487 S. 1620 W. UNIT E., OGDEN, UT 84401",single,1,,,,,,,,,,,,,,,,Other,single,1,DMCP,single,1,,,,,,,10,single,1,WEBER,single,1,OGU,single,1,HOLD,single,1,,,,,,,SLC,single,1,,,,,,,,,,no,single,1,,,,,,,,,,,,,,,,,,,,,,,,,,,,,,,,,,,,,,,,,,,yes,single,1
OKANOWA,detention,OKANOGAN COUNTY,single,53047,"Okanogan County, WA",WA,"149 4TH AVENUE NORTH, OKANOGAN, WA 98840",single,1,,,,,,,,,,,,,,,,IGSA,single,1,DMCP,single,1,,,,,,,9,single,1,OKANOGAN,single,1,WNT,single,1,,,,,,,,,,SEA,single,1,10/1/1992,single,1,,,,,,,no,single,1,,,,,,,,,,,,,,,,,,,,,,,,,11/17/2016,single,1,,,,,,,,,,,,,,,,yes,single,1
OKCHOLD,detention,OKLAHOMA CITY HOLD ROOM,single,40109,"Oklahoma County, OK",OK,"4400 SW 44TH STREET, OKLAHOMA CITY, OK 73119",single,1,,,,,,,,,,,,,,,,Other,single,1,DMCP,single,1,,,,,,,10,single,1,OKLAHOMA CITY,single,1,OKC,single,1,HOLD,single,1,,,,,,,DAL,single,1,3/5/2013,single,1,,,,,,,no,single,1,,,,,,,,,,,,,,,,,,,,,,,,,9/12/2017,single,1,,,,,,,,,,,,,,,,yes,single,1
OKCOJOK,detention,OKLAHOMA COUNTY JAIL,single,40109,"Oklahoma County, OK",OK,"201 NORTH SHARTEL AVENUE, OKLAHOMA CITY, OK 73102",single,1,,,,,,,,,,,,,,,,IGSA,single,1,DMCP,single,1,,,,,,,10,single,1,OKLAHOMA,single,1,OKC,single,1,,,,,,,,,,DAL,single,1,11/3/1989,single,1,,,,,,,yes,single,1,,,,,,,,,,,,,,,,,,,,,,,,,9/21/2008,single,1,,,,,,,,,,,,,,,,yes,single,1
OKMULOK,detention,OKMULGEE COUNTY JAIL,single,40111,"Okmulgee County, OK",OK,"314 W. 7TH STREET, OKMULGEE, OK 74447",single,1,,,,,,,,,,,,,,,,USMS IGA,single,1,DMCP,single,1,,,,,,,10,single,1,OKMULGEE,single,1,,,,,,,,,,,,,DAL,single,1,8/15/2017,single,1,,,,,,,yes,single,1,,,,,,,,,,,,,,,,,,,,,,,,,11/4/2017,single,1,,,,,,,,,,,,,,,,yes,single,1
OLACCLA,detention,LASALLE CORR CTR OLLA,single,22021|22025|22059|22127,"LaSalle Parish, LA|Winn Parish, LA|Caldwell Parish, LA|Catahoula Parish, LA",LA,"15976 Hwy 165, Olla, LA 71465",single,1,,,,,,,,,,,,,,,,DIGSA,single,1,,,,,,,,,,5,single,1,La Salle Parish,single,1,,,,,,,,,,,,,NOL,single,1,,,,,,,,,,yes,single,1,,,,,,,,,,,,,,,,,,,,,,,,,,,,,,,,,,,,,,,,,,,,,
OLDHAKY,detention,OLDHAM COUNTY DETENTION CENTER,conflict,21103|21185,"Oldham County, KY|Henry County, KY",KY,"3405 W HWY 146, LA GRANGE, KY 40031",conflict,2,63.1,single,1,31.2,single,1,20.1,single,1,21.1,single,1,135.5,single,1,USMS IGA,conflict,2,DMCP,single,1,39.7,single,1,,,,6,single,1,OLDHAM,single,1,CHI,single,1,,,,0,single,1,0.2,single,1,CHI,converged,2,12/23/1997,single,1,Female/Male,single,1,,,,yes,single,1,20.7,single,1,16.7,single,1,19.9,single,1,,,,Pass,single,1,2025-06-26,single,1,NDS 2019,single,1,ODO OASIP,single,1,11/2/2017,single,1,40.3,single,1,95,single,1,93,single,1,78.2,single,1,,,,yes,single,1
OLMSTMN,detention,OLMSTED COUNTY,single,27109,"Olmsted County, MN",MN,"101 4TH STREET SOUTHEAST, ROCHESTER, MN 55904",single,1,,,,,,,,,,,,,,,,IGSA,single,1,DMCP,single,1,,,,,,,8,single,1,OLMSTED,single,1,SPM,single,1,,,,,,,,,,SPM,single,1,2/6/1998,single,1,,,,,,,,,,,,,,,,,,,,,,,,,,,,,,,,,,3/6/2000,single,1,,,,,,,,,,,,,,,,yes,single,1
OMAHOLD,detention,OMAHA FIELD OFFICE HOLD ROOM,single,31055,"Douglas County, NE",NE,"2323 AVENUE J, OMAHA, NE 68110",single,1,,,,,,,,,,,,,,,,Other,single,1,DMCP,single,1,,,,,,,8,single,1,DOUGLAS,single,1,OMA,single,1,HOLD,single,1,,,,,,,SPM,single,1,3/13/2006,single,1,,,,,,,no,single,1,,,,,,,,,,Omaha Immigration Court (co-located — same ZIP),single,1,,,,,,,,,,,,,7/25/2017,single,1,,,,,,,,,,,,,,,,yes,single,1
ONECONY,detention,ONEIDA COUNTY JAIL,single,36065,"Oneida County, NY",NY,"6075 JUDD ROAD, ORISKANY, NY 13424",single,1,,,,,,,,,,,,,,,,IGSA,single,1,DMCP,single,1,,,,,,,2,single,1,ONEIDA,single,1,BUF,single,1,,,,,,,,,,BUF,single,1,11/10/1994,single,1,,,,,,,yes,single,1,,,,,,,,,,,,,,,,,,,,,,,,,1/3/2016,single,1,,,,,,,,,,,,,,,,yes,single,1
ONEIDID,detention,ONEIDA COUNTY JAIL,single,16071,"Oneida County, ID",ID,"10 COURT STREET, MALAD, ID 83252",single,1,,,,,,,,,,,,,,,,IGSA,single,1,DMCP,single,1,,,,,,,9,single,1,ONEIDA,single,1,HEL,single,1,,,,,,,,,,SLC,single,1,2/6/2004,single,1,,,,,,,,,,,,,,,,,,,,,,,,,,,,,,,,,,2/8/2004,single,1,,,,,,,,,,,,,,,,yes,single,1
ONONDNY,detention,ONONDAGA COUNTY JAIL,single,36067,"Onondaga County, NY",NY,"555 SOUTH STATE STREET, SYRACUSE, NY 13202",single,1,,,,,,,,,,,,,,,,USMS IGA,single,1,DMCP,single,1,,,,1,single,1,2,single,1,ONONDAGA,single,1,BUF,single,1,,,,,,,,,,BUF,single,1,7/14/1989,single,1,,,,,,,yes,single,1,,,,,,,,,,,,,,,,,,,,,,,,,7/9/2017,single,1,,,,,,,,,,,,,,,,yes,single,1
ONTARNY,detention,ONTARIO COUNTY JAIL,single,36069|36123,"Ontario County, NY|Yates County, NY",NY,"3045 COUNTY COMPLEX DRIVE, CANANDAIGUA, NY 14424",single,1,,,,,,,,,,,,,,,,USMS IGA,single,1,DMCP,single,1,,,,3,single,1,2,single,1,ONTARIO,single,1,BUF,single,1,,,,,,,,,,BUF,single,1,2/25/1988,single,1,,,,,,,yes,single,1,,,,,,,,,,,,,,,,,,,,,,,,,5/14/2015,single,1,,,,,,,,,,,,,,,,yes,single,1
OPJUVLA,detention,ORLEANS PARISH JUVENILE FACILITY,single,22071,"Orleans Parish, LA",LA,"2800 GRAVIER STREET, NEW ORLEANS, LA 70119",single,1,,,,,,,,,,,,,,,,IGSA,single,1,JFRMU,single,1,,,,,,,5,single,1,ORLEANS,single,1,NOL,single,1,JUVENILE,single,1,,,,,,,NOL,single,1,3/1/1993,single,1,,,,,,,,,,,,,,,,,,,,,,,,,,,,,,,,,,8/18/2004,single,1,,,,,,,,,,,,,,,,no,single,1
ORANGFL,detention,ORANGE COUNTY JAIL (FL),conflict,12095,"Orange County, FL",FL,"3855 SOUTH JOHN YOUNG PARKWAY, ORLANDO, FL 32839",converged,2,26.9,single,1,9,single,1,7.4,single,1,4.7,single,1,48,single,1,USMS IGA,converged,2,DMCP,single,1,2.6,single,1,5,single,1,11,single,1,ORANGE,single,1,ORL,single,1,,,,0.9,single,1,6.7,single,1,MIA,converged,2,2/5/1996,single,1,Female/Male,single,1,,,,no,single,1,4,single,1,4.1,single,1,3.1,single,1,,,,Pass,single,1,Scheduled FY26,single,1,NDS 2019,single,1,ODO,single,1,11/4/2017,single,1,7.7,single,1,32.7,single,1,22.9,single,1,36.7,single,1,,,,yes,single,1
ORANGNY,detention,ORANGE COUNTY JAIL (NY),conflict,36071,"Orange County, NY",NY,"110 WELLS FARM ROAD, GOSHEN, NY 10924",converged,2,25,single,1,6.9,single,1,56.5,single,1,65.5,single,1,153.9,single,1,IGSA,converged,2,DMCP,single,1,47.1,single,1,,,,2,single,1,ORANGE,single,1,VRK,single,1,,,,0.8,single,1,0,single,1,NYC,converged,2,8/19/2008,single,1,Male,single,1,,,,yes,single,1,42.6,single,1,33.5,single,1,20.4,single,1,,,,Pass,single,1,Scheduled FY26,single,1,NDS 2019,single,1,ODO,single,1,11/4/2017,single,1,75.7,single,1,77.5,single,1,70.9,single,1,57.6,single,1,,,,yes,single,1
ORLEANY,detention,ORLEANS COUNTY JAIL,single,36073,"Orleans County, NY",NY,"26 SOUTH PLATT STREET, ALBION, NY 14411",single,1,,,,,,,,,,,,,,,,IGSA,single,1,DMCP,single,1,,,,,,,2,single,1,ORLEANS,single,1,BUF,single,1,,,,,,,,,,BUF,single,1,10/20/1987,single,1,,,,,,,yes,single,1,,,,,,,,,,,,,,,,,,,,,,,,,8/10/2009,single,1,,,,,,,,,,,,,,,,yes,single,1
ORLEAVT,detention,ORLEANS COUNTY JAIL,single,50019,"Orleans County, VT",VT,"255 MAIN ST, NEWPORT, VT 05855",single,1,,,,,,,,,,,,,,,,IGSA,single,1,DMCP,single,1,,,,,,,2,single,1,ORLEANS,single,1,BOS,single,1,,,,,,,,,,BOS,single,1,,,,,,,,,,,,,,,,,,,,,,,,,,,,,,,,,,,,,,,,,,,,,,,,,,,,,,,yes,single,1
ORLHOLD,detention,ORLANDO HOLD ROOM,single,12095,"Orange County, FL",FL,"9403 TRADEPORT DRIVE, ORLANDO, FL 32827",single,1,,,,,,,,,,,,,,,,Other,single,1,DMCP,single,1,,,,,,,11,single,1,ORLANDO,single,1,ORL,single,1,HOLD,single,1,,,,,,,MIA,single,1,1/21/2001,single,1,,,,,,,no,single,1,,,,,,,,,,,,,,,,,,,,,,,,,10/15/2017,single,1,,,,,,,,,,,,,,,,yes,single,1
ORPARL2,detention,ORLEANS PARISH/SOUTH WHITE,single,22071,"Orleans Parish, LA",LA,"857 SOUTH WHITE, NEW ORLEANS, LA 70119",single,1,,,,,,,,,,,,,,,,IGSA,single,1,DMCP,single,1,,,,,,,5,single,1,ORLEANS PARISH,single,1,,,,,,,,,,,,,NOL,single,1,,,,,,,,,,no,single,1,,,,,,,,,,,,,,,,,,,,,,,,,,,,,,,,,,,,,,,,,,,yes,single,1
ORPARLA,detention,ORLEANS PARISH SHERIFF,single,22071,"Orleans Parish, LA",LA,"2800 GRAVIER STREET, NEW ORLEANS, LA 70119",single,1,,,,,,,,,,,,,,,,IGSA,single,1,DMCP,single,1,,,,,,,5,single,1,ORLEANS,single,1,NOL,single,1,,,,,,,,,,NOL,single,1,2/18/1987,single,1,,,,,,,yes,single,1,,,,,,,,,,,,,,,,,,,,,,,,,4/24/2012,single,1,,,,,,,,,,,,,,,,yes,single,1
OSAHOKS,detention,OSAWATAMIE STATE HOSPITAL,single,20059|20107|20121,"Miami County, KS|Franklin County, KS|Linn County, KS",KS,"500 STATE HOSPITAL DRIVE, OSAWATAMIE, KS 66064",single,1,,,,,,,,,,,,,,,,Other,single,1,OTHER,single,1,,,,,,,10,single,1,MIAMI,single,1,CHI,single,1,HOSPITAL,single,1,,,,,,,CHI,single,1,4/11/2008,single,1,,,,,,,,,,,,,,,,,,,,,,,,,,,,,,,,,,3/18/2013,single,1,,,,,,,,,,,,,,,,no,single,1
OSWEGNY,detention,OSWEGO COUNTY JAIL,single,36011|36075,"Oswego County, NY|Cayuga County, NY",NY,"39 CHURCHILL ROAD, OSWEGO, NY 13126",single,1,,,,,,,,,,,,,,,,IGSA,single,1,DMCP,single,1,,,,,,,2,single,1,OSWEGO,single,1,BUF,single,1,,,,,,,,,,BUF,single,1,3/28/1990,single,1,,,,,,,no,single,1,,,,,,,,,,,,,,,,,,,,,,,,,9/25/2007,single,1,,,,,,,,,,,,,,,,yes,single,1
OTEROCO,detention,OTERO COUNTY JAIL,single,08011|08089,"Otero County, CO|Bent County, CO",CO,"222 EAST SECOND STREET, LAJUNTA, CO 81050",single,1,,,,,,,,,,,,,,,,IGSA,single,1,DMCP,single,1,,,,,,,10,single,1,OTERO,single,1,EPC,single,1,,,,,,,,,,DEN,single,1,1/10/1997,single,1,,,,,,,,,,,,,,,,,,,,,,,,,,,,,,,,,,3/8/2006,single,1,,,,,,,,,,,,,,,,yes,single,1
OTERONM,detention,OTERO COUNTY DETENTION,single,35035,"Otero County, NM",NM,"1000 NEW YORK, ALAMOGORDO, NM 88310",single,1,,,,,,,,,,,,,,,,IGSA,single,1,DMCP,single,1,,,,,,,10,single,1,OTERO,single,1,EPC,single,1,,,,,,,,,,ELP,single,1,1/24/2003,single,1,,,,,,,no,single,1,,,,,,,,,,,,,,,,,,,,,,,,,2/7/2017,single,1,,,,,,,,,,,,,,,,yes,single,1
OTOECNE,detention,OTOE COUNTY JAIL,single,31131,"Otoe County, NE",NE,"1021 CENTRAL AVENUE, NEBRASKA CITY, NE 68410",single,1,,,,,,,,,,,,,,,,IGSA,single,1,DMCP,single,1,,,,,,,8,single,1,OTOE,single,1,OMA,single,1,,,,,,,,,,SPM,single,1,12/9/1996,single,1,,,,,,,,,,,,,,,,,,,,,,,,,,,,,,,,,,10/10/2002,single,1,,,,,,,,,,,,,,,,yes,single,1
OTROPNM,detention,OTERO COUNTY PRISON FACILITY,single,35013|35035,"Otero County, NM|Doña Ana County, NM",NM,"10 MCGREGOR RANGE ROAD, CHAPARRAL, NM 88081",single,1,,,,,,,,,,,,,,,,USMS IGA,single,1,DMCP,single,1,,,,,,,10,single,1,DONA ANA,single,1,EPC,single,1,,,,,,,,,,ELP,single,1,11/30/2005,single,1,,,,,,,yes,single,1,,,,,,,,,,Otero Immigration Court (co-located — same ZIP),single,1,,,,,,,,,,,,,9/20/2017,single,1,,,,,,,,,,,,,,,,yes,single,1
OTRPCNM,detention,OTERO COUNTY PROCESSING CENTER,converged,35013|35035,"Otero County, NM|Doña Ana County, NM",NM,"26 MCGREGOR RANGE ROAD, CHAPARRAL, NM 88081",converged,2,615.8,single,1,87,single,1,71.6,single,1,56.7,single,1,831.1,single,1,DIGSA,conflict,2,DMCP,single,1,64.8,single,1,1000,single,1,10,single,1,DONA ANA,single,1,OOP,single,1,DIGSA,single,1,7,single,1,130.5,single,1,ELP,converged,2,12/8/2001,single,1,Female/Male,single,1,650,single,1,yes,single,1,59.9,single,1,48.5,single,1,59.5,single,1,Otero Immigration Court (co-located — same ZIP),single,1,Pass,single,1,2026-02-26,single,1,PBNDS 2011 - 2016 Revisions,single,1,ODO,single,1,11/4/2017,single,1,126,single,1,567.5,single,1,349.5,single,1,663.1,single,1,,,,yes,single,1
OTSEGNY,detention,OTSEGO COUNTY JAIL,single,36077,"Otsego County, NY",NY,"172 COUNTY HIGHWAY 33 WEST, COOPERSTOWN, NY 13326",single,1,,,,,,,,,,,,,,,,IGSA,single,1,DMCP,single,1,,,,,,,2,single,1,OTSEGO,single,1,BUF,single,1,,,,,,,,,,BUF,single,1,2/22/1996,single,1,,,,,,,,,,,,,,,,,,,,,,,,,,,,,,,,,,1/17/2008,single,1,,,,,,,,,,,,,,,,yes,single,1
OTTAWMI,detention,OTTAWA COUNTY,single,26005|26139,"Ottawa County, MI|Allegan County, MI",MI,"3100 PORT SHELDON ROAD, HUDSONVILLE, MI 49426",single,1,,,,,,,,,,,,,,,,IGSA,single,1,DMCP,single,1,,,,,,,6,single,1,OTTAWA,single,1,DET,single,1,,,,,,,,,,DET,single,1,8/13/1991,single,1,,,,,,,,,,,,,,,,,,,,,,,,,,,,,,,,,,1/19/2006,single,1,,,,,,,,,,,,,,,,yes,single,1
OXFORME,detention,OXFORD COUNTY JAIL,single,23017,"Oxford County, ME",ME,"25 WESTERN AVENUE, SOUTH PARIS, ME 04281",single,1,,,,,,,,,,,,,,,,IGSA,single,1,DMCP,single,1,,,,,,,1,single,1,OXFORD,single,1,POM,single,1,,,,,,,,,,BOS,single,1,7/6/2004,single,1,,,,,,,,,,,,,,,,,,,,,,,,,,,,,,,,,,8/26/2004,single,1,,,,,,,,,,,,,,,,yes,single,1
OZAUKWI,detention,OZAUKEE COUNTY JAIL,single,55089,"Ozaukee County, WI",WI,"1201 S. SPRINGS, PORT WASHINGTON, WI 53074",single,1,,,,,,,,,,,,,,,,IGSA,single,1,DMCP,single,1,,,,,,,7,single,1,OZAUKEE,single,1,CHI,single,1,,,,,,,,,,CHI,single,1,11/29/2001,single,1,,,,,,,no,single,1,,,,,,,,,,,,,,,,,,,,,,,,,11/16/2005,single,1,,,,,,,,,,,,,,,,yes,single,1
PALMBFL,detention,PALM BEACH COUNTY JAIL,single,12099,"Palm Beach County, FL",FL,"3228 GUN CLUB ROAD, WEST PALM BEACH, FL 33406",single,1,,,,,,,,,,,,,,,,IGSA,single,1,DMCP,single,1,,,,,,,11,single,1,PALM BEACH,single,1,KRO,single,1,,,,,,,,,,MIA,single,1,9/26/1995,single,1,,,,,,,no,single,1,,,,,,,,,,,,,,,,,,,,,,,,,5/13/2009,single,1,,,,,,,,,,,,,,,,yes,single,1
PAMREVA,detention,PAMUNKEY REGIONAL JAIL,single,51033|51085|51101,"Hanover County, VA|Caroline County, VA|King William County, VA",VA,"7240 COURTLAND FARM ROAD, HANOVER, VA 23069",single,1,,,,,,,,,,,,,,,,USMS IGA,single,1,DMCP,single,1,,,,,,,4,single,1,HANOVER,single,1,WAS,single,1,,,,,,,,,,WAS,single,1,10/1/1999,single,1,,,,,,,yes,single,1,,,,,,,,,,,,,,,,,,,,,,,,,10/6/2010,single,1,,,,,,,,,,,,,,,,yes,single,1
PARKCMT,detention,PARK COUNTY DETENTION CENTER,single,30049,"Lewis and Clark County, MT",MT,"414 E. CALLENDAR PO BOX 43, LIVINGSTON, MT 59602",single,1,,,,,,,,,,,,,,,,IGSA,single,1,DMCP,single,1,,,,,,,9,single,1,LEWIS AND CLARK,single,1,HEL,single,1,,,,,,,,,,SLC,single,1,4/19/2008,single,1,,,,,,,,,,,,,,,,,,,,,,,,,,,,,,,,,,10/25/2009,single,1,,,,,,,,,,,,,,,,yes,single,1
PARKCWY,detention,PARK COUNTY JAIL,single,56029,"Park County, WY",WY,"1402 RIVER VIEW DRIVE, CODY, WY 82414",single,1,,,,,,,,,,,,,,,,IGSA,single,1,DMCP,single,1,,,,,,,10,single,1,PARK,single,1,DEN,single,1,,,,,,,,,,DEN,single,1,10/4/2007,single,1,,,,,,,,,,,,,,,,,,,,,,,,,,,,,,,,,,7/7/2008,single,1,,,,,,,,,,,,,,,,yes,single,1
PARKJCO,detention,PARK COUNTY JAIL,single,08093,"Park County, CO",CO,"1180 COUNTY ROAD 16, FAIRPLAY, CO 80440",single,1,,,,,,,,,,,,,,,,IGSA,single,1,DMCP,single,1,,,,,,,10,single,1,PARK,single,1,DEN,single,1,,,,,,,,,,DEN,single,1,11/16/1990,single,1,,,,,,,yes,single,1,,,,,,,,,,,,,,,,,,,,,,,,,7/29/2016,single,1,,,,,,,,,,,,,,,,yes,single,1
PASADCA,detention,PASADENA CITY JAIL,single,06037,"Los Angeles County, CA",CA,"207 NORTH GARFIELD AVENUE, PASADENA, CA 91101",single,1,,,,,,,,,,,,,,,,IGSA,single,1,DMCP,single,1,,,,,,,9,single,1,LEE,single,1,LOS,single,1,,,,,,,,,,LOS,single,1,5/24/2004,single,1,,,,,,,no,single,1,,,,,,,,,,,,,,,,,,,,,,,,,1/20/2013,single,1,,,,,,,,,,,,,,,,yes,single,1
PASSANJ,detention,PASSAIC COUNTY JAIL,single,34031,"Passaic County, NJ",NJ,"11 SHERIFFS PLAZA, PATERSON, NJ 07501",single,1,,,,,,,,,,,,,,,,IGSA,single,1,DMCP,single,1,,,,,,,3,single,1,PASSAIC,single,1,VRK,single,1,,,,,,,,,,NEW,single,1,1/1/1988,single,1,,,,,,,yes,single,1,,,,,,,,,,,,,,,,,,,,,,,,,4/3/2006,single,1,,,,,,,,,,,,,,,,yes,single,1
PAULDGA,detention,PAULDING COUNTY GEORGIA,single,13223,"Paulding County, GA",GA,"25 INDUSTRIAL WAY NORTH, DALLAS, GA 30132",single,1,,,,,,,,,,,,,,,,IGSA,single,1,DMCP,single,1,,,,,,,11,single,1,PAULDING,single,1,ATL,single,1,,,,,,,,,,ATL,single,1,8/7/1990,single,1,,,,,,,,,,,,,,,,,,,,,,,,,,,,,,,,,,1/9/2003,single,1,,,,,,,,,,,,,,,,yes,single,1
PAVHRPR,detention,PAVIA HOSPITAL-HATO TEY,single,72127,"San Juan Municipio, PR",PR,"435 PONCE DE LEON AVENUE, SAN JUAN, PR 00917",single,1,,,,,,,,,,,,,,,,Other,single,1,OTHER,single,1,,,,,,,1,single,1,COUNTY,single,1,MIA,single,1,HOSPITAL,single,1,,,,,,,MIA,single,1,1/25/2016,single,1,,,,,,,,,,,,,,,,,,,,,,,,,,,,,,,,,,4/21/2017,single,1,,,,,,,,,,,,,,,,no,single,1
PCJDCIL,detention,PEORIA COUNTY JUV DET CENTER,single,17143,"Peoria County, IL",IL,"223 N MAXWELL RD, PEORIA, IL 61604",single,1,,,,,,,,,,,,,,,,IGSA,single,1,JFRMU,single,1,,,,,,,7,single,1,PEORIA,single,1,CHI,single,1,JUVENILE,single,1,,,,,,,CHI,single,1,12/7/2016,single,1,,,,,,,yes,single,1,,,,,,,,,,,,,,,,,,,,,,,,,12/7/2016,single,1,,,,,,,,,,,,,,,,no,single,1
PCSHOLD,detention,PECOS HOLD ROOM,single,48389,"Reeves County, TX",TX,"250 EAST PALMER ROAD, PECOS, TX 79772",single,1,,,,,,,,,,,,,,,,Other,single,1,DMCP,single,1,,,,,,,5,single,1,REEVES,single,1,PCS,single,1,HOLD,single,1,,,,,,,ELP,single,1,3/10/2010,single,1,,,,,,,no,single,1,,,,,,,,,,,,,,,,,,,,,,,,,10/2/2017,single,1,,,,,,,,,,,,,,,,yes,single,1
PDNHOLD,detention,PDN HOLD ROOM,single,48141,"El Paso County, TX",TX,"1000 S. EL PASO STREET, EL PASO, TX 79901",single,1,,,,,,,,,,,,,,,,Other,single,1,DMCP,single,1,,,,,,,5,single,1,EL PASO,single,1,EPC,single,1,HOLD,single,1,,,,,,,ELP,single,1,7/13/2012,single,1,,,,,,,no,single,1,,,,,,,,,,El Paso Immigration Court (co-located — same ZIP),single,1,,,,,,,,,,,,,5/17/2013,single,1,,,,,,,,,,,,,,,,yes,single,1
PECOSTX,detention,PECOS CRIMINAL JUSTICE CENTER,single,48389,"Reeves County, TX",TX,"172 WEST RAUL FLOREZ BOULEVARD, PECOS, TX 79772",single,1,,,,,,,,,,,,,,,,IGSA,single,1,DMCP,single,1,,,,,,,5,single,1,REEVES,single,1,EPC,single,1,,,,,,,,,,ELP,single,1,2/28/2008,single,1,,,,,,,,,,,,,,,,,,,,,,,,,,,,,,,,,,6/25/2012,single,1,,,,,,,,,,,,,,,,yes,single,1
PEMBIND,detention,PEMBINA COUNTY JAIL,single,38067,"Pembina County, ND",ND,"308 COURT HOUSE DRIVE, CAVALIER, ND 58220",single,1,,,,,,,,,,,,,,,,IGSA,single,1,DMCP,single,1,,,,,,,8,single,1,PEMBINA,single,1,SPM,single,1,,,,,,,,,,SPM,single,1,6/7/1996,single,1,,,,,,,no,single,1,,,,,,,,,,,,,,,,,,,,,,,,,5/21/2009,single,1,,,,,,,,,,,,,,,,yes,single,1
PENDOWA,detention,PEND ORIELLE CORRECTIONAL FACILITY,single,53051|53063,"Pend Oreille County, WA|Spokane County, WA",WA,"331 SOUTH GARDEN AVENUE, NEWPORT, WA 99156",single,1,,,,,,,,,,,,,,,,IGSA,single,1,DMCP,single,1,,,,,,,9,single,1,PEND OREILLE,single,1,SEA,single,1,,,,,,,,,,SEA,single,1,6/19/2004,single,1,,,,,,,,,,,,,,,,,,,,,,,,,,,,,,,,,,4/28/2009,single,1,,,,,,,,,,,,,,,,yes,single,1
PENNIMN,detention,PENNINGTON COUNTY,single,27089|27113,"Pennington County, MN|Marshall County, MN",MN,"P.O. BOX 484, THIEFRIVER FALLS, MN 56701",single,1,,,,,,,,,,,,,,,,IGSA,single,1,DMCP,single,1,,,,,,,8,single,1,PENNINGTON,single,1,SPM,single,1,,,,,,,,,,SPM,single,1,6/11/1996,single,1,,,,,,,,,,,,,,,,,,,,,,,,,,,,,,,,,,12/17/2006,single,1,,,,,,,,,,,,,,,,yes,single,1
PENNISD,detention,PENNINGTON COUNTY JAIL (SOUTH DAKOTA),converged,46093|46103,"Pennington County, SD|Meade County, SD",SD,"300 KANSAS CITY STREET NONE, RAPID CITY, SD 57701",conflict,2,2.3,single,1,0.3,single,1,0.3,single,1,0.4,single,1,3.3,single,1,USMS IGA,converged,2,DMCP,single,1,3.9,single,1,5,single,1,8,single,1,PENNINGTON,single,1,SPM,single,1,,,,0,single,1,0.1,single,1,SPM,converged,2,6/14/1994,single,1,Female/Male,single,1,,,,yes,single,1,0.3,single,1,0.2,single,1,0.4,single,1,,,,Pass,single,1,Scheduled FY26,single,1,ORSA NDS 2019,single,1,ORSA,single,1,11/2/2017,single,1,0.8,single,1,2.4,single,1,2.2,single,1,2.3,single,1,,,,yes,single,1
PENOBME,detention,PENOBSCOT COUNTY JAIL,single,23019,"Penobscot County, ME",ME,"85 HAMMOND STREET, BANGOR, ME 04401",single,1,,,,,,,,,,,,,,,,USMS IGA,single,1,DMCP,single,1,,,,,,,1,single,1,PENOBSCOT,single,1,POM,single,1,,,,,,,,,,BOS,single,1,2/10/1995,single,1,,,,,,,no,single,1,,,,,,,,,,,,,,,,,,,,,,,,,10/1/2013,single,1,,,,,,,,,,,,,,,,yes,single,1
PERRYAL,detention,PERRY COUNTY CORRECTIONAL CENTER,single,01065|01091|01105,"Perry County, AL|Marengo County, AL|Hale County, AL",AL,"UNITED STATES HIGHWAY 80 EAST, UNIONTOWN, AL 36786",single,1,,,,,,,,,,,,,,,,IGSA,single,1,DMCP,single,1,,,,,,,11,single,1,PERRY,single,1,NOL,single,1,,,,,,,,,,NOL,single,1,7/22/2006,single,1,,,,,,,yes,single,1,,,,,,,,,,,,,,,,,,,,,,,,,6/8/2009,single,1,,,,,,,,,,,,,,,,yes,single,1
PERRYIL,detention,PERRY COUNTY JAIL,single,17077|17145,"Perry County, IL|Jackson County, IL",IL,"12 EAST WATER STREET, PINCKNEYVILLE, IL 62274",single,1,,,,,,,,,,,,,,,,IGSA,single,1,DMCP,single,1,,,,,,,7,single,1,PERRY,single,1,CHI,single,1,,,,,,,,,,CHI,single,1,10/8/1997,single,1,,,,,,,,,,,,,,,,,,,,,,,,,,,,,,,,,,4/27/2003,single,1,,,,,,,,,,,,,,,,yes,single,1
PHELPNE,detention,PHELPS COUNTY JAIL (NE),conflict,31083|31137,"Phelps County, NE|Harlan County, NE",NE,"715 5TH AVENUE, HOLDREGE, NE 68949",converged,2,5.7,single,1,4.3,single,1,5.4,single,1,7.6,single,1,23,single,1,USMS IGA,converged,2,DMCP,single,1,44.7,single,1,20,single,1,8,single,1,PHELPS,single,1,OMA,single,1,,,,1.1,single,1,0.9,single,1,SPM,converged,2,2/29/2000,single,1,Female/Male,single,1,,,,yes,single,1,6.4,single,1,6,single,1,5.6,single,1,,,,Pass,single,1,2025-02-06,single,1,NDS 2019,single,1,ODO,single,1,11/4/2017,single,1,12.2,single,1,8.9,single,1,18.1,single,1,5.1,single,1,,,,yes,single,1
PHIHOLD,detention,PHILADELPHIA DISTRICT OFFICE HOLD ROOM,single,42101,"Philadelphia County, PA",PA,"1600 CALLOWHILL ST, PHILADELPHIA, PA 19130",single,1,,,,,,,,,,,,,,,,Other,single,1,DMCP,single,1,,,,,,,3,single,1,PHILADELPHIA,single,1,PHI,single,1,HOLD,single,1,,,,,,,PHI,single,1,6/16/1980,single,1,,,,,,,no,single,1,,,,,,,,,,,,,,,,,,,,,,,,,9/28/2017,single,1,,,,,,,,,,,,,,,,yes,single,1
PHILLMT,detention,PHILLIPS COUNTY JAIL (MONTANA),single,30071,"Phillips County, MT",MT,"314 SOUTH 2ND AVENUE WEST, MALTA, MT 59538",single,1,,,,,,,,,,,,,,,,IGSA,single,1,DMCP,single,1,,,,,,,9,single,1,PHILLIPS,single,1,HEL,single,1,,,,,,,,,,SLC,single,1,6/28/1992,single,1,,,,,,,,,,,,,,,,,,,,,,,,,,,,,,,,,,4/6/2010,single,1,,,,,,,,,,,,,,,,yes,single,1
PHOHOLD,detention,PHOENIX DISTRICT OFFICE,single,04013,"Maricopa County, AZ",AZ,"2035 NORTH CENTRAL AVENUE, PHOENIX, AZ 85004",single,1,,,,,,,,,,,,,,,,Other,single,1,DMCP,single,1,,,,,,,9,single,1,MARICOPA,single,1,PHO,single,1,HOLD,single,1,,,,,,,PHO,single,1,12/9/1997,single,1,,,,,,,no,single,1,,,,,,,,,,,,,,,,,,,,,,,,,11/4/2017,single,1,,,,,,,,,,,,,,,,yes,single,1
PIC,detention,PORT ISABEL SPC,conflict,48061,"Cameron County, TX",TX,"27991 BUENA VISTA BOULEVARD, LOS FRESNOS, TX 78566",conflict,3,937.8,single,1,87.8,single,1,62.8,single,1,63.3,single,1,1151.7,single,1,SPC,converged,2,DMCP,single,1,6.8,single,1,1175,single,1,5,single,1,CAMERON,single,1,PIC,single,1,,,,1.3,single,1,10.7,single,1,HLG,conflict,3,4/13/1985,single,1,Female/Male,single,1,650,conflict,2,yes,single,1,82.9,single,1,49.4,single,1,90.2,single,1,Port Isabel Immigration Court (co-located — same ZIP),single,1,Pass,single,1,2026-05-21,single,1,PBNDS 2011 - 2016 Revisions,single,1,ODO,single,1,11/4/2017,single,1,164.4,single,1,975.4,single,1,677.6,single,1,929.3,single,1,(956) 547-1700,single,1,yes,single,1
PICKJOH,detention,PICKAWAY COUNTY JAIL,single,39045|39129,"Pickaway County, OH|Fairfield County, OH",OH,"600 ISLAND ROAD, CIRCLEVILLE, OH 43113",single,1,,,,,,,,,,,,,,,,IGSA,single,1,DMCP,single,1,,,,,,,6,single,1,PICKAWAY,single,1,CLE,single,1,,,,,,,,,,DET,single,1,3/8/1996,single,1,,,,,,,yes,single,1,,,,,,,,,,,,,,,,,,,,,,,,,2/4/2016,single,1,,,,,,,,,,,,,,,,yes,single,1
PIEPDOK,detention,PIEDMONT POLICE DEPARTMENT,single,40017|40073|40109,"Canadian County, OK|Oklahoma County, OK|Kingfisher County, OK",OK,"415 PIEDMONT ROAD, PIEDMONT, OK 73078",single,1,,,,,,,,,,,,,,,,IGSA,single,1,DMCP,single,1,,,,,,,10,single,1,CANADIAN,single,1,OKC,single,1,,,,,,,,,,DAL,single,1,,,,,,,,,,,,,,,,,,,,,,,,,,,,,,,,,,,,,,,,,,,,,,,,,,,,,,,yes,single,1
PIERCNE,detention,PIERCE COUNTY JAIL,single,31139|31179,"Pierce County, NE|Wayne County, NE",NE,"111 WEST COURT STREET, PIERCE, NE 68767",single,1,,,,,,,,,,,,,,,,IGSA,single,1,DMCP,single,1,,,,,,,8,single,1,PIERCE,single,1,OMA,single,1,,,,,,,,,,SPM,single,1,1/4/1993,single,1,,,,,,,,,,,,,,,,,,,,,,,,,,,,,,,,,,12/16/2002,single,1,,,,,,,,,,,,,,,,yes,single,1
PIKCOPA,detention,PIKE COUNTY JAIL,conflict,42103|42127,"Pike County, PA|Wayne County, PA",PA,"175 PIKE COUNTY BOULEVARD, LORDS VALLEY, PA 18428",conflict,3,142.9,single,1,47.1,single,1,31.7,single,1,26,single,1,247.7,single,1,IGSA,converged,2,DMCP,single,1,66.1,single,1,,,,3,single,1,PIKE,single,1,PKE,single,1,,,,0,single,1,0,single,1,PHI,converged,3,3/13/1996,single,1,Male,single,1,285,single,1,yes,single,1,40.1,single,1,19.7,single,1,26.4,single,1,,,,Pass,single,1,2025-02-27,single,1,PBNDS 2011 - 2016 Revisions,single,1,ODO,single,1,11/4/2017,single,1,64.2,single,1,183.5,single,1,108.2,single,1,161.6,single,1,(570) 775-5500,single,1,yes,single,1
PIMAJAZ,detention,PIMA COUNTY JAIL,single,04019,"Pima County, AZ",AZ,"1270 WEST SILVERLAKE ROAD, TUCSON, AZ 85713",single,1,,,,,,,,,,,,,,,,IGSA,single,1,DMCP,single,1,,,,,,,9,single,1,PIMA,single,1,TUC,single,1,,,,,,,,,,PHO,single,1,12/10/1992,single,1,,,,,,,,,,,,,,,,,,,,,,,,,,,,,,,,,,11/4/2017,single,1,,,,,,,,,,,,,,,,yes,single,1
PINALAZ,detention,PINAL COUNTY JAIL,single,04021,"Pinal County, AZ",AZ,"971 N. JASON LOPEZ CIRCLE, FLORENCE, AZ 85132",single,1,,,,,,,,,,,,,,,,IGSA,single,1,DMCP,single,1,,,,,,,9,single,1,PINAL,single,1,FLO,single,1,,,,,,,,,,PHO,single,1,10/30/1992,single,1,,,,,,,yes,single,1,,,,,,,,,,Florence Immigration Court (co-located — same ZIP),single,1,,,,,,,,,,,,,9/27/2017,single,1,,,,,,,,,,,,,,,,yes,single,1
PINELFL,detention,PINELLAS COUNTY JAIL,converged,12103,"Pinellas County, FL",FL,"14400 49TH STREET NORTH, CLEARWATER, FL 33762",converged,2,20.7,single,1,5,single,1,4.4,single,1,3.3,single,1,33.4,single,1,USMS IGA,converged,2,DMCP,single,1,1.8,single,1,5,single,1,11,single,1,PINELLAS,single,1,TAM,single,1,,,,0.7,single,1,6,single,1,MIA,converged,2,10/1/1998,single,1,Female/Male,single,1,,,,no,single,1,3.8,single,1,2.3,single,1,3.6,single,1,,,,Pass,single,1,Scheduled FY27,single,1,NDS 2019,single,1,ODO,single,1,11/4/2017,single,1,5.4,single,1,21.2,single,1,15.4,single,1,23.7,single,1,,,,yes,single,1
PINEPLA,detention,PINE PRAIRIE ICE PROCESSING CENTER,conflict,22039,"Evangeline Parish, LA",LA,"1133 HAMPTON DUPRE ROAD, PINE PRAIRIE, LA 70576",converged,3,476,single,1,110.3,single,1,115.5,single,1,99.7,single,1,801.5,single,1,DIGSA,conflict,2,DMCP,single,1,15.8,single,1,700,single,1,5,single,1,EVANGELINE,single,1,OAK,single,1,DIGSA,single,1,0,single,1,0,single,1,NOL,converged,3,2/28/2000,single,1,Male,single,1,,,,yes,single,1,111.9,single,1,48.2,single,1,69,single,1,,,,Pass,single,1,2026-04-02,single,1,PBNDS 2011 - 2016 Revisions,single,1,ODO,single,1,11/4/2017,single,1,176.1,single,1,625.5,single,1,572.8,single,1,572.4,single,1,(504) 599-7845,single,1,yes,single,1
PISCAME,detention,PISCATAQUIS COUNTY JAIL,single,23021,"Piscataquis County, ME",ME,"52 COURT STREET, DOVER-FOXCROFT, ME 04426",single,1,,,,,,,,,,,,,,,,USMS IGA,single,1,DMCP,single,1,,,,3,single,1,1,single,1,PISCATAQUIS,single,1,POM,single,1,,,,,,,,,,BOS,single,1,3/14/1997,single,1,,,,,,,no,single,1,,,,,,,,,,,,,,,,,,,,,,,,,6/1/2014,single,1,,,,,,,,,,,,,,,,yes,single,1
PITHOLD,detention,PITTSBURGH HOLD ROOM,single,42003,"Allegheny County, PA",PA,"3000 SIDNEY ST SUITE 100, PITTSBURGH, PA 15203",single,1,,,,,,,,,,,,,,,,Other,single,1,DMCP,single,1,,,,,,,3,single,1,ALLEGHENY,single,1,,,,HOLD,single,1,,,,,,,PHI,single,1,8/9/2017,single,1,,,,,,,no,single,1,,,,,,,,,,,,,,,,,,,,,,,,,10/12/2017,single,1,,,,,,,,,,,,,,,,yes,single,1
PITKICO,detention,PITKIN COUNTY JAIL,single,08097,"Pitkin County, CO",CO,"506 EAST MAIN STREET, ASPEN, CO 81611",single,1,,,,,,,,,,,,,,,,IGSA,single,1,DMCP,single,1,,,,,,,10,single,1,PITKIN,single,1,DEN,single,1,,,,,,,,,,DEN,single,1,4/12/1991,single,1,,,,,,,,,,,,,,,,,,,,,,,,,,,,,,,,,,2/6/2008,single,1,,,,,,,,,,,,,,,,yes,single,1
PKEHOLD,detention,PIKE COUNTY ERO HOLD ROOM,single,42103|42127,"Pike County, PA|Wayne County, PA",PA,"170 PIKE COUNTY BLVD, HAWLEY, PA 18428",single,1,,,,,,,,,,,,,,,,Other,single,1,DMCP,single,1,,,,,,,3,single,1,PIKE,single,1,,,,HOLD,single,1,,,,,,,PHI,single,1,,,,,,,,,,no,single,1,,,,,,,,,,,,,,,,,,,,,,,,,,,,,,,,,,,,,,,,,,,yes,single,1
PLAQULA,detention,PLAQUEMINES PARISH DETENTION,single,22075|22087,"Plaquemines Parish, LA|St. Bernard Parish, LA",LA,"110 PRISON RD., BRAITHWAITHE, LA 70040",single,1,,,,,,,,,,,,,,,,IGSA,single,1,DMCP,single,1,,,,,,,5,single,1,PLAQUEMINES,single,1,NOL,single,1,,,,,,,,,,NOL,single,1,12/3/2001,single,1,,,,,,,yes,single,1,,,,,,,,,,,,,,,,,,,,,,,,,9/30/2005,single,1,,,,,,,,,,,,,,,,yes,single,1
PLATTMO,detention,PLATTE COUNTY DETENTION CENTER,single,29165,"Platte County, MO",MO,"415 THIRD STREET, PLATTE CITY, MO 64079",single,1,,,,,,,,,,,,,,,,IGSA,single,1,DMCP,single,1,,,,,,,8,single,1,PLATTE,single,1,KAN,single,1,,,,,,,,,,CHI,single,1,1/22/1992,single,1,,,,,,,yes,single,1,,,,,,,,,,,,,,,,,,,,,,,,,11/4/2017,single,1,,,,,,,,,,,,,,,,yes,single,1
PLATTNE,detention,PLATTE COUNTY JAIL (NEBRASKA),single,31023|31037|31121|31141|31143,"Platte County, NE|Polk County, NE|Butler County, NE|Colfax County, NE|Merrick County, NE",NE,"1125 17TH STREET EAST, COLUMBUS, NE 68601",single,1,,,,,,,,,,,,,,,,IGSA,single,1,DMCP,single,1,,,,,,,8,single,1,PLATTE,single,1,OMA,single,1,,,,,,,,,,SPM,single,1,10/28/1996,single,1,,,,,,,,,,,,,,,,,,,,,,,,,,,,,,,,,,3/6/2001,single,1,,,,,,,,,,,,,,,,yes,single,1
PLATTWY,detention,PLATTE COUNTY JAIL,single,56001|56015|56031,"Platte County, WY|Albany County, WY|Goshen County, WY",WY,"850 MAPLE STREET, WHEATLAND, WY 82201",single,1,,,,,,,,,,,,,,,,USMS IGA,single,1,DMCP,single,1,,,,,,,10,single,1,PLATTE,single,1,DEN,single,1,,,,,,,,,,DEN,single,1,4/4/2000,single,1,,,,,,,no,single,1,,,,,,,,,,,,,,,,,,,,,,,,,11/4/2017,single,1,,,,,,,,,,,,,,,,yes,single,1
PLMBHTX,detention,PALMS BEHAVIORAL HEALTH,single,48061|48489,"Cameron County, TX|Willacy County, TX",TX,"613 VICTORIA LN, HARLINGEN, TX 78550",single,1,,,,,,,,,,,,,,,,Other,single,1,OTHER,single,1,,,,,,,5,single,1,CAMERON,single,1,,,,HOSPITAL,single,1,,,,,,,SNA,single,1,12/10/2016,single,1,,,,,,,,,,,,,,,,,,,Harlingen Immigration Court (co-located — same ZIP),single,1,,,,,,,,,,,,,12/10/2016,single,1,,,,,,,,,,,,,,,,no,single,1
PLRMCCA,detention,PALMDALE REGIONAL MEDICAL CENTER,single,06037,"Los Angeles County, CA",CA,"38600 MEDICAL CENTER DR, PALMDALE, CA 93551",single,1,,,,,,,,,,,,,,,,Other,single,1,OTHER,single,1,,,,,,,9,single,1,LOS ANGELES,single,1,,,,HOSPITAL,single,1,,,,,,,LOS,single,1,4/6/2015,single,1,,,,,,,,,,,,,,,,,,,,,,,,,,,,,,,,,,4/7/2015,single,1,,,,,,,,,,,,,,,,no,single,1
PLYMOMA,detention,PLYMOUTH COUNTY CORRECTIONAL FACILITY,converged,25001|25023,"Plymouth County, MA|Barnstable County, MA",MA,"26 LONG POND ROAD, PLYMOUTH, MA 02360",converged,3,201.7,single,1,34.1,single,1,134,single,1,119.3,single,1,489.1,single,1,IGSA,converged,2,DMCP,single,1,44,single,1,,,,1,single,1,PLYMOUTH,single,1,BOS,single,1,,,,0.1,single,1,0.2,single,1,BOS,converged,3,4/1/1994,single,1,Male,single,1,,,,yes,single,1,84.8,single,1,34.8,single,1,37.2,single,1,,,,Pass,single,1,2026-04-23,single,1,NDS 2025,single,1,ODO,single,1,11/4/2017,single,1,119.8,single,1,369,single,1,230.6,single,1,332.4,single,1,(508) 830-6200,single,1,yes,single,1
PMHOSFL,detention,PALMETTO HOSPITAL,single,12086,"Miami-Dade County, FL",FL,"2001 W. 68TH ST., HIALEAH, FL 33016",single,1,,,,,,,,,,,,,,,,Other,single,1,OTHER,single,1,,,,,,,11,single,1,MIAMI-DADE,single,1,KRO,single,1,HOSPITAL,single,1,,,,,,,MIA,single,1,10/21/2000,single,1,,,,,,,,,,,,,,,,,,,,,,,,,,,,,,,,,,11/4/2017,single,1,,,,,,,,,,,,,,,,no,single,1
PMREGVA,detention,PIEDMONT REGIONAL JAIL,single,51029|51049|51147,"Prince Edward County, VA|Cumberland County, VA|Buckingham County, VA",VA,"801 INDUSTRIAL PARK ROAD, FARMVILLE, VA 23901",single,1,,,,,,,,,,,,,,,,IGSA,single,1,DMCP,single,1,,,,,,,4,single,1,PRINCE EDWARD,single,1,WAS,single,1,,,,,,,,,,WAS,single,1,2/10/1997,single,1,,,,,,,yes,single,1,,,,,,,,,,,,,,,,,,,,,,,,,12/14/2009,single,1,,,,,,,,,,,,,,,,yes,single,1
POLKCMN,detention,POLK COUNTY JAIL,single,27119|27125,"Polk County, MN|Red Lake County, MN",MN,"BOX 416, CROOKSTON, MN 56716",single,1,,,,,,,,,,,,,,,,IGSA,single,1,DMCP,single,1,,,,,,,8,single,1,POLK,single,1,SPM,single,1,,,,,,,,,,SPM,single,1,9/15/1993,single,1,,,,,,,,,,,,,,,,,,,,,,,,,,,,,,,,,,1/6/2004,single,1,,,,,,,,,,,,,,,,yes,single,1
POLKCTX,detention,IAH SECURE ADULT DETENTION FACILITY (POLK),conflict,48373,"Polk County, TX",TX,"3400 FM 350 SOUTH, LIVINGSTON, TX 77351",converged,3,328.1,single,1,299.6,single,1,142.5,single,1,71.8,single,1,842,single,1,DIGSA,conflict,2,DMCP,single,1,77.7,single,1,1054,single,1,5,single,1,POLK,single,1,HOU,single,1,,,,0,single,1,0,single,1,HOU,converged,3,5/16/2006,single,1,Male,single,1,350,single,1,yes,single,1,106.7,single,1,72,single,1,92.6,single,1,,,,Pass,single,1,2025-12-18,single,1,NDS 2025,single,1,ODO,single,1,11/4/2017,single,1,225.4,single,1,616.6,single,1,433.7,single,1,570.6,single,1,(936) 967-1700,single,1,yes,single,1
POLKJFL,detention,POLK COUNTY JAIL,single,12105,"Polk County, FL",FL,"2390 BOB PHILIPS ROAD, BARTOW, FL 33830",single,1,,,,,,,,,,,,,,,,IGSA,single,1,DMCP,single,1,,,,,,,11,single,1,POLK,single,1,TAM,single,1,,,,,,,,,,MIA,single,1,10/2/1998,single,1,,,,,,,,,,,,,,,,,,,,,,,,,,,,,,,,,,10/26/2005,single,1,,,,,,,,,,,,,,,,yes,single,1
POLKJIA,detention,POLK COUNTY JAIL,converged,19153,"Polk County, IA",IA,"1985 NE 51ST PLACE, DES MOINES, IA 50313",converged,3,19.3,single,1,16,single,1,6.6,single,1,10.4,single,1,52.3,single,1,USMS IGA,converged,2,DMCP,single,1,22.8,single,1,,,,8,single,1,POLK,single,1,OMA,single,1,,,,0.5,single,1,3.2,single,1,SPM,converged,3,4/21/1992,single,1,Female/Male,single,1,,,,yes,single,1,10.2,single,1,11.1,single,1,12.8,single,1,,,,Fail,single,1,2025-02-06,single,1,NDS 2019,single,1,ODO,single,1,11/4/2017,single,1,24.4,single,1,24.1,single,1,35.4,single,1,18.1,single,1,(515) 323-5400,single,1,yes,single,1
POMHOLD,detention,PORTLAND MAINE HOLD ROOM,single,23005,"Cumberland County, ME",ME,"511 NORTHWEST BROADWAY, PORTLAND, ME 04101",single,1,,,,,,,,,,,,,,,,Other,single,1,DMCP,single,1,,,,,,,1,single,1,CUMBERLAND,single,1,POM,single,1,HOLD,single,1,,,,,,,BOS,single,1,6/22/2011,single,1,,,,,,,no,single,1,,,,,,,,,,,,,,,,,,,,,,,,,2/1/2016,single,1,,,,,,,,,,,,,,,,yes,single,1
POMONCA,detention,POMONA CITY JAIL,single,06037|06071,"Los Angeles County, CA|San Bernardino County, CA",CA,"490 WEST MISSION BOULEVARD, POMONA, CA 91766",single,1,,,,,,,,,,,,,,,,USMS IGA,single,1,DMCP,single,1,,,,,,,9,single,1,LOS ANGELES,single,1,SBD,single,1,,,,,,,,,,LOS,single,1,5/30/2008,single,1,,,,,,,no,single,1,,,,,,,,,,,,,,,,,,,,,,,,,3/5/2017,single,1,,,,,,,,,,,,,,,,yes,single,1
PONDEMT,detention,PONDERA COUNTY JAIL,single,30073|30099,"Pondera County, MT|Teton County, MT",MT,"20 4TH AVENUE SOUTHWEST, CONRAD, MT 59425",single,1,,,,,,,,,,,,,,,,IGSA,single,1,DMCP,single,1,,,,,,,9,single,1,PONDERA,single,1,HEL,single,1,,,,,,,,,,SLC,single,1,12/1/1990,single,1,,,,,,,,,,,,,,,,,,,,,,,,,,,,,,,,,,10/12/2010,single,1,,,,,,,,,,,,,,,,yes,single,1
POOHOLD,detention,PORTLAND DISTRICT OFFICE,single,41051,"Multnomah County, OR",OR,"1111 SOUTHWEST 2ND AVENUE, PORTLAND, OR 97204",single,1,,,,,,,,,,,,,,,,Other,single,1,DMCP,single,1,,,,,,,9,single,1,MULTNOMAH,single,1,POO,single,1,HOLD,single,1,,,,,,,SEA,single,1,11/13/1995,single,1,,,,,,,no,single,1,,,,,,,,,,Portland Immigration Court (co-located — same ZIP),single,1,,,,,,,,,,,,,11/2/2017,single,1,,,,,,,,,,,,,,,,yes,single,1
PORTSVA,detention,PORTSMOUTH CITY JAIL,single,51740,"Portsmouth city, VA",VA,"701 CRAWFORD STREET, PORTSMOUTH, VA 23704",single,1,,,,,,,,,,,,,,,,IGSA,single,1,DMCP,single,1,,,,,,,4,single,1,NORFOLK,single,1,VRK,single,1,,,,,,,,,,WAS,single,1,8/15/1990,single,1,,,,,,,,,,,,,,,,,,,,,,,,,,,,,,,,,,10/6/2006,single,1,,,,,,,,,,,,,,,,yes,single,1
POTTAIA,detention,POTTAWATTAMIE COUNTY JAIL,converged,19155,"Pottawattamie County, IA",IA,"1400 BIG LAKE ROAD, COUNCIL BLUFFS, IA 51501",converged,3,6.1,single,1,2.3,single,1,4.8,single,1,15.3,single,1,28.5,single,1,USMS IGA,converged,2,DMCP,single,1,17.8,single,1,10,single,1,8,single,1,POTTAWATTAMIE,single,1,OMA,single,1,,,,1.1,single,1,1.9,single,1,SPM,converged,3,11/29/1995,single,1,Female/Male,single,1,,,,yes,single,1,12.4,single,1,4.6,single,1,4.3,single,1,,,,Pass,single,1,2024-10-24,single,1,NDS 2019,single,1,ODO,single,1,11/4/2017,single,1,16,single,1,9.5,single,1,23,single,1,7.2,single,1,(712) 890-2250,single,1,yes,single,1
POWDRMT,detention,POWDER RIVER COUNTY JAIL,single,30075,"Powder River County, MT",MT,"114 N PARK AVENUE, BROADUS, MT 59317",single,1,,,,,,,,,,,,,,,,IGSA,single,1,DMCP,single,1,,,,,,,9,single,1,POWDER RIVER,single,1,,,,,,,,,,,,,SLC,single,1,,,,,,,,,,,,,,,,,,,,,,,,,,,,,,,,,,,,,,,,,,,,,,,,,,,,,,,yes,single,1
POWERID,detention,POWER COUNTY JAIL,single,16011|16031|16077,"Power County, ID|Cassia County, ID|Bingham County, ID",ID,"550 GIFFORD STREET, AMERICAN FALLS, ID 83211",single,1,,,,,,,,,,,,,,,,IGSA,single,1,DMCP,single,1,,,,,,,9,single,1,POWER,single,1,HEL,single,1,,,,,,,,,,SLC,single,1,6/24/1991,single,1,,,,,,,,,,,,,,,,,,,,,,,,,,,,,,,,,,6/24/1991,single,1,,,,,,,,,,,,,,,,yes,single,1
PRESITX,detention,PRESIDIO COUNTY JAIL,single,48377,"Presidio County, TX",TX,"310 NORTH HIGHLAND STREET, MARFA, TX 79843",single,1,,,,,,,,,,,,,,,,IGSA,single,1,DMCP,single,1,,,,,,,5,single,1,PRESIDIO,single,1,EPC,single,1,,,,,,,,,,ELP,single,1,10/31/1996,single,1,,,,,,,no,single,1,,,,,,,,,,,,,,,,,,,,,,,,,9/17/2011,single,1,,,,,,,,,,,,,,,,yes,single,1
PRLDCTX,detention,PRAIRIELAND DETENTION CENTER,conflict,48251,"Johnson County, TX",TX,"1209 SUNFLOWER LN, ALVARADO, TX 76009",conflict,3,596,single,1,95.4,single,1,115.5,single,1,70.1,single,1,877,single,1,DIGSA,conflict,2,DMCP,single,1,16.5,single,1,707,single,1,5,single,1,JOHNSON,single,1,PRL,single,1,DIGSA,single,1,21,single,1,97.6,single,1,DAL,converged,3,1/17/2017,single,1,Female/Male,single,1,525,converged,2,yes,single,1,94.5,single,1,50.4,single,1,76.8,single,1,,,,Pass,single,1,2025-12-18,single,1,NDS 2025,single,1,ODO,single,1,11/4/2017,single,1,130.5,single,1,627.9,single,1,589.2,single,1,655.3,single,1,(817) 409-3995,single,1,yes,single,1
PRLHOLD,detention,PRAIRIELAND SUBOFFICE HOLD ROOM,single,48251,"Johnson County, TX",TX,"1209 SUNFLOWER LN, ALVARADO, TX 76009",single,1,,,,,,,,,,,,,,,,Other,single,1,DMCP,single,1,,,,,,,5,single,1,JOHNSON,single,1,,,,HOLD,single,1,,,,,,,DAL,single,1,,,,,,,,,,no,single,1,,,,,,,,,,,,,,,,,,,,,,,,,,,,,,,,,,,,,,,,,,,yes,single,1
PROWECO,detention,PROWERS COUNTY JAIL,single,08011|08099,"Prowers County, CO|Bent County, CO",CO,"103 EAST OAK STREET, LAMAR, CO 81052",single,1,,,,,,,,,,,,,,,,IGSA,single,1,DMCP,single,1,,,,,,,10,single,1,PROWERS,single,1,DEN,single,1,,,,,,,,,,DEN,single,1,3/6/2006,single,1,,,,,,,,,,,,,,,,,,,,,,,,,,,,,,,,,,3/10/2010,single,1,,,,,,,,,,,,,,,,yes,single,1
PRUHOLD,detention,PROVO HOLD ROOM,single,49049,"Utah County, UT",UT,"3075 NORTH MAIN, SPANISH FORK, UT 84660",single,1,,,,,,,,,,,,,,,,Other,single,1,DMCP,single,1,,,,,,,10,single,1,UTAH,single,1,SLC,single,1,HOLD,single,1,,,,,,,SLC,single,1,,,,,,,,,,no,single,1,,,,,,,,,,,,,,,,,,,,,,,,,,,,,,,,,,,,,,,,,,,yes,single,1
PRVEGAL,detention,VEGA ALTA DETENTION,single,72051|72101|72143|72145,"Vega Alta Municipio, PR|Vega Baja Municipio, PR|Morovis Municipio, PR|Dorado Municipio, PR",PR,"BO. ESPINOSA CARR. #2 KM 2.4, VEGA ALTA, PR 00692",single,1,,,,,,,,,,,,,,,,IGSA,single,1,DMCP,single,1,,,,,,,1,single,1,VEGA ALTA,single,1,SAJ,single,1,,,,,,,,,,MIA,single,1,,,,,,,,,,,,,,,,,,,,,,,,,,,,,,,,,,,,,,,,,,,,,,,,,,,,,,,yes,single,1
PTCOULA,detention,POINTE COUPEE PARISH DETENTION CENTER,single,22077,"Pointe Coupee Parish, LA",LA,"10933 CAJUNII ROAD HWY 981, NEW ROADS, LA 70760",single,1,,,,,,,,,,,,,,,,IGSA,single,1,DMCP,single,1,,,,,,,5,single,1,POINTE COUPEE,single,1,OAK,single,1,,,,,,,,,,NOL,single,1,10/24/1988,single,1,,,,,,,,,,,,,,,,,,,,,,,,,,,,,,,,,,5/4/2005,single,1,,,,,,,,,,,,,,,,yes,single,1
PUEBLCO,detention,PUEBLO COUNTY JAIL,single,08101,"Pueblo County, CO",CO,"909 COURT STREET, PUEBLO, CO 81003",single,1,,,,,,,,,,,,,,,,USMS IGA,single,1,DMCP,single,1,,,,25,single,1,10,single,1,PUEBLO,single,1,DEN,single,1,,,,,,,,,,DEN,single,1,10/22/1990,single,1,,,,,,,no,single,1,,,,,,,,,,,,,,,,,,,,,,,,,3/27/2014,single,1,,,,,,,,,,,,,,,,yes,single,1
PUEHOLD,detention,PUEBLO HOLDROOM,single,08027|08043,"Fremont County, CO|Custer County, CO",CO,"935 STATE HIGHWAY 67, FLORENCE, CO 81226",single,1,,,,,,,,,,,,,,,,Other,single,1,DMCP,single,1,,,,,,,10,single,1,FREMONT,single,1,DEN,single,1,HOLD,single,1,,,,,,,DEN,single,1,9/1/2011,single,1,,,,,,,no,single,1,,,,,,,,,,,,,,,,,,,,,,,,,6/7/2017,single,1,,,,,,,,,,,,,,,,yes,single,1
PULASIL,detention,PULASKI COUNTY JAIL,single,17003|17153,"Pulaski County, IL|Alexander County, IL",IL,"1026 SHAWNEE COLLEGE ROAD, ULLIN, IL 62992",single,1,,,,,,,,,,,,,,,,IGSA,single,1,DMCP,single,1,,,,,,,7,single,1,PULASKI,single,1,CHI,single,1,,,,,,,,,,CHI,single,1,2/26/2016,single,1,,,,,,,yes,single,1,,,,,,,,,,,,,,,,,,,,,,,,,11/4/2017,single,1,,,,,,,,,,,,,,,,yes,single,1
PULASKY,detention,PULASKI COUNTY DETENTION CENTER,single,21199,"Pulaski County, KY",KY,"300 HAIL KNOB ROAD, SOMERSET, KY 42503",single,1,,,,,,,,,,,,,,,,IGSA,single,1,DMCP,single,1,,,,,,,6,single,1,PULASKI,single,1,CHI,single,1,,,,,,,,,,CHI,single,1,10/19/2000,single,1,,,,,,,,,,,,,,,,,,,,,,,,,,,,,,,,,,1/13/2006,single,1,,,,,,,,,,,,,,,,yes,single,1
PWHOSFL,detention,PALMS WEST HOSPITAL,single,12099,"Palm Beach County, FL",FL,"13001 SOUTHERN BLVD, LOXAHATCHEE, FL 33470",single,1,,,,,,,,,,,,,,,,Other,single,1,OTHER,single,1,,,,,,,11,single,1,PALM BEACH,single,1,KRO,single,1,HOSPITAL,single,1,,,,,,,MIA,single,1,2/16/2011,single,1,,,,,,,,,,,,,,,,,,,,,,,,,,,,,,,,,,2/26/2011,single,1,,,,,,,,,,,,,,,,no,single,1
PWILLVA,detention,PRINCE WILLIAM COUNTY CORRECTIONAL FACILITY,single,51153|51683|51685,"Manassas city, VA|Prince William County, VA|Manassas Park city, VA",VA,"9320 LEE AVENUE, MANASSAS, VA 20110",single,1,,,,,,,,,,,,,,,,USMS IGA,single,1,DMCP,single,1,,,,,,,4,single,1,MANASSAS CITY,single,1,WAS,single,1,,,,,,,,,,WAS,single,1,12/7/1991,single,1,,,,,,,no,single,1,,,,,,,,,,,,,,,,,,,,,,,,,10/10/2017,single,1,,,,,,,,,,,,,,,,yes,single,1
QLTYGCO,detention,QUALITY INN,single,08045,"Garfield County, CO",CO,"2650 GILSTRIP COURT, GLENWOOD SPRINGS, CO 81647",single,1,,,,,,,,,,,,,,,,Other,single,1,OTHER,single,1,,,,,,,10,single,1,GARFIELD,single,1,DEN,single,1,,,,,,,,,,DEN,single,1,4/8/2007,single,1,,,,,,,,,,,,,,,,,,,,,,,,,,,,,,,,,,4/8/2007,single,1,,,,,,,,,,,,,,,,no,single,1
QLTYSCA,detention,QUALITY SUITES,single,06073,"San Diego County, CA",CA,"2351 OTAY MESA DRIVE, CALIPATRIA, CA 92154",single,1,,,,,,,,,,,,,,,,Other,single,1,OTHER,single,1,,,,,,,9,single,1,SAN DIEGO,single,1,SND,single,1,,,,,,,,,,SND,single,1,3/17/2014,single,1,,,,,,,,,,,,,,,,,,,Otay Mesa Immigration Court (co-located — same ZIP),single,1,,,,,,,,,,,,,11/4/2017,single,1,,,,,,,,,,,,,,,,no,single,1
QUEHONY,detention,QUEENS HOUSE OF DETENTION,single,36081,"Queens County, NY",NY,"126-01 82ND STREET, KEW GARDENS, NY 11415",single,1,,,,,,,,,,,,,,,,IGSA,single,1,DMCP,single,1,,,,,,,2,single,1,QUEENS,single,1,CIP,single,1,,,,,,,,,,NYC,single,1,,,,,,,,,,,,,,,,,,,,,,,,,,,,,,,,,,,,,,,,,,,,,,,,,,,,,,,yes,single,1
QUEICDF,detention,INS/WACKENHUT CON/FAC NY,single,36081,"Queens County, NY",NY,"182-22 150TH AVE, JAMAICA, NY 11413",single,1,,,,,,,,,,,,,,,,Other,single,1,DMCP,single,1,,,,,,,2,single,1,QUEENS,single,1,VRK,single,1,,,,,,,,,,NYC,single,1,11/3/1990,single,1,,,,,,,,,,,,,,,,,,,,,,,,,,,,,,,,,,6/14/2005,single,1,,,,,,,,,,,,,,,,yes,single,1
RAADCMN,detention,RAMSEY COUNTY ADULT DETENTION CENTER,single,27123,"Ramsey County, MN",MN,"425 GROVE STREET, ST. PAUL, MN 55101",single,1,,,,,,,,,,,,,,,,USMS IGA,single,1,DMCP,single,1,,,,15,single,1,8,single,1,RAMSEY,single,1,SPM,single,1,,,,,,,,,,SPM,single,1,4/5/1997,single,1,,,,,,,yes,single,1,,,,,,,,,,,,,,,,,,,,,,,,,11/4/2017,single,1,,,,,,,,,,,,,,,,yes,single,1
RACINWI,detention,RACINE COUNTY JAIL,single,55059|55101,"Racine County, WI|Kenosha County, WI",WI,"717 WISCONSIN AVENUE, RACINE, WI 53403",single,1,,,,,,,,,,,,,,,,IGSA,single,1,DMCP,single,1,,,,,,,7,single,1,RACINE,single,1,CHI,single,1,,,,,,,,,,CHI,single,1,7/9/1997,single,1,,,,,,,yes,single,1,,,,,,,,,,,,,,,,,,,,,,,,,10/20/2003,single,1,,,,,,,,,,,,,,,,yes,single,1
RADDFGA,detention,ROBERT A DEYTON DETENTION FACILITY,conflict,13063,"Clayton County, GA",GA,"11866 HASTINGS BRIDGE ROAD P.O. BOX 429, LOVEJOY, GA 30250",conflict,2,17.7,single,1,3.6,single,1,1.9,single,1,3.4,single,1,26.6,single,1,USMS IGA,conflict,2,,,,3.2,single,1,,,,11,single,1,Clayton,single,1,,,,,,,0,single,1,0,single,1,ATL,converged,2,,,,Male,single,1,,,,yes,single,1,3.6,single,1,3.4,single,1,4.7,single,1,,,,Pass,single,1,2026-01-29,single,1,FPBDS (MAY 2025),single,1,ODO,single,1,,,,9.7,single,1,16.8,single,1,17.7,single,1,14.7,single,1,,,,,,
RAJAIMN,detention,RAMSEY COUNTY JAIL,single,27123,"Ramsey County, MN",MN,"14 W. KELLOGG BLVD, ST. PAUL, MN 55102",single,1,,,,,,,,,,,,,,,,IGSA,single,1,DMCP,single,1,,,,,,,8,single,1,RAMSEY,single,1,SPM,single,1,,,,,,,,,,SPM,single,1,3/6/1991,single,1,,,,,,,,,,,,,,,,,,,,,,,,,,,,,,,,,,12/16/2003,single,1,,,,,,,,,,,,,,,,yes,single,1
RAPPSVA,detention,RAPPAHANNOCK REGIONAL JAIL,single,51179,"Stafford County, VA",VA,"1745 JEFFERSON DAVIS HIGHWAY, STAFFORD, VA 22554",single,1,,,,,,,,,,,,,,,,USMS IGA,single,1,DMCP,single,1,,,,279,single,1,4,single,1,FREDERICKSBURG CITY,single,1,WAS,single,1,,,,,,,,,,WAS,single,1,8/27/1987,single,1,,,,,,,yes,single,1,,,,,,,,,,,,,,,,,,,,,,,,,4/29/2015,single,1,,,,,,,,,,,,,,,,yes,single,1
RAVALMT,detention,RAVALLI COUNTY JAIL,single,30081,"Ravalli County, MT",MT,"RAVALLI COUNTY CH 205 BEDFORD, HAMILTON, MT 59840",single,1,,,,,,,,,,,,,,,,IGSA,single,1,DMCP,single,1,,,,,,,9,single,1,RAVALLI,single,1,HEL,single,1,,,,,,,,,,SLC,single,1,4/3/2003,single,1,,,,,,,,,,,,,,,,,,,,,,,,,,,,,,,,,,11/12/2006,single,1,,,,,,,,,,,,,,,,yes,single,1
RCKISIL,detention,ROCK ISLAND CORRECTIONAL CENTER,single,17161,"Rock Island County, IL",IL,"1317 THIRD AVENUE, ROCK ISLAND, IL 61201",single,1,,,,,,,,,,,,,,,,USMS IGA,single,1,DMCP,single,1,,,,,,,7,single,1,ROCK ISLAND,single,1,RII,single,1,,,,,,,,,,CHI,single,1,1/27/2014,single,1,,,,,,,,,,,,,,,,,,,,,,,,,,,,,,,,,,1/29/2014,single,1,,,,,,,,,,,,,,,,yes,single,1
RCMHOLD,detention,RICHMOND SUB-OFFICE HOLD,single,51760,"Richmond city, VA",VA,"400 N. ST. ROOM 816, RICHMOND, VA 23219",single,1,,,,,,,,,,,,,,,,Other,single,1,DMCP,single,1,,,,,,,4,single,1,RICHMOND,single,1,WAS,single,1,HOLD,single,1,,,,,,,WAS,single,1,7/21/2010,single,1,,,,,,,no,single,1,,,,,,,,,,,,,,,,,,,,,,,,,10/29/2017,single,1,,,,,,,,,,,,,,,,yes,single,1
RDUHOLD,detention,RALEIGH HOLD ROOM,single,37183,"Wake County, NC",NC,"UNAVAILABLE, CARY, NC 27512",single,1,,,,,,,,,,,,,,,,Other,single,1,DMCP,single,1,,,,,,,4,single,1,WAKE,single,1,RDU,single,1,HOLD,single,1,,,,,,,ATL,single,1,12/15/2011,single,1,,,,,,,no,single,1,,,,,,,,,,,,,,,,,,,,,,,,,10/19/2017,single,1,,,,,,,,,,,,,,,,yes,single,1
REDETTX,detention,REEVES COUNTY DETENTION,single,48389,"Reeves County, TX",TX,"98 WEST COUNTY ROAD 204, PECOS, TX 79772",single,1,,,,,,,,,,,,,,,,IGSA,single,1,DMCP,single,1,,,,,,,5,single,1,REEVES,single,1,PCS,single,1,,,,,,,,,,ELP,single,1,1/4/2001,single,1,,,,,,,,,,,,,,,,,,,,,,,,,,,,,,,,,,2/16/2011,single,1,,,,,,,,,,,,,,,,yes,single,1
REDHOLD,detention,REDDING HOLD ROOM,single,06089,"Shasta County, CA",CA,"Redding, CA 96002",single,1,,,,,,,,,,,,,,,,Other,single,1,,,,,,,,,,9,single,1,Shasta,single,1,,,,HOLD,single,1,,,,,,,SFR,single,1,,,,,,,,,,no,single,1,,,,,,,,,,,,,,,,,,,,,,,,,,,,,,,,,,,,,,,,,,,,,
REGJCWA,detention,REGIONAL JUSTICE CENTER,single,53033,"King County, WA",WA,"401 4TH AVENUE NORTH, KENT, WA 98032",single,1,,,,,,,,,,,,,,,,IGSA,single,1,DMCP,single,1,,,,,,,9,single,1,KING,single,1,SEA,single,1,,,,,,,,,,SEA,single,1,1/7/1998,single,1,,,,,,,,,,,,,,,,,,,,,,,,,,,,,,,,,,12/16/2002,single,1,,,,,,,,,,,,,,,,yes,single,1
REHOSIL,detention,RIVEREDGE HOSPITAL,single,17031,"Cook County, IL",IL,"8311 WEST ROOSEVELT ROAD, FOREST PARK, IL 60130",single,1,,,,,,,,,,,,,,,,Other,single,1,OTHER,single,1,,,,,,,7,single,1,COOK,single,1,CHI,single,1,HOSPITAL,single,1,,,,,,,CHI,single,1,7/16/1987,single,1,,,,,,,,,,,,,,,,,,,,,,,,,,,,,,,,,,8/13/2015,single,1,,,,,,,,,,,,,,,,no,single,1
REJAITX,detention,REEVES COUNTY JAIL,single,48389,"Reeves County, TX",TX,"52 COUNTY ROAD 204, PECOS, TX 79772",single,1,,,,,,,,,,,,,,,,IGSA,single,1,DMCP,single,1,,,,,,,5,single,1,REEVES,single,1,EPC,single,1,,,,,,,,,,ELP,single,1,4/19/1990,single,1,,,,,,,no,single,1,,,,,,,,,,,,,,,,,,,,,,,,,6/16/2009,single,1,,,,,,,,,,,,,,,,yes,single,1
REJUVTX,detention,REEVES CO. JUV. DET. CTR.,single,48389,"Reeves County, TX",TX,"98 W COUNTY ROAD 203, PECOS, TX 79772",single,1,,,,,,,,,,,,,,,,IGSA,single,1,DMCP,single,1,,,,,,,5,single,1,REEVES,single,1,EPC,single,1,,,,,,,,,,ELP,single,1,7/12/1996,single,1,,,,,,,,,,,,,,,,,,,,,,,,,,,,,,,,,,7/8/1998,single,1,,,,,,,,,,,,,,,,yes,single,1
REMEDMN,detention,REGIONS MEDICAL CENTER,single,27123,"Ramsey County, MN",MN,"640 JACKSON STREET, ST. PAUL, MN 55101",single,1,,,,,,,,,,,,,,,,Other,single,1,OTHER,single,1,,,,,,,8,single,1,RAMSEY,single,1,SPM,single,1,HOSPITAL,single,1,,,,,,,SPM,single,1,1/4/1995,single,1,,,,,,,,,,,,,,,,,,,,,,,,,,,,,,,,,,5/10/2007,single,1,,,,,,,,,,,,,,,,no,single,1
RENHOLD,detention,RENO HOLD ROOM,single,32031,"Washoe County, NV",NV,"UNAVAILABLE, RENO, NV 89512",single,1,,,,,,,,,,,,,,,,Other,single,1,DMCP,single,1,,,,,,,9,single,1,WASHOE,single,1,REN,single,1,HOLD,single,1,,,,,,,SLC,single,1,4/26/2012,single,1,,,,,,,no,single,1,,,,,,,,,,,,,,,,,,,,,,,,,10/23/2017,single,1,,,,,,,,,,,,,,,,yes,single,1
RENOJKS,detention,RENO COUNTY JAIL,single,20155,"Reno County, KS",KS,"210 W. 1ST STREET, HUTCHINSON, KS 67501",single,1,,,,,,,,,,,,,,,,IGSA,single,1,DMCP,single,1,,,,,,,10,single,1,RENO,single,1,KAN,single,1,,,,,,,,,,CHI,single,1,10/7/1993,single,1,,,,,,,yes,single,1,,,,,,,,,,,,,,,,,,,,,,,,,3/12/2007,single,1,,,,,,,,,,,,,,,,yes,single,1
RENOYKS,detention,RENO COUNTY YOUTH SERVICES,single,20155,"Reno County, KS",KS,"219 WEST 2ND AVENUE, HUTCHINSON, KS 67501",single,1,,,,,,,,,,,,,,,,IGSA,single,1,JFRMU,single,1,,,,,,,10,single,1,RENO,single,1,KAN,single,1,JUVENILE,single,1,,,,,,,CHI,single,1,10/20/2000,single,1,,,,,,,,,,,,,,,,,,,,,,,,,,,,,,,,,,5/13/2003,single,1,,,,,,,,,,,,,,,,no,single,1
RENSSNY,detention,RENSSELAER COUNTY CORRECTIONAL FACILITY,single,36083,"Rensselaer County, NY",NY,"4000 MAIN STREET, TROY, NY 12180",single,1,,,,,,,,,,,,,,,,USMS IGA,single,1,DMCP,single,1,,,,,,,2,single,1,RENSSELAER,single,1,BUF,single,1,,,,,,,,,,BUF,single,1,12/15/1993,single,1,,,,,,,no,single,1,,,,,,,,,,,,,,,,,,,,,,,,,11/28/2007,single,1,,,,,,,,,,,,,,,,yes,single,1
RGHOSTX,detention,RIO GRANDE STREET HOSPITAL,single,48061|48489,"Cameron County, TX|Willacy County, TX",TX,"1401 RANGERVILLE RD., HARLINGEN, TX 78550",single,1,,,,,,,,,,,,,,,,Other,single,1,OTHER,single,1,,,,,,,5,single,1,CAMERON,single,1,PIC,single,1,HOSPITAL,single,1,,,,,,,SNA,single,1,10/4/1996,single,1,,,,,,,,,,,,,,,,,,,Harlingen Immigration Court (co-located — same ZIP),single,1,,,,,,,,,,,,,9/26/2016,single,1,,,,,,,,,,,,,,,,no,single,1
RGRNDTX,detention,RIO GRANDE DETENTION CENTER,conflict,48479,"Webb County, TX",TX,"1001 SAN RIO BOULEVARD, LAREDO, TX 78046",conflict,3,556.5,single,1,42.6,single,1,0.3,single,1,0,single,1,599.4,single,1,USMS CDF,conflict,2,DMCP,single,1,55.9,single,1,672,single,1,5,single,1,WEBB,single,1,LRD,single,1,,,,0,single,1,0,single,1,HLG,conflict,3,1/1/2014,single,1,Male,single,1,275,converged,2,yes,single,1,5.1,single,1,12.3,single,1,38.3,single,1,,,,Pass,single,1,2025-01-09,single,1,NDS 2019,single,1,ODO,single,1,11/4/2017,single,1,36,single,1,563.4,single,1,337.2,single,1,543.6,single,1,(956) 615-9720,single,1,yes,single,1
RGS,detention,RIO GRANDE VALLEY STAGING,single,48061,"Cameron County, TX",TX,"27991 BUENA VISTA BLVD, LOS FRESNOS, TX 78566",single,1,,,,,,,,,,,,,,,,Other,single,1,DMCP,single,1,,,,,,,5,single,1,CAMERON,single,1,PIC,single,1,STAGING,single,1,,,,,,,SNA,single,1,6/4/2010,single,1,,,,,,,no,single,1,,,,,,,,,,Port Isabel Immigration Court (co-located — same ZIP),single,1,,,,,,,,,,,,,8/3/2017,single,1,,,,,,,,,,,,,,,,yes,single,1
RICECKS,detention,RICE COUNTY DETENTION CENTER,single,20159,"Rice County, KS",KS,"1482 WEST UNITED STATES HIGHWAY 56, LYONS, KS 67554",single,1,,,,,,,,,,,,,,,,IGSA,single,1,DMCP,single,1,,,,,,,10,single,1,RICE,single,1,WIC,single,1,,,,,,,,,,CHI,single,1,6/23/2006,single,1,,,,,,,yes,single,1,,,,,,,,,,,,,,,,,,,,,,,,,10/14/2013,single,1,,,,,,,,,,,,,,,,yes,single,1
RICECMN,detention,RICE COUNTY JAIL,single,27131|27147,"Rice County, MN|Steele County, MN",MN,"P.O. BOX 158, FARIBAULT, MN 55021",single,1,,,,,,,,,,,,,,,,IGSA,single,1,DMCP,single,1,,,,,,,8,single,1,RICE,single,1,SPM,single,1,,,,,,,,,,SPM,single,1,8/9/1991,single,1,,,,,,,,,,,,,,,,,,,,,,,,,,,,,,,,,,3/13/2006,single,1,,,,,,,,,,,,,,,,yes,single,1
RICHMVA,detention,RICHMOND CITY JAIL,single,51087|51760,"Richmond city, VA|Henrico County, VA",VA,"1701 FAIRFIELD WAY, RICHMOND, VA 23223",single,1,,,,,,,,,,,,,,,,IGSA,single,1,DMCP,single,1,,,,,,,4,single,1,RICHMOND,single,1,WAS,single,1,,,,,,,,,,WAS,single,1,8/14/1988,single,1,,,,,,,,,,,,,,,,,,,,,,,,,,,,,,,,,,4/11/2016,single,1,,,,,,,,,,,,,,,,yes,single,1
RICRANS,detention,ACI (CRANSTON RHODE ISLAND),single,44003|44007,"Providence County, RI|Kent County, RI",RI,"39 HOWARD AVE, CRANSTON, RI 02920",single,1,,,,,,,,,,,,,,,,IGSA,single,1,DMCP,single,1,,,,,,,1,single,1,PROVIDENCE,single,1,BOS,single,1,,,,,,,,,,BOS,single,1,9/11/1996,single,1,,,,,,,,,,,,,,,,,,,,,,,,,,,,,,,,,,4/4/2005,single,1,,,,,,,,,,,,,,,,yes,single,1
RIIHOLD,detention,ROCK ISLAND HOLD ROOM,single,17161,"Rock Island County, IL",IL,"UNAVAILABLE, ROCK ISLAND, IL 61201",single,1,,,,,,,,,,,,,,,,Other,single,1,DMCP,single,1,,,,,,,7,single,1,ROCK ISLAND,single,1,CHI,single,1,HOLD,single,1,,,,,,,CHI,single,1,6/7/2011,single,1,,,,,,,no,single,1,,,,,,,,,,,,,,,,,,,,,,,,,9/20/2017,single,1,,,,,,,,,,,,,,,,yes,single,1
RIKISNY,detention,RIKERS ISLAND QUEENS NY,single,36081,"Queens County, NY",NY,"1500 HAZEN ST, ELMHURST, NY 11370",single,1,,,,,,,,,,,,,,,,IGSA,single,1,DMCP,single,1,,,,,,,2,single,1,QUEENS,single,1,VRK,single,1,,,,,,,,,,NYC,single,1,8/24/2004,single,1,,,,,,,,,,,,,,,,,,,,,,,,,,,,,,,,,,9/12/2004,single,1,,,,,,,,,,,,,,,,yes,single,1
RIOBLCO,detention,RIO BLANCO COUNTY JAIL,single,08045|08081|08103,"Rio Blanco County, CO|Garfield County, CO|Moffat County, CO",CO,"555 MAIN STREET, MEEKER, CO 81641",single,1,,,,,,,,,,,,,,,,IGSA,single,1,DMCP,single,1,,,,,,,10,single,1,RIO BLANCO,single,1,DEN,single,1,,,,,,,,,,DEN,single,1,9/10/1992,single,1,,,,,,,,,,,,,,,,,,,,,,,,,,,,,,,,,,1/6/2008,single,1,,,,,,,,,,,,,,,,yes,single,1
RIOCCCA,detention,RIO COSUMNES CORR. CENTER,single,06067,"Sacramento County, CA",CA,"12500 BRUCEVILLE ROAD, ELK GROVE, CA 95757",single,1,,,,,,,,,,,,,,,,IGSA,single,1,DMCP,single,1,,,,,,,9,single,1,SACRAMENTO,single,1,SAC,single,1,,,,,,,,,,SFR,single,1,7/12/2013,single,1,,,,,,,yes,single,1,,,,,,,,,,,,,,,,,,,,,,,,,11/4/2017,single,1,,,,,,,,,,,,,,,,yes,single,1
RIOGRCO,detention,RIO GRANDE COUNTY JAIL,single,08105|08109,"Rio Grande County, CO|Saguache County, CO",CO,"640 CHERRY STREET, DEL NORTE, CO 81132",single,1,,,,,,,,,,,,,,,,IGSA,single,1,DMCP,single,1,,,,,,,10,single,1,RIO GRANDE,single,1,DEN,single,1,,,,,,,,,,DEN,single,1,6/18/1997,single,1,,,,,,,no,single,1,,,,,,,,,,,,,,,,,,,,,,,,,10/25/2017,single,1,,,,,,,,,,,,,,,,yes,single,1
RIVERCA,detention,RIVERSIDE COUNTY SHERIFF,single,06025|06065|06071,"Riverside County, CA|Imperial County, CA|San Bernardino County, CA",CA,"4095 LEMON STREET, RIVERSIDE, CA 92225",single,1,,,,,,,,,,,,,,,,IGSA,single,1,DMCP,single,1,,,,,,,9,single,1,RIVERSIDE,single,1,LOS,single,1,,,,,,,,,,LOS,single,1,11/12/1998,single,1,,,,,,,,,,,,,,,,,,,,,,,,,,,,,,,,,,11/9/1999,single,1,,,,,,,,,,,,,,,,yes,single,1
RIVHOLD,detention,RIVERSIDE CUSTODY CASE,single,06059,"Orange County, CA",CA,"2060 CHICAGO AVENUE SUITE A-1, RIVERSIDE, CA 92705",single,1,,,,,,,,,,,,,,,,Other,single,1,DMCP,single,1,,,,,,,9,single,1,ORANGE,single,1,LOS,single,1,HOLD,single,1,,,,,,,LOS,single,1,1/3/2001,single,1,,,,,,,no,single,1,,,,,,,,,,Santa Ana Immigration Court (co-located — same ZIP),single,1,,,,,,,,,,,,,12/9/2002,single,1,,,,,,,,,,,,,,,,yes,single,1
RMKHOLD,detention,ROANOKE SUB-OFFICE HOLD ROOM,single,51161|51775,"Salem city, VA|Roanoke County, VA",VA,"Salem, VA 24153",single,1,,,,,,,,,,,,,,,,Other,single,1,,,,,,,,,,4,single,1,Roanoke,single,1,,,,HOLD,single,1,,,,,,,WAS,single,1,,,,,,,,,,no,single,1,,,,,,,,,,,,,,,,,,,,,,,,,,,,,,,,,,,,,,,,,,,,,
RNDLLTX,detention,RANDALL COUNTY JAIL,converged,48011|48375|48381,"Randall County, TX|Potter County, TX|Armstrong County, TX",TX,"9100 SOUTH GEORGIA STREET, AMARILLO, TX 79118",converged,2,0.8,single,1,0.1,single,1,0.1,single,1,0.1,single,1,1.1,single,1,USMS IGA,converged,2,DMCP,single,1,1.5,single,1,40,single,1,5,single,1,RANDALL,single,1,AMT,single,1,,,,0,single,1,0,single,1,DAL,converged,2,5/1/2007,single,1,Female/Male,single,1,,,,no,single,1,0.1,single,1,0.1,single,1,0.2,single,1,,,,Pass,single,1,2025-08-27,single,1,FPBDS,single,1,ODO,single,1,11/4/2017,single,1,0.2,single,1,0.8,single,1,0.4,single,1,0.8,single,1,,,,yes,single,1
ROANOVA,detention,ROANOKE COUNTY JAIL,single,51161|51775,"Salem city, VA|Roanoke County, VA",VA,"401 EAST MAIN STREET, SALEM, VA 24153",single,1,,,,,,,,,,,,,,,,IGSA,single,1,DMCP,single,1,,,,,,,4,single,1,SALEM,single,1,WAS,single,1,,,,,,,,,,WAS,single,1,4/24/1997,single,1,,,,,,,,,,,,,,,,,,,,,,,,,,,,,,,,,,7/5/2015,single,1,,,,,,,,,,,,,,,,yes,single,1
ROBERSD,detention,ROBERTS COUNTY,single,46091|46109,"Roberts County, SD|Marshall County, SD",SD,"412 THIRD AVENUE EAST, SISSETON, SD 57262",single,1,,,,,,,,,,,,,,,,IGSA,single,1,DMCP,single,1,,,,,,,8,single,1,ROBERTS,single,1,SPM,single,1,,,,,,,,,,SPM,single,1,5/1/1997,single,1,,,,,,,,,,,,,,,,,,,,,,,,,,,,,,,,,,2/2/2012,single,1,,,,,,,,,,,,,,,,yes,single,1
ROBERTN,detention,ROBERTSON COUNTY,single,47147,"Robertson County, TN",TN,"311 FIFTH AVENUE EAST, SPRINGFIELD, TN 37172",single,1,,,,,,,,,,,,,,,,IGSA,single,1,DMCP,single,1,,,,,,,6,single,1,ROBERTSON,single,1,NOL,single,1,,,,,,,,,,NOL,single,1,5/10/1999,single,1,,,,,,,,,,,,,,,,,,,,,,,,,,,,,,,,,,2/6/2007,single,1,,,,,,,,,,,,,,,,yes,single,1
ROCCOTX,detention,ROCKWALL COUNTY DETENTION CENTER,single,48085|48397,"Rockwall County, TX|Collin County, TX",TX,"950 T.L. TOWNSEND DR, ROCKWALL, TX 75087",single,1,,,,,,,,,,,,,,,,IGSA,single,1,DMCP,single,1,,,,,,,5,single,1,ROCKWALL,single,1,DAL,single,1,,,,,,,,,,DAL,single,1,6/26/1990,single,1,,,,,,,no,single,1,,,,,,,,,,,,,,,,,,,,,,,,,6/25/1991,single,1,,,,,,,,,,,,,,,,yes,single,1
ROCKIIL,detention,ROCK ISLAND COUNTY CORRECTIONAL CENTER,single,17161,"Rock Island County, IL",IL,"1317 3RD AVENUE, ROCK ISLAND, IL 61201",single,1,,,,,,,,,,,,,,,,USMS IGA,single,1,DMCP,single,1,,,,20,single,1,7,single,1,ROCK ISLAND,single,1,CHI,single,1,,,,,,,,,,CHI,single,1,11/18/1998,single,1,,,,,,,no,single,1,,,,,,,,,,,,,,,,,,,,,,,,,11/3/2017,single,1,,,,,,,,,,,,,,,,yes,single,1
ROCKINH,detention,ROCKINGHAM COUNTY JAIL,single,33015,"Rockingham County, NH",NH,"101 NORTH ROAD, BRENTWOOD, NH 03833",single,1,,,,,,,,,,,,,,,,IGSA,single,1,DMCP,single,1,,,,,,,1,single,1,ROCKINGHAM,single,1,BOS,single,1,,,,,,,,,,BOS,single,1,5/1/1996,single,1,,,,,,,yes,single,1,,,,,,,,,,,,,,,,,,,,,,,,,8/11/2010,single,1,,,,,,,,,,,,,,,,yes,single,1
ROCKIVA,detention,ROCKINGHAM COUNTY JAIL,converged,51165|51660,"Harrisonburg city, VA|Rockingham County, VA",VA,"25 SOUTH LIBERTY STREET, HARRISONBURG, VA 22801",converged,2,0.5,single,1,0.1,single,1,0.3,single,1,0.2,single,1,1.1,single,1,USMS IGA,converged,2,DMCP,single,1,1.5,single,1,,,,4,single,1,HARRISONBURG CITY,single,1,WAS,single,1,,,,0.1,single,1,0.1,single,1,WAS,converged,2,11/13/1989,single,1,Female/Male,single,1,,,,no,single,1,0.2,single,1,0.2,single,1,0.2,single,1,,,,Pass,single,1,2025-02-25,single,1,NDS 2019,single,1,Pre-Occupancy,single,1,11/4/2017,single,1,0.3,single,1,0.6,single,1,0.6,single,1,0.4,single,1,,,,yes,single,1
RONKEVA,detention,ROANOKE CITY JAIL,single,51770,"Roanoke city, VA",VA,"340 CAMPBELL AVENUE SOUTHWEST, ROANOKE, VA 24016",single,1,,,,,,,,,,,,,,,,IGSA,single,1,DMCP,single,1,,,,,,,4,single,1,ROANOKE,single,1,WAS,single,1,,,,,,,,,,WAS,single,1,11/25/2008,single,1,,,,,,,yes,single,1,,,,,,,,,,,,,,,,,,,,,,,,,11/4/2017,single,1,,,,,,,,,,,,,,,,yes,single,1
ROSEAMN,detention,ROSEAU COUNTY JAIL,single,27135,"Roseau County, MN",MN,"302 SIXTH STREET, ROSEAU, MN 56751",single,1,,,,,,,,,,,,,,,,IGSA,single,1,DMCP,single,1,,,,,,,8,single,1,ROSEAU,single,1,SPM,single,1,,,,,,,,,,SPM,single,1,6/18/1996,single,1,,,,,,,no,single,1,,,,,,,,,,,,,,,,,,,,,,,,,6/8/2009,single,1,,,,,,,,,,,,,,,,yes,single,1
ROSEBMT,detention,ROSEBUD COUNTY JAIL,single,30087|30103,"Rosebud County, MT|Treasure County, MT",MT,"180 SOUTH 13TH AVENUE, FORSYTH, MT 59327",single,1,,,,,,,,,,,,,,,,IGSA,single,1,DMCP,single,1,,,,,,,9,single,1,ROSEBUD,single,1,HEL,single,1,,,,,,,,,,SLC,single,1,11/14/2005,single,1,,,,,,,,,,,,,,,,,,,,,,,,,,,,,,,,,,3/20/2011,single,1,,,,,,,,,,,,,,,,yes,single,1
ROUNDPA,detention,FDC PHILADELPHIA,conflict,42101,"Philadelphia County, PA",PA,"700 ARCH ST., PHILADELPHIA, PA 19106",conflict,3,59.1,single,1,12.5,single,1,4.1,single,1,5.2,single,1,80.9,single,1,BOP,conflict,2,DMCP,single,1,6.3,single,1,,,,3,single,1,PHILADELPHIA,single,1,PHI,single,1,,,,0,single,1,0,single,1,PHI,converged,3,5/12/1986,single,1,Female/Male,single,1,,,,,,,6,single,1,3.8,single,1,4.4,single,1,,,,,,,,,,,,,,,,2/17/2004,single,1,10.5,single,1,70.4,single,1,40.4,single,1,66.8,single,1,(215) 521-4000,single,1,yes,single,1
ROUTTCO,detention,ROUTT COUNTY JAIL,single,08107,"Routt County, CO",CO,"2025 SHIELD DRIVE, STEAMBOAT SPRINGS, CO 80487",single,1,,,,,,,,,,,,,,,,IGSA,single,1,DMCP,single,1,,,,,,,10,single,1,ROUTT,single,1,DEN,single,1,,,,,,,,,,DEN,single,1,8/28/1996,single,1,,,,,,,,,,,,,,,,,,,,,,,,,,,,,,,,,,4/13/2010,single,1,,,,,,,,,,,,,,,,yes,single,1
RPCHOLD,detention,RAPID CITY HOLD ROOM,single,46093|46103,"Pennington County, SD|Meade County, SD",SD,"1675 SAMCO ROAD, RAPID CITY, SD 57702",single,1,,,,,,,,,,,,,,,,Other,single,1,DMCP,single,1,,,,,,,8,single,1,PENNINGTON,single,1,SPM,single,1,HOLD,single,1,,,,,,,SPM,single,1,11/7/2010,single,1,,,,,,,no,single,1,,,,,,,,,,,,,,,,,,,,,,,,,7/10/2011,single,1,,,,,,,,,,,,,,,,yes,single,1
RRFINWA,detention,RED ROOF INN,single,53033,"King County, WA",WA,"16838 INTERNATIONAL BLVD, SEATAC, WA 98188",single,1,,,,,,,,,,,,,,,,Other,single,1,OTHER,single,1,,,,,,,9,single,1,KING,single,1,SEA,single,1,,,,,,,,,,SEA,single,1,2/15/2009,single,1,,,,,,,,,,,,,,,,,,,,,,,,,,,,,,,,,,11/3/2017,single,1,,,,,,,,,,,,,,,,no,single,1
RRIVRIL,detention,ROCK RIVER HEALTH CARE,single,17201,"Winnebago County, IL",IL,"707 W. RIVERSIDE DR, ROCKFORD, IL 61103",single,1,,,,,,,,,,,,,,,,Other,single,1,OTHER,single,1,,,,,,,7,single,1,WINNEBAGO,single,1,,,,HOSPITAL,single,1,,,,,,,CHI,single,1,11/19/2016,single,1,,,,,,,,,,,,,,,,,,,,,,,,,,,,,,,,,,2/12/2017,single,1,,,,,,,,,,,,,,,,no,single,1
RSREGVA,detention,RIVERSIDE REGIONAL JAIL,converged,51149|51670,"Hopewell city, VA|Prince George County, VA",VA,"1000 RIVER ROAD, HOPEWELL, VA 23860",converged,2,24.9,single,1,19.1,single,1,3.8,single,1,2.9,single,1,50.7,single,1,USMS IGA,converged,2,DMCP,single,1,3.1,single,1,,,,4,single,1,HOPEWELL CITY,single,1,WAS,single,1,,,,1.3,single,1,2.4,single,1,WAS,converged,2,11/3/1997,single,1,Female/Male,single,1,,,,no,single,1,4.3,single,1,3.3,single,1,5,single,1,,,,Pass,single,1,2025-10-15,single,1,NDS 2025,single,1,Pre-Occupancy,single,1,9/25/2014,single,1,7.5,single,1,39.4,single,1,31.7,single,1,38.2,single,1,,,,yes,single,1
RSWHOLD,detention,ROSWELL HOLD ROOM,single,35005,"Chaves County, NM",NM,"Roswell, NM 88201",single,1,,,,,,,,,,,,,,,,Other,single,1,,,,,,,,,,10,single,1,Chaves,single,1,,,,HOLD,single,1,,,,,,,ELP,single,1,,,,,,,,,,no,single,1,,,,,,,,,,,,,,,,,,,,,,,,,,,,,,,,,,,,,,,,,,,,,
RUNLSTX,detention,RUNNELS COUNTY JAIL,single,48399,"Runnels County, TX",TX,"200 S. HICKORY HILL, BALLINGER, TX 76821",single,1,,,,,,,,,,,,,,,,IGSA,single,1,DMCP,single,1,,,,,,,5,single,1,RUNNELS,single,1,PIC,single,1,,,,,,,,,,SNA,single,1,12/30/2002,single,1,,,,,,,,,,,,,,,,,,,,,,,,,,,,,,,,,,4/29/2004,single,1,,,,,,,,,,,,,,,,yes,single,1
RUTHETN,detention,RUTHERFORD COUNTY SHERIFF,single,47149,"Rutherford County, TN",TN,"940 NEW SALEM ROAD, MURFREESBORO, TN 37129",single,1,,,,,,,,,,,,,,,,IGSA,single,1,DMCP,single,1,,,,,,,6,single,1,RUTHERFORD,single,1,NOL,single,1,,,,,,,,,,NOL,single,1,5/22/1997,single,1,,,,,,,,,,,,,,,,,,,,,,,,,,,,,,,,,,2/24/2003,single,1,,,,,,,,,,,,,,,,yes,single,1
RUTJVTN,detention,RUTHERFORD COUNTY JUVENILE DETENTION CENTER,single,47149,"Rutherford County, TN",TN,"400 WEST MAIN ST, MURFREESBORO, TN 37130",single,1,,,,,,,,,,,,,,,,IGSA,single,1,JFRMU,single,1,,,,,,,6,single,1,RUTHERFORD,single,1,NOL,single,1,JUVENILE,single,1,,,,,,,NOL,single,1,11/27/2002,single,1,,,,,,,,,,,,,,,,,,,,,,,,,,,,,,,,,,9/5/2003,single,1,,,,,,,,,,,,,,,,no,single,1
RVRCCLA,detention,RIVER CORRECTIONAL CENTER,converged,22029|22107,"Concordia Parish, LA|Tensas Parish, LA",LA,"26362 HIGHWAY 15, FERRIDAY, LA 71334",converged,3,425.3,single,1,70.8,single,1,16.4,single,1,4.8,single,1,517.3,single,1,DIGSA,converged,2,,,,39.4,single,1,,,,5,single,1,Concordia Parish,single,1,,,,,,,0,single,1,0,single,1,NOL,converged,3,,,,Male,single,1,361,converged,2,yes,single,1,8.7,single,1,12,single,1,29.3,single,1,,,,Pass,single,1,Scheduled FY26,single,1,PBNDS 2011 - 2016 Revisions,single,1,ODO,single,1,,,,36.3,single,1,481,single,1,357.1,single,1,467.3,single,1,(318) 757-0622,single,1,,,
RWCCMLA,detention,RICHWOOD CORRECTIONAL CENTER,conflict,22073,"Ouachita Parish, LA",LA,"180 PINE BAYOU CIRCLE, MONROE, LA 71202",converged,3,778.7,single,1,101.9,single,1,33.5,single,1,25.1,single,1,939.2,single,1,DIGSA,conflict,2,,,,41.9,single,1,,,,5,single,1,Ouachita Parish,single,1,,,,,,,31.2,single,1,584.5,single,1,NOL,converged,3,,,,Female/Male,single,1,677,converged,2,yes,single,1,37.6,single,1,29.3,single,1,49.5,single,1,,,,Pass,single,1,Scheduled FY26,single,1,PBNDS 2011 - 2016 Revisions,single,1,ODO,single,1,,,,54,single,1,269.5,single,1,638,single,1,822.8,single,1,(318) 998-5800,single,1,,,
SAAHOLD,detention,SANTA ANA DRO HOLDROOM,single,06037,"Los Angeles County, CA",CA,"34 CIVIC CENTER PLAZA, SANTA ANA, CA 90701",single,1,,,,,,,,,,,,,,,,Other,single,1,DMCP,single,1,,,,,,,9,single,1,ORANGE,single,1,LOS,single,1,HOLD,single,1,,,,,,,LOS,single,1,11/1/2007,single,1,,,,,,,no,single,1,,,,,,,,,,,,,,,,,,,,,,,,,6/5/2017,single,1,,,,,,,,,,,,,,,,yes,single,1
SACCOIA,detention,SAC COUNTY JAIL,single,19161,"Sac County, IA",IA,"100 SOUTH STATE STREET, SAC CITY, IA 50583",single,1,,,,,,,,,,,,,,,,IGSA,single,1,DMCP,single,1,,,,,,,8,single,1,SAC,single,1,OMA,single,1,,,,,,,,,,SPM,single,1,10/22/2002,single,1,,,,,,,,,,,,,,,,,,,,,,,,,,,,,,,,,,11/4/2002,single,1,,,,,,,,,,,,,,,,yes,single,1
SACHOLD,detention,SACRAMENTO HOLD,single,06067,"Sacramento County, CA",CA,"650 CAPITOL MALL, SACRAMENTO, CA 95814",single,1,,,,,,,,,,,,,,,,Other,single,1,DMCP,single,1,,,,,,,9,single,1,SACRAMENTO,single,1,SAC,single,1,HOLD,single,1,,,,,,,SFR,single,1,6/25/2000,single,1,,,,,,,no,single,1,,,,,,,,,,Sacramento Immigration Court (co-located — same ZIP),single,1,,,,,,,,,,,,,10/26/2017,single,1,,,,,,,,,,,,,,,,yes,single,1
SACITCA,detention,SANTA ANA CITY JAIL,single,06059,"Orange County, CA",CA,"62 CIVIC CENTER PLAZA, SANTA ANA, CA 92701",single,1,,,,,,,,,,,,,,,,IGSA,single,1,DMCP,single,1,,,,200,single,1,9,single,1,ORANGE,single,1,LOS,single,1,,,,,,,,,,LOS,single,1,6/12/1997,single,1,,,,64,single,1,yes,single,1,,,,,,,,,,,,,,,,,,,,,,,,,5/8/2017,single,1,,,,,,,,,,,,,,,,yes,single,1
SACRACA,detention,SACRAMENTO COUNTY JAIL,single,06067,"Sacramento County, CA",CA,"651 I STREET, SACRAMENTO, CA 95814",single,1,,,,,,,,,,,,,,,,USMS IGA,single,1,DMCP,single,1,,,,100,single,1,9,single,1,SACRAMENTO,single,1,SAC,single,1,,,,,,,,,,SFR,single,1,5/20/1997,single,1,,,,,,,yes,single,1,,,,,,,,,,Sacramento Immigration Court (co-located — same ZIP),single,1,,,,,,,,,,,,,7/31/2017,single,1,,,,,,,,,,,,,,,,yes,single,1
SAGHOLD,detention,SAN ANGELO HOLDROOM,single,48235|48451,"Tom Green County, TX|Irion County, TX",TX,"3197 EXECUTIVE DR, SAN ANGELO, TX 76904",single,1,,,,,,,,,,,,,,,,Other,single,1,DMCP,single,1,,,,,,,5,single,1,TOM GREEN,single,1,,,,HOLD,single,1,,,,,,,DAL,single,1,4/2/2017,single,1,,,,,,,no,single,1,,,,,,,,,,,,,,,,,,,,,,,,,4/2/2017,single,1,,,,,,,,,,,,,,,,yes,single,1
SAGUACO,detention,SAGUACHE COUNTY JAIL,single,08109,"Saguache County, CO",CO,"530 5TH STREET, SAGUACHE, CO 81149",single,1,,,,,,,,,,,,,,,,IGSA,single,1,DMCP,single,1,,,,,,,10,single,1,SAGUACHE,single,1,DEN,single,1,,,,,,,,,,DEN,single,1,6/22/1992,single,1,,,,,,,no,single,1,,,,,,,,,,,,,,,,,,,,,,,,,2/3/2008,single,1,,,,,,,,,,,,,,,,yes,single,1
SAIHOLD,detention,SAIPAN HOLD,single,69110,"Saipan Municipality, MP",MP,"UNAVAILABLE, SAIPAN, MP 96950",single,1,,,,,,,,,,,,,,,,Other,single,1,DMCP,single,1,,,,,,,6,single,1,SAIPAN,single,1,SAI,single,1,HOLD,single,1,,,,,,,SFR,single,1,5/8/2014,single,1,,,,,,,no,single,1,,,,,,,,,,Saipan Immigration Court (co-located — same ZIP),single,1,,,,,,,,,,,,,10/23/2017,single,1,,,,,,,,,,,,,,,,yes,single,1
SAJHOLD,detention,SAN JUAN STAGING FACILITY,single,72061|72127,"Guaynabo Municipio, PR|San Juan Municipio, PR",PR,"7 TABONUCO ST. SUITE 100, GUAYNABO, PR 00968",single,1,,,,,,,,,,,,,,,,Other,single,1,DMCP,single,1,,,,22,single,1,1,single,1,GUAYNABO,single,1,SAJ,single,1,STAGING,single,1,,,,,,,MIA,single,1,4/20/1990,single,1,,,,,,,no,single,1,,,,,,,,,,Guaynabo (San Juan) Immigration Court (co-located — same ZIP),single,1,,,,,,,,,,,,,9/23/2017,single,1,,,,,,,,,,,,,,,,yes,single,1
SALEMNJ,detention,SALEM COUNTY CORRECTIONAL FACILITY,single,34033,"Salem County, NJ",NJ,"125 CEMETERY ROAD, WOODSTOWN, NJ 80898",single,1,,,,,,,,,,,,,,,,USMS IGA,single,1,DMCP,single,1,,,,,,,3,single,1,COUNTY,single,1,NEW,single,1,,,,,,,,,,NEW,single,1,5/9/1986,single,1,,,,,,,no,single,1,,,,,,,,,,,,,,,,,,,,,,,,,11/4/2017,single,1,,,,,,,,,,,,,,,,yes,single,1
SALINKS,detention,SALINE COUNTY JAIL,single,20143|20169,"Saline County, KS|Ottawa County, KS",KS,"251 N. 10TH, SALINA, KS 67401",single,1,,,,,,,,,,,,,,,,IGSA,single,1,DMCP,single,1,,,,,,,10,single,1,SALINE,single,1,KAN,single,1,,,,,,,,,,CHI,single,1,7/11/1995,single,1,,,,,,,no,single,1,,,,,,,,,,,,,,,,,,,,,,,,,4/26/2005,single,1,,,,,,,,,,,,,,,,yes,single,1
SALINNE,detention,SALINE COUNTY JAIL,single,31067|31109|31151,"Saline County, NE|Gage County, NE|Lancaster County, NE",NE,"911 S Main St, Wilber, NE 68465",single,1,,,,,,,,,,,,,,,,Other,single,1,,,,,,,,,,8,single,1,Saline,single,1,,,,?,single,1,,,,,,,SPM,single,1,,,,,,,,,,no,single,1,,,,,,,,,,,,,,,,,,,,,,,,,,,,,,,,,,,,,,,,,,,,,
SAMBCMI,detention,SAMARITAN BEHAVIORAL CENTER,single,26163,"Wayne County, MI",MI,"5555 CONNER AVENUE SUITE 3 NORTH, DETROIT, MI 48213",single,1,,,,,,,,,,,,,,,,Other,single,1,OTHER,single,1,,,,,,,6,single,1,COUNTY,single,1,,,,HOSPITAL,single,1,,,,,,,DET,single,1,3/27/2013,single,1,,,,,,,,,,,,,,,,,,,,,,,,,,,,,,,,,,11/4/2017,single,1,,,,,,,,,,,,,,,,no,single,1
SANANCA,detention,SANTA ANA COUNTY JAIL,single,06059,"Orange County, CA",CA,"1050 CIVIC CENTER DRIVE, SANTA ANA, CA 92703",single,1,,,,,,,,,,,,,,,,IGSA,single,1,DMCP,single,1,,,,,,,9,single,1,ORANGE,single,1,LOS,single,1,,,,,,,,,,LOS,single,1,1/2/1997,single,1,,,,,,,,,,,,,,,,,,,,,,,,,,,,,,,,,,12/9/2009,single,1,,,,,,,,,,,,,,,,yes,single,1
SANDONM,detention,SANDOVAL COUNTY DETENTION CENTER,single,35043,"Sandoval County, NM",NM,"100 MONTOYA ROAD, BERNALILLO, NM 87004",single,1,,,,,,,,,,,,,,,,IGSA,single,1,DMCP,single,1,,,,,,,10,single,1,SANDOVAL,single,1,ELP,single,1,,,,,,,,,,ELP,single,1,3/25/1999,single,1,,,,,,,no,single,1,,,,,,,,,,,,,,,,,,,,,,,,,3/7/2012,single,1,,,,,,,,,,,,,,,,yes,single,1
SANJAIL,detention,SANGAMON COUNTY JAIL,single,17167,"Sangamon County, IL",IL,"1 SHERIFFS PLAZA, SPRINGFIELD, IL 62701",single,1,,,,,,,,,,,,,,,,USMS IGA,single,1,DMCP,single,1,,,,10,single,1,7,single,1,SANGAMON,single,1,CHI,single,1,,,,,,,,,,CHI,single,1,4/13/1989,single,1,,,,,,,no,single,1,,,,,,,,,,,,,,,,,,,,,,,,,10/17/2017,single,1,,,,,,,,,,,,,,,,yes,single,1
SANMINM,detention,SAN MIGUEL COUNTY DETENTION CENTER,single,35047,"San Miguel County, NM",NM,"26 NM 283, LAS VEGAS, NM 87701",single,1,,,,,,,,,,,,,,,,IGSA,single,1,DMCP,single,1,,,,,,,10,single,1,SAN MIGUEL,single,1,EPC,single,1,,,,,,,,,,ELP,single,1,5/16/1997,single,1,,,,,,,,,,,,,,,,,,,,,,,,,,,,,,,,,,10/3/2001,single,1,,,,,,,,,,,,,,,,yes,single,1
SANPATX,detention,SAN PATRICIO COUNTY JAIL,single,48025|48409,"San Patricio County, TX|Bee County, TX",TX,"300 NORTH RACHAL AVENUE, SINTON, TX 78387",single,1,,,,,,,,,,,,,,,,IGSA,single,1,DMCP,single,1,,,,,,,5,single,1,SAN PATRICIO,single,1,SNA,single,1,,,,,,,,,,SNA,single,1,5/30/1998,single,1,,,,,,,,,,,,,,,,,,,,,,,,,,,,,,,,,,2/2/1999,single,1,,,,,,,,,,,,,,,,yes,single,1
SANTACR,detention,TONY ESTRADA LAW ENFORCEMENT CENTER,single,04023,"Santa Cruz County, AZ",AZ,"2170 NORTH CONGRESS DRIVE, NOGALES, AZ 85621",single,1,,,,,,,,,,,,,,,,IGSA,single,1,DMCP,single,1,,,,,,,9,single,1,SANTA CRUZ,single,1,PHO,single,1,,,,,,,,,,PHO,single,1,,,,,,,,,,yes,single,1,,,,,,,,,,,,,,,,,,,,,,,,,,,,,,,,,,,,,,,,,,,yes,single,1
SANTANM,detention,SANTA FE COUNTY JAIL,single,35049,"Santa Fe County, NM",NM,"2515 CAMINO ENTRADA, SANTA FE, NM 87507",single,1,,,,,,,,,,,,,,,,IGSA,single,1,DMCP,single,1,,,,,,,10,single,1,SANTA FE,single,1,ELP,single,1,,,,,,,,,,ELP,single,1,3/3/1999,single,1,,,,,,,,,,,,,,,,,,,,,,,,,,,,,,,,,,7/13/2015,single,1,,,,,,,,,,,,,,,,yes,single,1
SARASFL,detention,SARASOTA COUNTY JAIL,single,12115,"Sarasota County, FL",FL,"2020 MAIN ST, SARASOTA, FL 34237",single,1,,,,,,,,,,,,,,,,IGSA,single,1,DMCP,single,1,,,,,,,11,single,1,SARASOTA,single,1,TAM,single,1,,,,,,,,,,MIA,single,1,12/22/1995,single,1,,,,,,,,,,,,,,,,,,,,,,,,,,,,,,,,,,2/14/2005,single,1,,,,,,,,,,,,,,,,yes,single,1
SARJUNE,detention,SARPY COUNTY JUVENILE,single,31025,"Cass County, NE",NE,"1257 GOLDENGATE DRIVE #8, PAPILLION, NE 68048",single,1,,,,,,,,,,,,,,,,IGSA,single,1,JFRMU,single,1,,,,,,,8,single,1,CASS,single,1,OMA,single,1,JUVENILE,single,1,,,,,,,SPM,single,1,4/14/1999,single,1,,,,,,,no,single,1,,,,,,,,,,,,,,,,,,,,,,,,,4/10/2014,single,1,,,,,,,,,,,,,,,,no,single,1
SARPYNE,detention,SARPY COUNTY JAIL,conflict,31153,"Sarpy County, NE",NE,"1208 GOLDEN GATE DRIVE, PAPILLION, NE 68046",conflict,3,5.6,single,1,2.1,single,1,4.3,single,1,8.1,single,1,20.1,single,1,USMS IGA,conflict,2,DMCP,single,1,18.7,single,1,,,,8,single,1,SARPY,single,1,OMA,single,1,,,,0.3,single,1,0.8,single,1,SPM,converged,3,12/2/1990,single,1,Female/Male,single,1,,,,,,,6.8,single,1,3.5,single,1,4,single,1,,,,Pending Final Report,single,1,2026-06-25,single,1,FPBDS,single,1,,,,2/12/2011,single,1,11.2,single,1,7.9,single,1,16.2,single,1,5.9,single,1,(402) 949-3876,single,1,yes,single,1
SBARBCA,detention,SANTA BARBRA COUNTY JAIL,single,06083,"Santa Barbara County, CA",CA,"4436 CALLE REAL, SANTA BARBRA, CA 93110",single,1,,,,,,,,,,,,,,,,Other,single,1,DMCP,single,1,,,,,,,9,single,1,SANTA BARBRA,single,1,,,,,,,,,,,,,LOS,single,1,1/5/1999,single,1,,,,,,,,,,,,,,,,,,,,,,,,,,,,,,,,,,10/19/1999,single,1,,,,,,,,,,,,,,,,yes,single,1
SBDHOLD,detention,SAN BERNADINO HOLD ROOM,single,06071,"San Bernardino County, CA",CA,"655 WEST RIALTO AVENUE, SAN BERNADINO, CA 92410",single,1,,,,,,,,,,,,,,,,Other,single,1,DMCP,single,1,,,,,,,9,single,1,SAN BERNARDINO,single,1,SBD,single,1,HOLD,single,1,,,,,,,LOS,single,1,11/6/2008,single,1,,,,,,,no,single,1,,,,,,,,,,,,,,,,,,,,,,,,,11/3/2017,single,1,,,,,,,,,,,,,,,,yes,single,1
SBERNCA,detention,SAN BERNARDINO COUNTY JAIL,single,06071,"San Bernardino County, CA",CA,"630 EAST RIALTO AVENUE, SAN BERNARDINO, CA 92408",single,1,,,,,,,,,,,,,,,,USMS IGA,single,1,DMCP,single,1,,,,,,,9,single,1,SAN BERNARDINO,single,1,SBD,single,1,,,,,,,,,,LOS,single,1,12/19/1989,single,1,,,,,,,no,single,1,,,,,,,,,,,,,,,,,,,,,,,,,1/28/2014,single,1,,,,,,,,,,,,,,,,yes,single,1
SCHNENY,detention,SCHNECTADY COUNTY JAIL,single,36093,"Schenectady County, NY",NY,"320 VEEDER AVENUE, SCHNECTADY, NY 12307",single,1,,,,,,,,,,,,,,,,IGSA,single,1,DMCP,single,1,,,,,,,2,single,1,SCHENECTADY,single,1,BUF,single,1,,,,,,,,,,BUF,single,1,2/23/1996,single,1,,,,,,,,,,,,,,,,,,,,,,,,,,,,,,,,,,6/5/2007,single,1,,,,,,,,,,,,,,,,yes,single,1
SCHOHNY,detention,SCHOHARIE COUNTY JAIL,single,36001|36093|36095,"Schoharie County, NY|Schenectady County, NY|Albany County, NY",NY,"MAIN STREET PO BOX  332, SCHOHARIE, NY 12157",single,1,,,,,,,,,,,,,,,,IGSA,single,1,DMCP,single,1,,,,,,,2,single,1,SCHOHARIE,single,1,BUF,single,1,,,,,,,,,,BUF,single,1,3/26/2001,single,1,,,,,,,,,,,,,,,,,,,,,,,,,,,,,,,,,,2/5/2004,single,1,,,,,,,,,,,,,,,,yes,single,1
SCMENCA,detention,SANTA CLARA CO JAIL/MENS,single,06001|06085,"Santa Clara County, CA|Alameda County, CA",CA,"ELMWOOD MEN'S FACILITY, MILPITAS, CA 95035",single,1,,,,,,,,,,,,,,,,IGSA,single,1,DMCP,single,1,,,,,,,9,single,1,SANTA CLARA,single,1,SFR,single,1,,,,,,,,,,SFR,single,1,4/27/1998,single,1,,,,,,,,,,,,,,,,,,,,,,,,,,,,,,,,,,4/4/1999,single,1,,,,,,,,,,,,,,,,yes,single,1
SCNORCA,detention,SANTA CLARA COUNTY MAIN JAIL,single,06085,"Santa Clara County, CA",CA,"885 NORTH SAN PEDRO ST, SAN JOSE, CA 95110",single,1,,,,,,,,,,,,,,,,USMS IGA,single,1,DMCP,single,1,,,,,,,9,single,1,SANTA CLARA,single,1,SFR,single,1,,,,,,,,,,SFR,single,1,7/20/1995,single,1,,,,,,,yes,single,1,,,,,,,,,,,,,,,,,,,,,,,,,6/14/2012,single,1,,,,,,,,,,,,,,,,yes,single,1
SCOTTMN,detention,SCOTT COUNTY JAIL,single,27037|27139,"Scott County, MN|Dakota County, MN",MN,"301 FULLER STREET SOUTH, SHAKOPEE, MN 55372",single,1,,,,,,,,,,,,,,,,IGSA,single,1,DMCP,single,1,,,,,,,8,single,1,SCOTT,single,1,SPM,single,1,,,,,,,,,,SPM,single,1,12/30/1991,single,1,,,,,,,no,single,1,,,,,,,,,,,,,,,,,,,,,,,,,3/2/2003,single,1,,,,,,,,,,,,,,,,yes,single,1
SCOTTMO,detention,SCOTT COUNTY JAIL,single,29201,"Scott County, MO",MO,"211 S. NEW MADRID ST., BENTON, MO 63786",single,1,,,,,,,,,,,,,,,,IGSA,single,1,DMCP,single,1,,,,,,,8,single,1,SCOTT,single,1,STL,single,1,,,,,,,,,,CHI,single,1,12/3/2009,single,1,,,,,,,yes,single,1,,,,,,,,,,,,,,,,,,,,,,,,,3/31/2014,single,1,,,,,,,,,,,,,,,,yes,single,1
SCOTTNE,detention,SCOTTS BLUFF COUNTY JAIL,single,31157,"Scotts Bluff County, NE",NE,"1725 10TH ST, GERING, NE 69341",single,1,,,,,,,,,,,,,,,,USMS IGA,single,1,DMCP,single,1,,,,,,,8,single,1,SCOTTS BLUFF,single,1,OMA,single,1,,,,,,,,,,SPM,single,1,10/26/1992,single,1,,,,,,,,,,,,,,,,,,,,,,,,,,,,,,,,,,11/4/2017,single,1,,,,,,,,,,,,,,,,yes,single,1
SCRUZAZ,detention,SANTA CRUZ COUNTY JAIL,single,04023,"Santa Cruz County, AZ",AZ,"1250 NORTH HOHOKAM DRIVE, NOGALES, AZ 85621",single,1,,,,,,,,,,,,,,,,USMS IGA,single,1,DMCP,single,1,,,,,,,9,single,1,SANTA CRUZ,single,1,TUC,single,1,,,,,,,,,,PHO,single,1,5/22/1990,single,1,,,,,,,no,single,1,,,,,,,,,,,,,,,,,,,,,,,,,4/21/2009,single,1,,,,,,,,,,,,,,,,yes,single,1
SCRUZCA,detention,SANTA CRUZ COUNTY MAIN JAIL,single,06087,"Santa Cruz County, CA",CA,"259 WATER STREET, SANTA CRUZ, CA 95060",single,1,,,,,,,,,,,,,,,,IGSA,single,1,DMCP,single,1,,,,,,,9,single,1,SANTA CRUZ,single,1,SFR,single,1,,,,,,,,,,SFR,single,1,9/1/1999,single,1,,,,,,,,,,,,,,,,,,,,,,,,,,,,,,,,,,9/23/1999,single,1,,,,,,,,,,,,,,,,yes,single,1
SCSOUCA,detention,SANTA CLARA COUNTY JAIL,single,06085,"Santa Clara County, CA",CA,"SANTA CLARA COUNTY JAIL/SOUTH, SAN JOSE, CA 95110",single,1,,,,,,,,,,,,,,,,IGSA,single,1,DMCP,single,1,,,,,,,9,single,1,SANTA CLARA,single,1,SFR,single,1,,,,,,,,,,SFR,single,1,10/2/1997,single,1,,,,,,,,,,,,,,,,,,,,,,,,,,,,,,,,,,5/2/2002,single,1,,,,,,,,,,,,,,,,yes,single,1
SDHOSCA,detention,SAN DIEGO AREA HOSPITAL,single,06073,"San Diego County, CA",CA,"751 MED. CENTER CT, CHULA VISTA, CA 91911",single,1,,,,,,,,,,,,,,,,Other,single,1,OTHER,single,1,,,,,,,9,single,1,SAN DIEGO,single,1,SND,single,1,HOSPITAL,single,1,,,,,,,SND,single,1,10/10/2007,single,1,,,,,,,,,,,,,,,,,,,,,,,,,,,,,,,,,,8/24/2016,single,1,,,,,,,,,,,,,,,,no,single,1
SDPROCA,detention,S.D. COUNTY PROBATION,single,06073,"San Diego County, CA",CA,"3977 OHIO STREET, SAN DIEGO, CA 92104",single,1,,,,,,,,,,,,,,,,Other,single,1,DMCP,single,1,,,,,,,9,single,1,SAN DIEGO,single,1,SND,single,1,,,,,,,,,,SND,single,1,9/1/1998,single,1,,,,,,,,,,,,,,,,,,,,,,,,,,,,,,,,,,9/1/1998,single,1,,,,,,,,,,,,,,,,yes,single,1
SEAHOLD,detention,SEATTLE FIELD OFFICE HOLD ROOM,single,53033,"King County, WA",WA,"12500 TUKWILLA INTL., SEATTLE, WA 98168",single,1,,,,,,,,,,,,,,,,Other,single,1,DMCP,single,1,,,,,,,9,single,1,KING,single,1,SEA,single,1,HOLD,single,1,,,,,,,SEA,single,1,7/5/2001,single,1,,,,,,,no,single,1,,,,,,,,,,,,,,,,,,,,,,,,,10/19/2017,single,1,,,,,,,,,,,,,,,,yes,single,1
SEAICDF,detention,SEATTLE CONTRACT DETENTION,single,53033,"King County, WA",WA,"815 AIRPORT WAY SOUTH, SEATTLE, WA 98134",single,1,,,,,,,,,,,,,,,,Other,single,1,DMCP,single,1,,,,,,,9,single,1,KING,single,1,SEA,single,1,,,,,,,,,,SEA,single,1,4/17/1989,single,1,,,,,,,,,,,,,,,,,,,,,,,,,,,,,,,,,,10/19/2007,single,1,,,,,,,,,,,,,,,,yes,single,1
SEBASAR,detention,SEBASTIAN COUNTY DETENTION CENTER,converged,05131,"Sebastian County, AR",AR,"801 SOUTH A STREET, FORT SMITH, AR 72901",converged,2,1.1,single,1,0.2,single,1,0.2,single,1,0.4,single,1,1.9,single,1,USMS IGA,converged,2,DMCP,single,1,1.6,single,1,20,single,1,8,single,1,SEBASTIAN,single,1,FSA,single,1,,,,0,single,1,0.1,single,1,NOL,converged,2,1/7/1998,single,1,Female/Male,single,1,,,,no,single,1,0.3,single,1,0.2,single,1,0.3,single,1,,,,Pass,single,1,Scheduled FY27,single,1,NDS 2019,single,1,ODO OASIP,single,1,11/4/2017,single,1,0.5,single,1,1.3,single,1,1.3,single,1,1.1,single,1,,,,yes,single,1
SEBJVAR,detention,SEBASTIAN COUNTY JUVENILE,single,05131,"Sebastian County, AR",AR,"""801 SOUTH """"A"""" ST."", FORT SMITH, AR 72901",single,1,,,,,,,,,,,,,,,,IGSA,single,1,JFRMU,single,1,,,,,,,8,single,1,SEBASTIAN,single,1,OKC,single,1,JUVENILE,single,1,,,,,,,NOL,single,1,2/14/2005,single,1,,,,,,,,,,,,,,,,,,,,,,,,,,,,,,,,,,1/24/2007,single,1,,,,,,,,,,,,,,,,no,single,1
SEDGWKS,detention,SEDGWICK COUNTY JAIL,single,20173,"Sedgwick County, KS",KS,"141 W. ELM, WICHITA, KS 67203",single,1,,,,,,,,,,,,,,,,IGSA,single,1,DMCP,single,1,,,,,,,10,single,1,SEDGWICK,single,1,KAN,single,1,,,,,,,,,,CHI,single,1,2/21/1991,single,1,,,,,,,no,single,1,,,,,,,,,,,,,,,,,,,,,,,,,5/20/2007,single,1,,,,,,,,,,,,,,,,yes,single,1
SEH,detention,ST. ELIZABETH'S HOSPITAL (DC),single,11001,"District of Columbia, DC",DC,"1100 ALABAMA AVENUE SOUTHEAST, WASHINGTON, DC 20032",single,1,,,,,,,,,,,,,,,,Other,single,1,OTHER,single,1,,,,,,,4,single,1,DISTRICT OF COLUMBIA,single,1,WAS,single,1,HOSPITAL,single,1,,,,,,,WAS,single,1,6/6/1980,single,1,,,,,,,,,,,,,,,,,,,,,,,,,,,,,,,,,,4/9/1995,single,1,,,,,,,,,,,,,,,,no,single,1
SENECNY,detention,SENECA COUNTY JAIL,single,36015|36101,"Steuben County, NY|Chemung County, NY",NY,"44 W. WILLIAM ST., CORNING, NY 14830",single,1,,,,,,,,,,,,,,,,IGSA,single,1,DMCP,single,1,,,,,,,2,single,1,STEUBEN,single,1,BUF,single,1,,,,,,,,,,BUF,single,1,6/18/2009,single,1,,,,,,,,,,,,,,,,,,,,,,,,,,,,,,,,,,5/7/2014,single,1,,,,,,,,,,,,,,,,yes,single,1
SENECOH,detention,SENECA COUNTY JAIL,converged,39147,"Seneca County, OH",OH,"3040 SOUTH STATE HIGHWAY 100, TIFFIN, OH 44883",conflict,3,39,single,1,8.6,single,1,5.3,single,1,5.8,single,1,58.7,single,1,IGSA,converged,2,DMCP,single,1,44.7,single,1,,,,6,single,1,SENECA,single,1,CLE,single,1,,,,0.3,single,1,4.8,single,1,DET,converged,3,3/22/1996,single,1,Female/Male,single,1,,,,yes,single,1,2.8,single,1,3.2,single,1,8.3,single,1,,,,Pass,single,1,2024-10-31,single,1,NDS 2019,single,1,ODO,single,1,11/4/2017,single,1,10.3,single,1,43.2,single,1,36.4,single,1,44.3,single,1,(419) 448-5074,single,1,yes,single,1
SEWARKS,detention,SEWARD COUNTY JAIL,single,20175,"Seward County, KS",KS,"112 E. 5TH, LIBERAL, KS 67901",single,1,,,,,,,,,,,,,,,,IGSA,single,1,DMCP,single,1,,,,,,,10,single,1,SEWARD,single,1,KAN,single,1,,,,,,,,,,CHI,single,1,11/25/1991,single,1,,,,,,,no,single,1,,,,,,,,,,,,,,,,,,,,,,,,,6/5/2007,single,1,,,,,,,,,,,,,,,,yes,single,1
SFCOJCA,detention,SAN FRANCISCO COUNTY JAIL,single,06075,"San Francisco County, CA",CA,"425 7TH STREET, SAN FRANCISCO, CA 94103",single,1,,,,,,,,,,,,,,,,IGSA,single,1,DMCP,single,1,,,,,,,9,single,1,SAN FRANCISCO,single,1,SFR,single,1,,,,,,,,,,SFR,single,1,12/1/1989,single,1,,,,,,,,,,,,,,,,,,,,,,,,,,,,,,,,,,6/12/1992,single,1,,,,,,,,,,,,,,,,yes,single,1
SFCORNM,detention,SANTA FE CORNELL DETENTION,single,35049,"Santa Fe County, NM",NM,"4312 STATE HIGHWAY 14, SANTA FE, NM 87508",single,1,,,,,,,,,,,,,,,,IGSA,single,1,DMCP,single,1,,,,,,,10,single,1,SANTA FE,single,1,ELP,single,1,,,,,,,,,,ELP,single,1,1/8/1999,single,1,,,,,,,no,single,1,,,,,,,,,,,,,,,,,,,,,,,,,3/25/2012,single,1,,,,,,,,,,,,,,,,yes,single,1
SFDHOLD,detention,SIOUX FALLS HOLD ROOM,single,46099,"Minnehaha County, SD",SD,"300 EAST 8TH STREET, SIOUX FALLS, SD 57103",single,1,,,,,,,,,,,,,,,,Other,single,1,DMCP,single,1,,,,,,,8,single,1,MINNEHAHA,single,1,SPM,single,1,HOLD,single,1,,,,,,,SPM,single,1,5/4/2011,single,1,,,,,,,no,single,1,,,,,,,,,,,,,,,,,,,,,,,,,6/17/2017,single,1,,,,,,,,,,,,,,,,yes,single,1
SFJUVOK,detention,SAC & FOX NATION JUVENILE DETENTION,single,40037|40081|40107|40125,"Lincoln County, OK|Creek County, OK|Okfuskee County, OK|Pottawatomie County, OK",OK,"RT 2, STROUD, OK 74079",single,1,,,,,,,,,,,,,,,,IGSA,single,1,JFRMU,single,1,,,,,,,10,single,1,LINCOLN,single,1,OKC,single,1,JUVENILE,single,1,,,,,,,DAL,single,1,4/30/1998,single,1,,,,,,,,,,,,,,,,,,,,,,,,,,,,,,,,,,5/1/2005,single,1,,,,,,,,,,,,,,,,no,single,1
SFRHOLD,detention,SFR HOLD ROOM,single,06075,"San Francisco County, CA",CA,"630 SANSOME ST., SAN FRANCISCO, CA 94111",single,1,,,,,,,,,,,,,,,,Other,single,1,DMCP,single,1,,,,,,,9,single,1,SAN FRANCISCO,single,1,SFR,single,1,HOLD,single,1,,,,,,,SFR,single,1,3/15/2008,single,1,,,,,,,no,single,1,,,,,,,,,,,,,,,,,,,,,,,,,10/16/2017,single,1,,,,,,,,,,,,,,,,yes,single,1
SGUHOLD,detention,SAINT GEORGE HOLD ROOM,single,49053,"Washington County, UT",UT,"UNAVAILABLE, SAINT GEORGE, UT 84770",single,1,,,,,,,,,,,,,,,,Other,single,1,DMCP,single,1,,,,,,,10,single,1,WASHINGTON,single,1,SGU,single,1,HOLD,single,1,,,,,,,SLC,single,1,,,,,,,,,,no,single,1,,,,,,,,,,,,,,,,,,,,,,,,,,,,,,,,,,,,,,,,,,,yes,single,1
SHACOKS,detention,SHAWNEE COUNTY DEPARTMENT OF CORRECTIONS,single,20177,"Shawnee County, KS",KS,"501 SOUTHEAST 8TH AVENUE, TOPEKA, KS 66607",single,1,,,,,,,,,,,,,,,,IGSA,single,1,DMCP,single,1,,,,,,,10,single,1,SHAWNEE,single,1,KAN,single,1,,,,,,,,,,CHI,single,1,9/11/1998,single,1,,,,,,,yes,single,1,,,,,,,,,,,,,,,,,,,,,,,,,11/4/2017,single,1,,,,,,,,,,,,,,,,yes,single,1
SHAJUKS,detention,SHAWNEE COUNTY JUVENILE DETENTION CENTER,single,20177,"Shawnee County, KS",KS,"401 SE 8TH STREET, TOPEKA, KS 66607",single,1,,,,,,,,,,,,,,,,IGSA,single,1,JFRMU,single,1,,,,,,,10,single,1,SHAWNEE,single,1,KAN,single,1,JUVENILE,single,1,,,,,,,CHI,single,1,3/10/1999,single,1,,,,,,,no,single,1,,,,,,,,,,,,,,,,,,,,,,,,,9/12/2017,single,1,,,,,,,,,,,,,,,,no,single,1
SHECOVA,detention,SHENANDOAH COUNTY JAIL,single,51171,"Shenandoah County, VA",VA,"109 WEST COURT STREET, WOODSTOCK, VA 22664",single,1,,,,,,,,,,,,,,,,IGSA,single,1,DMCP,single,1,,,,,,,4,single,1,SHENANDOAH,single,1,WAS,single,1,,,,,,,,,,WAS,single,1,3/10/1998,single,1,,,,,,,,,,,,,,,,,,,,,,,,,,,,,,,,,,10/9/2014,single,1,,,,,,,,,,,,,,,,yes,single,1
SHELBKY,detention,SHELBY COUNTY DETENTION CENTER,single,21185|21211,"Shelby County, KY|Oldham County, KY",KY,"1000 DETENTION ROAD, SHELBYVILLE, KY 40065",single,1,,,,,,,,,,,,,,,,IGSA,single,1,DMCP,single,1,,,,,,,6,single,1,SHELBY,single,1,,,,,,,,,,,,,CHI,single,1,,,,,,,,,,no,single,1,,,,,,,,,,,,,,,,,,,,,,,,,,,,,,,,,,,,,,,,,,,yes,single,1
SHELBTN,detention,SHELBY COUNTY,single,47157,"Shelby County, TN",TN,"201 POPLAR AVENUE, MEMPHIS, TN 38103",single,1,,,,,,,,,,,,,,,,IGSA,single,1,DMCP,single,1,,,,,,,6,single,1,SHELBY,single,1,NOL,single,1,,,,,,,,,,NOL,single,1,8/17/1992,single,1,,,,,,,no,single,1,,,,,,,,,,Memphis Immigration Court (co-located — same ZIP),single,1,,,,,,,,,,,,,10/3/2005,single,1,,,,,,,,,,,,,,,,yes,single,1
SHERBMN,detention,SHERBURNE COUNTY JAIL,conflict,27003|27141|27171,"Sherburne County, MN|Wright County, MN|Anoka County, MN",MN,"13880 BUSINESS CENTER DRIVE, ELK RIVER, MN 55330",conflict,3,42.9,single,1,25.1,single,1,21.2,single,1,18.3,single,1,107.5,single,1,USMS IGA,converged,2,DMCP,single,1,22,single,1,120,single,1,8,single,1,SHERBURNE,single,1,SPM,single,1,,,,2.5,single,1,3.6,single,1,SPM,converged,3,4/1/1991,single,1,Male,single,1,,,,yes,single,1,26.8,single,1,8,single,1,13.3,single,1,,,,Pending Final Report,single,1,2026-06-26,single,1,FPBDS,single,1,ODO,single,1,11/4/2017,single,1,34.4,single,1,67.1,single,1,64.5,single,1,59.4,single,1,(763) 765-3800,single,1,yes,single,1
SHERIMT,detention,SHERIDAN COUNTY JAIL,single,30091,"Sheridan County, MT",MT,"100 WEST LAUREL AVENUE, PLENTYWOOD, MT 59254",single,1,,,,,,,,,,,,,,,,IGSA,single,1,DMCP,single,1,,,,,,,9,single,1,SHERIDAN,single,1,HEL,single,1,,,,,,,,,,SLC,single,1,9/29/1991,single,1,,,,,,,no,single,1,,,,,,,,,,,,,,,,,,,,,,,,,3/7/2015,single,1,,,,,,,,,,,,,,,,yes,single,1
SHERIWY,detention,SHERIDAN COUNTY JAIL,single,56033,"Sheridan County, WY",WY,"54 WEST 13TH STREET, SHERIDAN, WY 82801",single,1,,,,,,,,,,,,,,,,IGSA,single,1,DMCP,single,1,,,,,,,10,single,1,SHERIDAN,single,1,DEN,single,1,,,,,,,,,,DEN,single,1,2/17/2008,single,1,,,,,,,,,,,,,,,,,,,,,,,,,,,,,,,,,,3/24/2009,single,1,,,,,,,,,,,,,,,,yes,single,1
SHOSHID,detention,SHOSHONE COUNTY PUBLIC SAFETY FACILITY,single,16079,"Shoshone County, ID",ID,"717 BANK ST, WALLACE, ID 83873",single,1,,,,,,,,,,,,,,,,IGSA,single,1,DMCP,single,1,,,,,,,9,single,1,SHOSHONE,single,1,SEA,single,1,,,,,,,,,,SLC,single,1,4/4/2005,single,1,,,,,,,,,,,,,,,,,,,,,,,,,,,,,,,,,,11/28/2005,single,1,,,,,,,,,,,,,,,,yes,single,1
SILBOMT,detention,BUTTE-SILVER BOW COUNTY JAIL,single,30023|30043|30093,"Silver Bow County, MT|Jefferson County, MT|Deer Lodge County, MT",MT,"155 WEST QUARTZ STREET, BUTTE, MT 59701",single,1,,,,,,,,,,,,,,,,IGSA,single,1,DMCP,single,1,,,,,,,9,single,1,SILVER BOW,single,1,HEL,single,1,,,,,,,,,,SLC,single,1,5/4/2001,single,1,,,,,,,,,,,,,,,,,,,,,,,,,,,,,,,,,,9/12/2010,single,1,,,,,,,,,,,,,,,,yes,single,1
SILERTN,detention,SILVERDALE/HAMILTON COUNTY,single,47065,"Hamilton County, TN",TN,"7609 STANDIFER GAP ROAD, CHATTANOOGA, TN 37421",single,1,,,,,,,,,,,,,,,,IGSA,single,1,DMCP,single,1,,,,,,,6,single,1,HAMILTON,single,1,NOL,single,1,,,,,,,,,,NOL,single,1,7/5/2000,single,1,,,,,,,yes,single,1,,,,,,,,,,,,,,,,,,,,,,,,,2/6/2008,single,1,,,,,,,,,,,,,,,,yes,single,1
SIMPSMS,detention,SIMPSON COUNTY JAIL,single,28121|28127|28129,"Simpson County, MS|Rankin County, MS|Smith County, MS",MS,"CHANCERY COURT BLDG., MENDENHALL, MS 39114",single,1,,,,,,,,,,,,,,,,IGSA,single,1,DMCP,single,1,,,,,,,5,single,1,SIMPSON,single,1,NOL,single,1,,,,,,,,,,NOL,single,1,7/17/1991,single,1,,,,,,,,,,,,,,,,,,,,,,,,,,,,,,,,,,3/3/2004,single,1,,,,,,,,,,,,,,,,yes,single,1
SIOUXIA,detention,SIOUX COUNTY JAIL,converged,19149|19167,"Sioux County, IA|Plymouth County, IA",IA,"4363 IRONWOOD AVENUE, ORANGE CITY, IA 51041",converged,3,5.5,single,1,0.8,single,1,2.1,single,1,2.3,single,1,10.7,single,1,USMS IGA,conflict,2,DMCP,single,1,36.5,single,1,,,,8,single,1,SIOUX,single,1,OMA,single,1,,,,0.2,single,1,0,single,1,SPM,converged,3,7/7/1993,single,1,Female/Male,single,1,,,,,,,2.1,single,1,1.9,single,1,1.5,single,1,,,,,,,Scheduled FY27,single,1,,,,,,,3/12/2003,single,1,4.8,single,1,5.8,single,1,9.1,single,1,5.3,single,1,(712) 737-2280,single,1,yes,single,1
SITKAAK,detention,SITKA CITY JAIL,single,02220,"Sitka City and Borough, AK",AK,"304 LAKE STREET, SITKA, AK 99835",single,1,,,,,,,,,,,,,,,,IGSA,single,1,DMCP,single,1,,,,,,,9,single,1,SITKA,single,1,ANC,single,1,,,,,,,,,,SEA,single,1,9/20/1992,single,1,,,,,,,,,,,,,,,,,,,,,,,,,,,,,,,,,,4/30/2015,single,1,,,,,,,,,,,,,,,,yes,single,1
SJCOJCA,detention,SAN JOAQUIN COUNTY JAIL,single,06077,"San Joaquin County, CA",CA,"7000 N. CANLIS BLVD, FRENCH CAMP, CA 95231",single,1,,,,,,,,,,,,,,,,IGSA,single,1,DMCP,single,1,,,,,,,9,single,1,SAN JOAQUIN,single,1,SFR,single,1,,,,,,,,,,SFR,single,1,1/19/1996,single,1,,,,,,,,,,,,,,,,,,,,,,,,,,,,,,,,,,3/25/1997,single,1,,,,,,,,,,,,,,,,yes,single,1
SJS,detention,SAN JUAN STAGING,converged,72033|72061,"Guaynabo Municipio, PR|Cataño Municipio, PR",PR,"651 FEDERAL DRIVE, SUITE 104, GUAYNABO, PR 00965",converged,2,10.8,single,1,1.2,single,1,1.2,single,1,1.4,single,1,14.6,single,1,STAGING,conflict,2,DMCP,single,1,3.1,single,1,,,,1,single,1,GUAYNABO,single,1,MIA,single,1,STAGING,single,1,0,single,1,1,single,1,MIA,converged,2,9/30/2013,single,1,Female/Male,single,1,100,single,1,no,single,1,2.1,single,1,0.7,single,1,0.4,single,1,,,,,,,,,,,,,,,,9/17/2017,single,1,1.7,single,1,11.8,single,1,8.7,single,1,11.3,single,1,,,,yes,single,1
SJUANNM,detention,SAN JUAN COUNTY DETENTION CENTER,single,35045,"San Juan County, NM",NM,"103 South Oliver Drive, AZTEC, NM 87410",single,1,,,,,,,,,,,,,,,,USMS IGA,single,1,DMCP,single,1,,,,,,,10,single,1,SAN JUAN,single,1,,,,,,,,,,,,,ELP,single,1,,,,,,,,,,,,,,,,,,,,,,,,,,,,,,,,,,,,,,,,,,,,,,,,,,,,,,,yes,single,1
SJUHOLD,detention,SAN JUAN AIRPORT HOLD ROOM,single,72031,"Carolina Municipio, PR",PR,"LUIS MUNOZ MARIN IA, SAN JUAN, PR 00937",single,1,,,,,,,,,,,,,,,,Other,single,1,DMCP,single,1,,,,,,,1,single,1,SAN JUAN,single,1,,,,HOLD,single,1,,,,,,,MIA,single,1,5/13/2015,single,1,,,,,,,no,single,1,,,,,,,,,,,,,,,,,,,,,,,,,9/1/2016,single,1,,,,,,,,,,,,,,,,yes,single,1
SLCHOLD,detention,SALT LAKE CITY  HOLD ROOM,single,49035,"Salt Lake County, UT",UT,"123 SALT LAKE CITY WAY, WEST VALLEY CITY, UT 84120",single,1,,,,,,,,,,,,,,,,Other,single,1,DMCP,single,1,,,,,,,10,single,1,SALT LAKE,single,1,SLC,single,1,HOLD,single,1,,,,,,,SLC,single,1,8/8/2013,single,1,,,,,,,no,single,1,,,,,,,,,,,,,,,,,,,,,,,,,5/9/2017,single,1,,,,,,,,,,,,,,,,yes,single,1
SLJUVMO,detention,ST. LOUIS JUVENILE CENTER,single,29189|29510,"St. Louis County, MO|St. Louis city, MO",MO,"501 S. BRENTWOOD, ST. LOUIS, MO 63105",single,1,,,,,,,,,,,,,,,,IGSA,single,1,JFRMU,single,1,,,,,,,8,single,1,SAINT LOUIS,single,1,KAN,single,1,JUVENILE,single,1,,,,,,,CHI,single,1,3/18/1997,single,1,,,,,,,,,,,,,,,,,,,,,,,,,,,,,,,,,,4/8/2004,single,1,,,,,,,,,,,,,,,,no,single,1
SLOBICA,detention,SAN LUIS OBISPO CO JAIL,single,06079,"San Luis Obispo County, CA",CA,"1585 KANSAS AVENUE, SAN LUIS OBISPO, CA 93406",single,1,,,,,,,,,,,,,,,,Other,single,1,DMCP,single,1,,,,,,,9,single,1,SAN LUIS OBISPO,single,1,,,,,,,,,,,,,LOS,single,1,10/26/1998,single,1,,,,,,,,,,,,,,,,,,,,,,,,,,,,,,,,,,8/9/2017,single,1,,,,,,,,,,,,,,,,yes,single,1
SLOXBUT,detention,SALT LAKE COUNTY OXBOW JAIL,single,49035,"Salt Lake County, UT",UT,"3148 SOUTH 1100 WEST, SALT LAKE CITY, UT 84119",single,1,,,,,,,,,,,,,,,,IGSA,single,1,DMCP,single,1,,,,,,,10,single,1,SALT LAKE,single,1,,,,,,,,,,,,,SLC,single,1,10/14/1994,single,1,,,,,,,yes,single,1,,,,,,,,,,Salt Lake City Immigration Court (co-located — same ZIP),single,1,,,,,,,,,,,,,3/15/2000,single,1,,,,,,,,,,,,,,,,yes,single,1
SLRDCAZ,detention,SAN LUIS REGIONAL DETENTION CENTER,converged,04027,"Yuma County, AZ",AZ,"406 NORTH AVENUE D, SAN LUIS, AZ 85349",converged,3,185.1,single,1,35.9,single,1,16.8,single,1,28.4,single,1,266.2,single,1,IGSA,conflict,2,DMCP,single,1,27.7,single,1,400,single,1,9,single,1,YUMA,single,1,YUM,single,1,,,,0.6,single,1,42.7,single,1,SND,conflict,3,1/28/2008,single,1,Female/Male,single,1,100,single,1,yes,single,1,26.9,single,1,13.4,single,1,21.5,single,1,,,,Pass,single,1,2024-04-25,single,1,NDS 2019,single,1,ODO,single,1,11/4/2017,single,1,45.6,single,1,177.5,single,1,160.2,single,1,204.5,single,1,(928) 627-2101,single,1,yes,single,1
SLSLCUT,detention,SALT LAKE COUNTY METRO JAIL,converged,49035,"Salt Lake County, UT",UT,"3415 SOUTH 900 WEST, SALT LAKE CITY, UT 84119",converged,2,1.3,single,1,0.6,single,1,0.2,single,1,0.2,single,1,2.3,single,1,USMS IGA,converged,2,DMCP,single,1,2.1,single,1,1,single,1,10,single,1,SALT LAKE,single,1,SLC,single,1,,,,0,single,1,0.2,single,1,SLC,converged,2,3/2/1993,single,1,Female/Male,single,1,,,,no,single,1,0.3,single,1,0.2,single,1,0.3,single,1,Salt Lake City Immigration Court (co-located — same ZIP),single,1,Pass,single,1,Scheduled FY27,single,1,NDS 2019,single,1,ODO,single,1,10/29/2017,single,1,0.4,single,1,1.7,single,1,1.4,single,1,1.5,single,1,,,,yes,single,1
SMARYMD,detention,ST. MARYS COUNTY DETENTION CENTER,single,24037,"St. Mary's County, MD",MD,"41880 BALDRIDGE STREET, LEONARDTOWN, MD 20650",single,1,,,,,,,,,,,,,,,,IGSA,single,1,DMCP,single,1,,,,,,,4,single,1,SAINT MARYS,single,1,BAL,single,1,,,,,,,,,,BAL,single,1,10/23/1997,single,1,,,,,,,yes,single,1,,,,,,,,,,,,,,,,,,,,,,,,,6/26/2009,single,1,,,,,,,,,,,,,,,,yes,single,1
SMATECA,detention,SAN MATEO CO JAIL,single,06081,"San Mateo County, CA",CA,"300 BRADFORD STREET, REDWOOD CITY, CA 94063",single,1,,,,,,,,,,,,,,,,IGSA,single,1,DMCP,single,1,,,,,,,9,single,1,SAN MATEO,single,1,SFR,single,1,,,,,,,,,,SFR,single,1,11/23/1996,single,1,,,,,,,,,,,,,,,,,,,,,,,,,,,,,,,,,,1/20/1998,single,1,,,,,,,,,,,,,,,,yes,single,1
SMCORLA,detention,ST. MARTIN PARISH CORRECTIONAL CENTER,single,22045|22099,"St. Martin Parish, LA|Iberia Parish, LA",LA,"400 ST MARTIN STREET, ST MARTINVILLE, LA 70582",single,1,,,,,,,,,,,,,,,,IGSA,single,1,DMCP,single,1,,,,,,,5,single,1,SAINT MARTIN,single,1,OAK,single,1,,,,,,,,,,NOL,single,1,5/25/1988,single,1,,,,,,,yes,single,1,,,,,,,,,,,,,,,,,,,,,,,,,8/29/2006,single,1,,,,,,,,,,,,,,,,yes,single,1
SMJUVCA,detention,SAN MATEO JUVENILLE HALL,single,06081,"San Mateo County, CA",CA,"21 TOWER ROAD, SAN MATEO, CA 94402",single,1,,,,,,,,,,,,,,,,IGSA,single,1,JFRMU,single,1,,,,,,,9,single,1,SAN MATEO,single,1,SFR,single,1,JUVENILE,single,1,,,,,,,SFR,single,1,8/15/1996,single,1,,,,,,,,,,,,,,,,,,,,,,,,,,,,,,,,,,7/18/2007,single,1,,,,,,,,,,,,,,,,no,single,1
SMMEDLA,detention,ST. MARTIN PARISH MEDICAL,single,22045|22099,"St. Martin Parish, LA|Iberia Parish, LA",LA,"400 ST MARTIN STREET, ST MARTINVILLE, LA 70582",single,1,,,,,,,,,,,,,,,,Other,single,1,OTHER,single,1,,,,,,,5,single,1,SAINT MARTIN,single,1,OAK,single,1,HOSPITAL,single,1,,,,,,,NOL,single,1,1/5/1997,single,1,,,,,,,,,,,,,,,,,,,,,,,,,,,,,,,,,,9/28/2006,single,1,,,,,,,,,,,,,,,,no,single,1
SMPARLA,detention,ST. MARTIN PARISH,single,22055|22099,"St. Martin Parish, LA|Lafayette Parish, LA",LA,"437 WEST MILLS AVENUE, BREAUX BRIDGE, LA 70517",single,1,,,,,,,,,,,,,,,,IGSA,single,1,DMCP,single,1,,,,,,,5,single,1,SAINT MARTIN,single,1,NOL,single,1,,,,,,,,,,NOL,single,1,4/27/2000,single,1,,,,,,,,,,,,,,,,,,,,,,,,,,,,,,,,,,1/4/2005,single,1,,,,,,,,,,,,,,,,yes,single,1
SNAHOLD,detention,SAN ANTONIO DRO HOLD ROOM,single,48029,"Bexar County, TX",TX,"8940 FOURWINDS DRIVE, SAN ANTONIO, TX 78239",single,1,,,,,,,,,,,,,,,,Other,single,1,DMCP,single,1,,,,,,,5,single,1,BEXAR,single,1,SNA,single,1,HOLD,single,1,,,,,,,SNA,single,1,3/23/2010,single,1,,,,,,,no,single,1,,,,,,,,,,,,,,,,,,,,,,,,,10/4/2017,single,1,,,,,,,,,,,,,,,,yes,single,1
SNDCOCA,detention,SAN DIEGO COUNTY JAIL,single,06073,"San Diego County, CA",CA,"446 ALTA ROAD, SAN DIEGO, CA 92158",single,1,,,,,,,,,,,,,,,,IGSA,single,1,DMCP,single,1,,,,,,,9,single,1,SAN DIEGO,single,1,SND,single,1,,,,,,,,,,SND,single,1,11/11/2008,single,1,,,,,,,yes,single,1,,,,,,,,,,,,,,,,,,,,,,,,,5/17/2016,single,1,,,,,,,,,,,,,,,,yes,single,1
SNDHOLD,detention,SAN DIEGO DISTRICT STAGING,single,06073,"San Diego County, CA",CA,"US INS DETENTION & DEPORTATION, SAN DIEGO, CA 92101",single,1,,,,,,,,,,,,,,,,Other,single,1,DMCP,single,1,,,,,,,9,single,1,SAN DIEGO,single,1,SND,single,1,HOLD,single,1,,,,,,,SND,single,1,2/28/1986,single,1,,,,,,,no,single,1,,,,,,,,,,San Diego Immigration Court (co-located — same ZIP),single,1,,,,,,,,,,,,,11/4/2017,single,1,,,,,,,,,,,,,,,,yes,single,1
SNJHOLD,detention,SNJ HOLD ROOM,single,06085,"Santa Clara County, CA",CA,"1887 MONTEREY ROAD, SAN JOSE, CA 95112",single,1,,,,,,,,,,,,,,,,Other,single,1,DMCP,single,1,,,,,,,9,single,1,SANTA CLARA,single,1,SFR,single,1,HOLD,single,1,,,,,,,SFR,single,1,1/16/2009,single,1,,,,,,,no,single,1,,,,,,,,,,,,,,,,,,,,,,,,,7/19/2016,single,1,,,,,,,,,,,,,,,,yes,single,1
SNMGLCO,detention,SAN MIGUEL COUNTY JAIL,single,08113,"San Miguel County, CO",CO,"851 63L ROAD, TELLURIDE, CO 81435",single,1,,,,,,,,,,,,,,,,IGSA,single,1,DMCP,single,1,,,,,,,10,single,1,SAN MIGUEL,single,1,DEN,single,1,,,,,,,,,,DEN,single,1,3/7/2007,single,1,,,,,,,,,,,,,,,,,,,,,,,,,,,,,,,,,,9/19/2007,single,1,,,,,,,,,,,,,,,,yes,single,1
SNYDEPA,detention,SNYDER COUNTY JAIL,single,42109|42119,"Snyder County, PA|Union County, PA",PA,"600 OLD COLONY ROAD, SELINSGROVE, PA 17870",single,1,,,,,,,,,,,,,,,,IGSA,single,1,DMCP,single,1,,,,,,,3,single,1,SNYDER,single,1,PHI,single,1,,,,,,,,,,PHI,single,1,2/24/1994,single,1,,,,,,,yes,single,1,,,,,,,,,,,,,,,,,,,,,,,,,7/8/2008,single,1,,,,,,,,,,,,,,,,yes,single,1
SOBAYCA,detention,SOUTH BAY DETENT FACILITY,single,06073,"San Diego County, CA",CA,"500 3RD AVENUE, CHULA VISTA, CA 91910",single,1,,,,,,,,,,,,,,,,IGSA,single,1,DMCP,single,1,,,,,,,9,single,1,SAN DIEGO,single,1,SND,single,1,,,,,,,,,,SND,single,1,8/6/1998,single,1,,,,,,,,,,,,,,,,,,,,,,,,,,,,,,,,,,4/7/2016,single,1,,,,,,,,,,,,,,,,yes,single,1
SOLONOH,detention,SOLON CITY JAIL,single,39035,"Cuyahoga County, OH",OH,"33000 SOLON ROAD, SOLON, OH 44139",single,1,,,,,,,,,,,,,,,,IGSA,single,1,DMCP,single,1,,,,,,,6,single,1,CUYAHOGA,single,1,CLE,single,1,,,,,,,,,,DET,single,1,1/2/2000,single,1,,,,,,,yes,single,1,,,,,,,,,,,,,,,,,,,,,,,,,8/26/2013,single,1,,,,,,,,,,,,,,,,yes,single,1
SOMERME,detention,SOMERSET COUNTY JAIL,single,23025,"Somerset County, ME",ME,"131 EAST MADISON ROAD, MADISON, ME 04950",single,1,,,,,,,,,,,,,,,,IGSA,single,1,DMCP,single,1,,,,,,,1,single,1,SOMERSET,single,1,POM,single,1,,,,,,,,,,BOS,single,1,8/29/1998,single,1,,,,,,,,,,,,,,,,,,,,,,,,,,,,,,,,,,6/25/2006,single,1,,,,,,,,,,,,,,,,yes,single,1
SOMERPA,detention,SOMERSET COUNTY JAIL,single,42111|42129,"Somerset County, PA|Westmoreland County, PA",PA,"127 EAST FAIRVIEW STREET, SOMERSET, PA 15501",single,1,,,,,,,,,,,,,,,,IGSA,single,1,DMCP,single,1,,,,,,,3,single,1,SOMERSET,single,1,PIT,single,1,,,,,,,,,,PHI,single,1,5/18/2004,single,1,,,,,,,,,,,,,,,,,,,,,,,,,,,,,,,,,,3/11/2007,single,1,,,,,,,,,,,,,,,,yes,single,1
SOUTECO,detention,SOUTHERN UTE DETENTION CENTER,single,08007|08067,"La Plata County, CO|Archuleta County, CO",CO,"149 COUNTY ROAD 517, IGNACIO, CO 81137",single,1,,,,,,,,,,,,,,,,IGSA,single,1,DMCP,single,1,,,,,,,10,single,1,LA PLATA,single,1,DEN,single,1,,,,,,,,,,DEN,single,1,1/9/2006,single,1,,,,,,,no,single,1,,,,,,,,,,,,,,,,,,,,,,,,,12/3/2009,single,1,,,,,,,,,,,,,,,,yes,single,1
SPGHOLD,detention,SPRINGFIELD DRO HOLD,single,29077|29225,"Greene County, MO|Webster County, MO",MO,"2401 W. OLD ROUTE 66, STRAFFORD, MO 65757",single,1,,,,,,,,,,,,,,,,Other,single,1,DMCP,single,1,,,,,,,8,single,1,GREENE,single,1,SPG,single,1,HOLD,single,1,,,,,,,CHI,single,1,,,,,,,,,,no,single,1,,,,,,,,,,,,,,,,,,,,,,,,,,,,,,,,,,,,,,,,,,,yes,single,1
SPHOSCA,detention,SAN PEDRO PENINSULA HOSPITAL,single,06037,"Los Angeles County, CA",CA,"1300 W 7TH ST, SAN PEDRO, CA 90732",single,1,,,,,,,,,,,,,,,,Other,single,1,OTHER,single,1,,,,,,,9,single,1,LOS ANGELES,single,1,LOS,single,1,HOSPITAL,single,1,,,,,,,LOS,single,1,9/8/1995,single,1,,,,,,,,,,,,,,,,,,,,,,,,,,,,,,,,,,3/19/2014,single,1,,,,,,,,,,,,,,,,no,single,1
SPMHOLD,detention,US INS/DETENTION & DEPORTATION,single,27053,"Hennepin County, MN",MN,"2901 METRO DRIVE STE 100, BLOOMINGTON, MN 55425",single,1,,,,,,,,,,,,,,,,Other,single,1,DMCP,single,1,,,,,,,8,single,1,HENNEPIN,single,1,SPM,single,1,HOLD,single,1,,,,,,,SPM,single,1,7/25/1989,single,1,,,,,,,no,single,1,,,,,,,,,,,,,,,,,,,,,,,,,8/15/2017,single,1,,,,,,,,,,,,,,,,yes,single,1
SPOKAWA,detention,SPOKANE COUNTY,single,53063,"Spokane County, WA",WA,"1100 WEST MALLON AVENUE, SPOKANE, WA 99260",single,1,,,,,,,,,,,,,,,,IGSA,single,1,DMCP,single,1,,,,,,,9,single,1,SPOKANE,single,1,SEA,single,1,,,,,,,,,,SEA,single,1,12/10/2002,single,1,,,,,,,no,single,1,,,,,,,,,,,,,,,,,,,,,,,,,8/8/2008,single,1,,,,,,,,,,,,,,,,yes,single,1
SPP,detention,SAN PEDRO SERVICE PROCESSING CENTER,single,06037,"Los Angeles County, CA",CA,"2001 SEASIDE AVE., SAN PEDRO, CA 90731",single,1,,,,,,,,,,,,,,,,SPC,single,1,DMCP,single,1,,,,,,,9,single,1,LOS ANGELES,single,1,SPP,single,1,,,,,,,,,,LOS,single,1,6/27/1988,single,1,,,,,,,yes,single,1,,,,,,,,,,,,,,,,,,,,,,,,,10/24/2007,single,1,,,,,,,,,,,,,,,,yes,single,1
SPRNGOR,detention,SPRINGFIELD CITY JAIL,single,41039,"Lane County, OR",OR,"344 A STREET, SPRINGFIELD, OR 97477",single,1,,,,,,,,,,,,,,,,IGSA,single,1,DMCP,single,1,,,,,,,9,single,1,LANE,single,1,EUG,single,1,,,,,,,,,,SEA,single,1,10/29/2012,single,1,,,,,,,,,,,,,,,,,,,,,,,,,,,,,,,,,,10/31/2017,single,1,,,,,,,,,,,,,,,,yes,single,1
SRITACA,detention,SANTA RITA JAIL,single,06001|06013,"Alameda County, CA|Contra Costa County, CA",CA,"5325 BRODER BOULEVARD, DUBLIN, CA 94568",single,1,,,,,,,,,,,,,,,,IGSA,single,1,DMCP,single,1,,,,,,,9,single,1,ALAMEDA,single,1,SFR,single,1,,,,,,,,,,SFR,single,1,7/29/1991,single,1,,,,,,,,,,,,,,,,,,,,,,,,,,,,,,,,,,1/8/2003,single,1,,,,,,,,,,,,,,,,yes,single,1
SRJDFID,detention,SNAKE RIVER JUVENILE,single,16053|16083,"Twin Falls County, ID|Jerome County, ID",ID,"2515 WRIGHT AVENUE, TWIN FALLS, ID 83301",single,1,,,,,,,,,,,,,,,,IGSA,single,1,JFRMU,single,1,,,,,,,9,single,1,TWIN FALLS,single,1,BOI,single,1,JUVENILE,single,1,,,,,,,SLC,single,1,6/21/2002,single,1,,,,,,,no,single,1,,,,,,,,,,,,,,,,,,,,,,,,,11/16/2009,single,1,,,,,,,,,,,,,,,,no,single,1
SSMHOLD,detention,SAULT SAINTE MARIE HOLDROOM,single,26033,"Chippewa County, MI",MI,"325 COURT SUITE #3, SAULT STE. MARIE, MI 49783",single,1,,,,,,,,,,,,,,,,Other,single,1,DMCP,single,1,,,,,,,6,single,1,COUNTY,single,1,DET,single,1,HOLD,single,1,,,,,,,DET,single,1,,,,,,,,,,no,single,1,,,,,,,,,,,,,,,,,,,,,,,,,,,,,,,,,,,,,,,,,,,yes,single,1
STAHOLD,detention,SAINT ALBANS HOLD ROOM,single,50011,"Franklin County, VT",VT,"64 GRICEBROOK ROAD, SAINT ALBANS, VT 05478",single,1,,,,,,,,,,,,,,,,Other,single,1,DMCP,single,1,,,,,,,2,single,1,COUNTY,single,1,BOS,single,1,HOLD,single,1,,,,,,,BOS,single,1,2/4/2014,single,1,,,,,,,no,single,1,,,,,,,,,,,,,,,,,,,,,,,,,8/27/2014,single,1,,,,,,,,,,,,,,,,yes,single,1
STANTKS,detention,STANTON COUNTY JAIL,single,20067|20129|20187,"Stanton County, KS|Grant County, KS|Morton County, KS",KS,"208 N CHESTNUT ST, JOHNSON, KS 67855",single,1,,,,,,,,,,,,,,,,IGSA,single,1,DMCP,single,1,,,,,,,10,single,1,STANTON,single,1,KAN,single,1,,,,,,,,,,CHI,single,1,6/16/2004,single,1,,,,,,,,,,,,,,,,,,,,,,,,,,,,,,,,,,6/17/2004,single,1,,,,,,,,,,,,,,,,yes,single,1
STARKOH,detention,STARK COUNTY JAIL,single,39151,"Stark County, OH",OH,"P.O.BOX 9279, CANTON, OH 44711",single,1,,,,,,,,,,,,,,,,IGSA,single,1,DMCP,single,1,,,,,,,6,single,1,STARK,single,1,CLE,single,1,,,,,,,,,,DET,single,1,12/23/2003,single,1,,,,,,,,,,,,,,,,,,,,,,,,,,,,,,,,,,9/14/2004,single,1,,,,,,,,,,,,,,,,yes,single,1
STARRTX,detention,STARR COUNTY JAIL,single,48427,"Starr County, TX",TX,"100 E. 6TH ST, RIO GRANDE CITY, TX 78582",single,1,,,,,,,,,,,,,,,,IGSA,single,1,DMCP,single,1,,,,,,,5,single,1,STARR,single,1,PIC,single,1,,,,,,,,,,SNA,single,1,5/6/1987,single,1,,,,,,,,,,,,,,,,,,,,,,,,,,,,,,,,,,11/29/2004,single,1,,,,,,,,,,,,,,,,yes,single,1
STCANVI,detention,ST X ANNAS HOPE,single,78010,"St. Croix Island, VI",VI,"P.O. BOX 1100, SAINT CROIX, VI 00820",single,1,,,,,,,,,,,,,,,,IGSA,single,1,DMCP,single,1,,,,,,,3,single,1,SAINT CROIX,single,1,SAJ,single,1,,,,,,,,,,MIA,single,1,8/22/1995,single,1,,,,,,,,,,,,,,,,,,,,,,,,,,,,,,,,,,8/5/2004,single,1,,,,,,,,,,,,,,,,yes,single,1
STCDFTX,detention,SOUTH TEXAS ICE PROCESSING CENTER,conflict,48163|48507,"Frio County, TX|Zavala County, TX",TX,"566 VETERANS DRIVE, PEARSALL, TX 78061",converged,3,979.8,single,1,289.4,single,1,268.5,single,1,165.7,single,1,1703.4,single,1,CDF,converged,2,DMCP,single,1,43.4,single,1,1890,single,1,5,single,1,FRIO,single,1,STC,single,1,,,,42.2,single,1,102.7,single,1,SNA,converged,3,6/27/2005,single,1,Female/Male,single,1,1350,converged,2,yes,single,1,150.1,single,1,114.5,single,1,337.6,single,1,Pearsall Immigration Court (co-located — same ZIP),single,1,Pass,single,1,2026-02-12,single,1,PBNDS 2011 - 2016 Revisions,single,1,ODO,single,1,11/4/2017,single,1,414.5,single,1,1144,single,1,995.6,single,1,1101.3,single,1,(210) 231-4505,single,1,yes,single,1
STCGOVI,detention,ST. X GOLDEN GROVE,single,78010,"St. Croix Island, VI",VI,"NORTH SIDE ROAD, CHRISTIANSTED, VI 00820",single,1,,,,,,,,,,,,,,,,IGSA,single,1,DMCP,single,1,,,,,,,3,single,1,SAINT CROIX,single,1,SAJ,single,1,,,,,,,,,,MIA,single,1,8/27/1996,single,1,,,,,,,no,single,1,,,,,,,,,,,,,,,,,,,,,,,,,6/9/2008,single,1,,,,,,,,,,,,,,,,yes,single,1
STCLAMI,detention,ST. CLAIR COUNTY JAIL,conflict,26147,"St. Clair County, MI",MI,"1170 MICHIGAN ROAD, PORT HURON, MI 48060",converged,3,36.2,single,1,5.7,single,1,2,single,1,3.7,single,1,47.6,single,1,IGSA,converged,2,DMCP,single,1,41.1,single,1,,,,6,single,1,SAINT CLAIR,single,1,DET,single,1,,,,0,single,1,0,single,1,DET,converged,3,9/5/1991,single,1,Male,single,1,,,,yes,single,1,3.6,single,1,2.7,single,1,4.1,single,1,,,,Pass,single,1,2026-04-09,single,1,NDS 2025,single,1,ODO,single,1,11/4/2017,single,1,6.9,single,1,40.7,single,1,29.1,single,1,37.3,single,1,(313) 771-6601,single,1,yes,single,1
STCLAMO,detention,ST. CLAIR COUNTY JAIL,single,29015|29185,"St. Clair County, MO|Benton County, MO",MO,"360 CHESTNUT STREET, OSCEOLA, MO 64776",single,1,,,,,,,,,,,,,,,,IGSA,single,1,DMCP,single,1,,,,,,,8,single,1,ST. CLAIR,single,1,KAN,single,1,,,,,,,,,,CHI,single,1,9/4/1991,single,1,,,,,,,,,,,,,,,,,,,,,,,,,,,,,,,,,,7/10/2003,single,1,,,,,,,,,,,,,,,,yes,single,1
STCROWI,detention,ST. CROIX COUNTY JAIL,single,55109,"St. Croix County, WI",WI,"1101 CARMICHAEL RD, HUDSON, WI 54016",single,1,,,,,,,,,,,,,,,,IGSA,single,1,DMCP,single,1,,,,,,,7,single,1,ST CROIX,single,1,SPM,single,1,,,,,,,,,,SPM,single,1,4/1/1991,single,1,,,,,,,,,,,,,,,,,,,,,,,,,,,,,,,,,,5/17/2001,single,1,,,,,,,,,,,,,,,,yes,single,1
STDHOLD,detention,SOUTH TEXAS/PEARSALL HOLD ROOM,single,48163|48507,"Frio County, TX|Zavala County, TX",TX,"566 VETERAN DRIVE, PEARSALL, TX 78061",single,1,,,,,,,,,,,,,,,,Other,single,1,DMCP,single,1,,,,,,,5,single,1,FRIO,single,1,STC,single,1,HOLD,single,1,,,,,,,SNA,single,1,3/2/2011,single,1,,,,,,,no,single,1,,,,,,,,,,Pearsall Immigration Court (co-located — same ZIP),single,1,,,,,,,,,,,,,10/17/2017,single,1,,,,,,,,,,,,,,,,yes,single,1
STEUBNY,detention,STEUBEN COUNTY JAIL,single,36101,"Steuben County, NY",NY,"7007 RUMSEY STREET EXTENSION, BATH, NY 14810",single,1,,,,,,,,,,,,,,,,IGSA,single,1,DMCP,single,1,,,,,,,2,single,1,STEUBEN,single,1,BUF,single,1,,,,,,,,,,BUF,single,1,11/6/1987,single,1,,,,,,,,,,,,,,,,,,,,,,,,,,,,,,,,,,11/13/2013,single,1,,,,,,,,,,,,,,,,yes,single,1
STEVEWA,detention,STEVENS COUNTY JAIL,single,53065,"Stevens County, WA",WA,"215 SOUTH OAK STREET, COLVILLE, WA 99114",single,1,,,,,,,,,,,,,,,,IGSA,single,1,DMCP,single,1,,,,,,,9,single,1,STEVENS,single,1,SPO,single,1,,,,,,,,,,SEA,single,1,12/5/2003,single,1,,,,,,,,,,,,,,,,,,,,,,,,,,,,,,,,,,12/19/2016,single,1,,,,,,,,,,,,,,,,yes,single,1
STFRAMO,detention,ST. FRANCOIS COUNTY JAIL,single,29123|29186|29187,"St. Francois County, MO|Ste. Genevieve County, MO|Madison County, MO",MO,"1550 DOUBET ROAD, FARMINGTON, MO 63640",single,1,,,,,,,,,,,,,,,,IGSA,single,1,DMCP,single,1,,,,,,,8,single,1,SAINT FRANCOIS,single,1,KAN,single,1,,,,,,,,,,CHI,single,1,6/2/1997,single,1,,,,,,,yes,single,1,,,,,,,,,,,,,,,,,,,,,,,,,5/31/2005,single,1,,,,,,,,,,,,,,,,yes,single,1
STFRCTX,detention,SOUTH TEXAS FAMILY RESIDENTIAL CENTER,single,48163|48283,"Frio County, TX|La Salle County, TX",TX,"1925 WEST HIGHWAY 85, DILLEY, TX 78017",single,1,,,,,,,,,,,,,,,,IGSA,single,1,JFRMU,single,1,,,,2400,single,1,5,single,1,FRIO,single,1,LRD,single,1,FAMILY,single,1,,,,,,,SNA,single,1,12/19/2014,single,1,,,,2400,single,1,yes,single,1,,,,,,,,,,,,,,,,,,,,,,,,,11/4/2017,single,1,,,,,,,,,,,,,,,,no,single,1
STHOSTX,detention,SOUTH TEXAS HOSPITAL,single,48061|48489,"Cameron County, TX|Willacy County, TX",TX,"1301 RANGERVILLE ROAD, HARLINGEN, TX 78550",single,1,,,,,,,,,,,,,,,,Other,single,1,OTHER,single,1,,,,,,,5,single,1,CAMERON,single,1,PIC,single,1,HOSPITAL,single,1,,,,,,,SNA,single,1,8/13/1986,single,1,,,,,,,,,,,,,,,,,,,Harlingen Immigration Court (co-located — same ZIP),single,1,,,,,,,,,,,,,6/29/2003,single,1,,,,,,,,,,,,,,,,no,single,1
STJOSAZ,detention,ST JOSEPHS HOSPITAL,single,04013,"Maricopa County, AZ",AZ,"350 WEST THOMAS RD, PHOENIX, AZ 85013",single,1,,,,,,,,,,,,,,,,Other,single,1,OTHER,single,1,,,,,,,9,single,1,MARICOPA,single,1,PHO,single,1,HOSPITAL,single,1,,,,,,,PHO,single,1,8/18/2009,single,1,,,,,,,,,,,,,,,,,,,,,,,,,,,,,,,,,,7/12/2012,single,1,,,,,,,,,,,,,,,,no,single,1
STJOSCA,detention,ST. JOSEPHS HOSPITAL,single,06059,"Orange County, CA",CA,"1100 WEST STEWART DRIVE, ORANGE, CA 92868",single,1,,,,,,,,,,,,,,,,Other,single,1,OTHER,single,1,,,,,,,9,single,1,ORANGE,single,1,LOS,single,1,HOSPITAL,single,1,,,,,,,LOS,single,1,4/3/2009,single,1,,,,,,,,,,,,,,,,,,,,,,,,,,,,,,,,,,3/11/2010,single,1,,,,,,,,,,,,,,,,no,single,1
STJOSIN,detention,ST. JOSEPH COUNTY JAIL,single,18141,"St. Joseph County, IN",IN,"129 S. MAIN ST., SOUTH BEND, IN 46601",single,1,,,,,,,,,,,,,,,,IGSA,single,1,DMCP,single,1,,,,,,,7,single,1,ST JOSEPH,single,1,CHI,single,1,,,,,,,,,,CHI,single,1,9/4/2001,single,1,,,,,,,,,,,,,,,,,,,,,,,,,,,,,,,,,,11/27/2006,single,1,,,,,,,,,,,,,,,,yes,single,1
STJOSMI,detention,ST JOSEPH COUNTY (CENTREVILLE),single,26149,"St. Joseph County, MI",MI,"650 MAIN STREET, CENTREVILLE, MI 49032",single,1,,,,,,,,,,,,,,,,IGSA,single,1,DMCP,single,1,,,,,,,6,single,1,SAINT JOSEPH,single,1,DET,single,1,,,,,,,,,,DET,single,1,4/17/1998,single,1,,,,,,,,,,,,,,,,,,,,,,,,,,,,,,,,,,7/12/2007,single,1,,,,,,,,,,,,,,,,yes,single,1
STK,detention,STOCKTON STAGING FACILITY,single,06077,"San Joaquin County, CA",CA,"22 EAST MARKET STREET, STOCKTON, CA 95202",single,1,,,,,,,,,,,,,,,,Other,single,1,DMCP,single,1,,,,,,,9,single,1,SAN JOAQUIN,single,1,STO,single,1,STAGING,single,1,,,,,,,SFR,single,1,5/28/2009,single,1,,,,,,,no,single,1,,,,,,,,,,,,,,,,,,,,,,,,,5/25/2017,single,1,,,,,,,,,,,,,,,,yes,single,1
STLAWNY,detention,ST LAWRENCE COUNTY JAIL,single,36089,"St. Lawrence County, NY",NY,"5 JUDSON STREET, CANTON, NY 13617",single,1,,,,,,,,,,,,,,,,IGSA,single,1,DMCP,single,1,,,,,,,2,single,1,SAINT LAWRENCE,single,1,BUF,single,1,,,,,,,,,,BUF,single,1,5/4/1988,single,1,,,,,,,no,single,1,,,,,,,,,,,,,,,,,,,,,,,,,9/23/2013,single,1,,,,,,,,,,,,,,,,yes,single,1
STLHOLD,detention,ST. LOUIS HOLDROOM,single,29510,"St. Louis city, MO",MO,"1222 SPRUCE STREET, ST. LOUIS, MO 63101",single,1,,,,,,,,,,,,,,,,Other,single,1,DMCP,single,1,,,,,,,8,single,1,ST. LOUIS CITY,single,1,STL,single,1,HOLD,single,1,,,,,,,CHI,single,1,3/2/2011,single,1,,,,,,,no,single,1,,,,,,,,,,,,,,,,,,,,,,,,,7/11/2013,single,1,,,,,,,,,,,,,,,,yes,single,1
STMARAZ,detention,ST MARY'S HOSPITAL,single,04019,"Pima County, AZ",AZ,"1601 WEST SAINT MARYS ROAD, TUCSON, AZ 85745",single,1,,,,,,,,,,,,,,,,Other,single,1,OTHER,single,1,,,,,,,9,single,1,PIMA,single,1,FLO,single,1,HOSPITAL,single,1,,,,,,,PHO,single,1,6/18/1999,single,1,,,,,,,,,,,,,,,,,,,,,,,,,,,,,,,,,,5/16/2013,single,1,,,,,,,,,,,,,,,,no,single,1
STMARCA,detention,ST MARY MEDICAL CENTER,single,06059,"Orange County, CA",CA,"18300 CALIFORNIA 18, APPLE VALLEY, CA 92807",single,1,,,,,,,,,,,,,,,,Other,single,1,OTHER,single,1,,,,,,,9,single,1,COUNTY,single,1,ADE,single,1,HOSPITAL,single,1,,,,,,,LOS,single,1,7/9/2014,single,1,,,,,,,,,,,,,,,,,,,,,,,,,,,,,,,,,,10/22/2017,single,1,,,,,,,,,,,,,,,,no,single,1
STMDPLA,detention,ST. MARTIN D.P. NURSING HOME,single,22019,"Calcasieu Parish, LA",LA,"200 TEAL ST., LAKE CHARLES, LA 70615",single,1,,,,,,,,,,,,,,,,Other,single,1,OTHER,single,1,,,,,,,5,single,1,CALCASIEU,single,1,OAK,single,1,HOSPITAL,single,1,,,,,,,NOL,single,1,1/26/1999,single,1,,,,,,,,,,,,,,,,,,,,,,,,,,,,,,,,,,2/26/2007,single,1,,,,,,,,,,,,,,,,no,single,1
STMRYIL,detention,ST. MARY OF THE NAZARETH,single,17031,"Cook County, IL",IL,"2233 WEST DIVISION STREET, CHICAGO, IL 60622",single,1,,,,,,,,,,,,,,,,Other,single,1,OTHER,single,1,,,,,,,7,single,1,COOK,single,1,CHI,single,1,HOSPITAL,single,1,,,,,,,CHI,single,1,10/8/2008,single,1,,,,,,,,,,,,,,,,,,,,,,,,,,,,,,,,,,7/5/2011,single,1,,,,,,,,,,,,,,,,no,single,1
STONEMO,detention,STONE COUNTY JAIL,single,29009|29043|29209,"Stone County, MO|Barry County, MO|Christian County, MO",MO,"5TH AND MAPLE, GALENA, MO 65656",single,1,,,,,,,,,,,,,,,,IGSA,single,1,DMCP,single,1,,,,,,,8,single,1,STONE,single,1,KAN,single,1,,,,,,,,,,CHI,single,1,3/22/2000,single,1,,,,,,,,,,,,,,,,,,,,,,,,,,,,,,,,,,4/5/2004,single,1,,,,,,,,,,,,,,,,yes,single,1
STOPDIL,detention,STONE PARK POLICE DEPARTMENT,single,17031,"Cook County, IL",IL,"1629 NORTH MANNHEIM ROAD, STONE PARK, IL 60165",single,1,,,,,,,,,,,,,,,,IGSA,single,1,DMCP,single,1,,,,,,,7,single,1,COOK,single,1,CHI,single,1,,,,,,,,,,CHI,single,1,7/6/1988,single,1,,,,,,,no,single,1,,,,,,,,,,,,,,,,,,,,,,,,,4/30/2009,single,1,,,,,,,,,,,,,,,,yes,single,1
STORYIA,detention,STORY COUNTY JAIL,single,19169,"Story County, IA",IA,"1315 SOUTH B AVENUE, NEVADA, IA 50201",single,1,,,,,,,,,,,,,,,,USMS IGA,single,1,DMCP,single,1,,,,,,,8,single,1,STORY,single,1,OMA,single,1,,,,,,,,,,SPM,single,1,10/29/1998,single,1,,,,,,,,,,,,,,,,,,,,,,,,,,,,,,,,,,11/4/2017,single,1,,,,,,,,,,,,,,,,yes,single,1
STRAFNH,detention,STRAFFORD COUNTY CORRECTIONS,converged,33017,"Strafford County, NH",NH,"266 COUNTY FARM ROAD, DOVER, NH 03820",converged,3,44.2,single,1,4.3,single,1,48.8,single,1,43.1,single,1,140.4,single,1,IGSA,converged,2,DMCP,single,1,38.7,single,1,,,,1,single,1,STRAFFORD,single,1,BOS,single,1,,,,1.7,single,1,15.7,single,1,BOS,converged,3,2/11/1991,single,1,Female/Male,single,1,,,,yes,single,1,25.5,single,1,10.6,single,1,11.6,single,1,,,,Pass,single,1,2025-03-27,single,1,NDS 2019,single,1,ODO,single,1,11/4/2017,single,1,35.2,single,1,87.7,single,1,71.5,single,1,92.6,single,1,(603) 742-3310,single,1,yes,single,1
STTAMLA,detention,SAINT TAMMANY PARISH JAIL,single,22103,"St. Tammany Parish, LA",LA,"701 NORTH COLUMBIA STREET, COVINGTON, LA 70433",single,1,,,,,,,,,,,,,,,,IGSA,single,1,DMCP,single,1,,,,,,,5,single,1,SAINT TAMMANY,single,1,NOL,single,1,,,,,,,,,,NOL,single,1,4/18/2012,single,1,,,,,,,no,single,1,,,,,,,,,,,,,,,,,,,,,,,,,11/4/2017,single,1,,,,,,,,,,,,,,,,yes,single,1
STTCJVI,detention,ST. T CRIMINAL JUSTICE COMPLEX,single,78030,"St. Thomas Island, VI",VI,"HOSPITAL GADE AND VETERANS DRIVE, CHARLOTTE AMALIE, VI 00802",single,1,,,,,,,,,,,,,,,,IGSA,single,1,DMCP,single,1,,,,,,,3,single,1,SAINT THOMAS,single,1,SAJ,single,1,,,,,,,,,,MIA,single,1,2/22/1994,single,1,,,,,,,no,single,1,,,,,,,,,,,,,,,,,,,,,,,,,11/7/2013,single,1,,,,,,,,,,,,,,,,yes,single,1
STUHOLD,detention,STUART HOLD ROOM,single,12085,"Martin County, FL",FL,"3500 SE COMMERCE AVE, STUART, FL 34997",single,1,,,,,,,,,,,,,,,,Other,single,1,DMCP,single,1,,,,,,,11,single,1,MARTIN,single,1,,,,HOLD,single,1,,,,,,,MIA,single,1,9/14/2016,single,1,,,,,,,no,single,1,,,,,,,,,,,,,,,,,,,,,,,,,9/18/2017,single,1,,,,,,,,,,,,,,,,yes,single,1
STUTSND,detention,STUTSMAN COUNTY,single,38093,"Stutsman County, ND",ND,"205 6TH STREET SE, JAMESTOWN, ND 58401",single,1,,,,,,,,,,,,,,,,IGSA,single,1,DMCP,single,1,,,,,,,8,single,1,STUTSMAN,single,1,SPM,single,1,,,,,,,,,,SPM,single,1,9/8/1995,single,1,,,,,,,,,,,,,,,,,,,,,,,,,,,,,,,,,,4/15/2012,single,1,,,,,,,,,,,,,,,,yes,single,1
STWRTGA,detention,STEWART DETENTION CENTER,converged,13239|13259,"Stewart County, GA|Quitman County, GA",GA,"146 CCA ROAD, LUMPKIN, GA 31815",converged,3,1103,single,1,352.3,single,1,265,single,1,289.3,single,1,2009.6,single,1,DIGSA,conflict,2,DMCP,single,1,46.6,single,1,1966,single,1,11,single,1,STEWART,single,1,ATL,single,1,DIGSA,single,1,54.9,single,1,275.9,single,1,ATL,converged,3,9/1/2000,single,1,Female/Male,single,1,1600,converged,2,yes,single,1,298.5,single,1,182.9,single,1,242.6,single,1,Stewart Immigration Court (co-located — same ZIP),single,1,Pass,single,1,Scheduled FY26,single,1,PBNDS 2011 - 2016 Revisions,single,1,ODO,single,1,11/4/2017,single,1,504.8,single,1,1174,single,1,1302.7,single,1,1285.7,single,1,(229) 838-5000,single,1,yes,single,1
SUFFOMA,detention,SUFFOLK COUNTY HOUSE OF CORRECTIONS,single,25025,"Suffolk County, MA",MA,"20 BRADSTON STREET, BOSTON, MA 02118",single,1,,,,,,,,,,,,,,,,IGSA,single,1,DMCP,single,1,,,,,,,1,single,1,SUFFOLK,single,1,BOS,single,1,,,,,,,,,,BOS,single,1,11/5/1996,single,1,,,,,,,yes,single,1,,,,,,,,,,,,,,,,,,,,,,,,,11/4/2017,single,1,,,,,,,,,,,,,,,,yes,single,1
SUFFONY,detention,SUFFOLK COUNTY,single,36103,"Suffolk County, NY",NY,"100 CENTER DRIVE, RIVERHEAD, NY 11901",single,1,,,,,,,,,,,,,,,,IGSA,single,1,DMCP,single,1,,,,,,,2,single,1,SUFFOLK,single,1,NYC,single,1,,,,,,,,,,NYC,single,1,5/21/2007,single,1,,,,,,,,,,,,,,,,,,,,,,,,,,,,,,,,,,11/4/2017,single,1,,,,,,,,,,,,,,,,yes,single,1
SULPHLA,detention,SULPHUR CITY,single,22019,"Calcasieu Parish, LA",LA,"500 B N HUNTINGTON, SULPHUR, LA 70663",single,1,,,,,,,,,,,,,,,,IGSA,single,1,DMCP,single,1,,,,,,,5,single,1,CALCASIEU,single,1,NOL,single,1,,,,,,,,,,NOL,single,1,6/2/2004,single,1,,,,,,,,,,,,,,,,,,,,,,,,,,,,,,,,,,6/2/2004,single,1,,,,,,,,,,,,,,,,yes,single,1
SUMMICO,detention,SUMMIT COUNTY JAIL,single,08117,"Summit County, CO",CO,"501 NORTH PARK AVENUE, BRECKENRIDGE, CO 80424",single,1,,,,,,,,,,,,,,,,IGSA,single,1,DMCP,single,1,,,,,,,10,single,1,SUMMIT,single,1,DEN,single,1,,,,,,,,,,DEN,single,1,11/14/1991,single,1,,,,,,,,,,,,,,,,,,,,,,,,,,,,,,,,,,7/1/2008,single,1,,,,,,,,,,,,,,,,yes,single,1
SUMMIUT,detention,SUMMIT COUNTY JAIL,single,49029|49043,"Summit County, UT|Morgan County, UT",UT,"6300 NORTH SILVER CREEK DRIVE, PARK CITY, UT 84098",single,1,,,,,,,,,,,,,,,,IGSA,single,1,DMCP,single,1,,,,,,,10,single,1,SUMMIT,single,1,SLC,single,1,,,,,,,,,,SLC,single,1,11/13/1995,single,1,,,,,,,yes,single,1,,,,,,,,,,,,,,,,,,,,,,,,,4/16/2009,single,1,,,,,,,,,,,,,,,,yes,single,1
SUNNYWA,detention,SUNNYSIDE JAIL,single,53005|53077,"Yakima County, WA|Benton County, WA",WA,"401 HOMER STREET, SUNNYSIDE, WA 98944",single,1,,,,,,,,,,,,,,,,IGSA,single,1,DMCP,single,1,,,,,,,9,single,1,YAKIMA,single,1,SEA,single,1,,,,,,,,,,SEA,single,1,7/12/2004,single,1,,,,,,,no,single,1,,,,,,,,,,,,,,,,,,,,,,,,,12/30/2008,single,1,,,,,,,,,,,,,,,,yes,single,1
SUSSEDE,detention,SUSSEX COUNTY PRISON,single,10005,"Sussex County, DE",DE,"23203 DUPONT BOULEVARD, GEORGETOWN, DE 19947",single,1,,,,,,,,,,,,,,,,IGSA,single,1,DMCP,single,1,,,,,,,3,single,1,GEORGETOWN,single,1,PHI,single,1,,,,,,,,,,PHI,single,1,12/22/1987,single,1,,,,,,,,,,,,,,,,,,,,,,,,,,,,,,,,,,1/4/1988,single,1,,,,,,,,,,,,,,,,yes,single,1
SUSSENJ,detention,KEOGH-DWYER CORRECTIONAL FACILITY,single,34037|34041,"Sussex County, NJ|Warren County, NJ",NJ,"410 HIGH STREET, NEWTON, NJ 07860",single,1,,,,,,,,,,,,,,,,IGSA,single,1,DMCP,single,1,,,,,,,3,single,1,SUSSEX,single,1,VRK,single,1,,,,,,,,,,NYC,single,1,8/2/1993,single,1,,,,,,,yes,single,1,,,,,,,,,,,,,,,,,,,,,,,,,9/21/2015,single,1,,,,,,,,,,,,,,,,yes,single,1
SWEETMT,detention,SWEETWATER COUNTY JAIL,single,30095|30097,"Sweet Grass County, MT|Stillwater County, MT",MT,"200 WEST 1ST AVENUE, BIG TIMBER, MT 59011",single,1,,,,,,,,,,,,,,,,IGSA,single,1,DMCP,single,1,,,,,,,9,single,1,SWEET GRASS,single,1,HEL,single,1,,,,,,,,,,SLC,single,1,1/17/2005,single,1,,,,,,,,,,,,,,,,,,,,,,,,,,,,,,,,,,5/27/2008,single,1,,,,,,,,,,,,,,,,yes,single,1
SWEETWY,detention,Sweetwater County Detention Center,conflict,56037,"Sweetwater County, WY",WY,"50140 US Highway 191 South, Rock Springs, WY 82901",conflict,2,,,,,,,,,,,,,,,,USMS IGA,single,1,DMCP,single,1,,,,30,single,1,10,single,1,SWEETWATER,single,1,DEN,single,1,,,,,,,,,,DEN,converged,2,1/14/1992,single,1,,,,,,,yes,single,1,,,,,,,,,,,,,,,,,,,,,,,,,10/1/2017,single,1,,,,,,,,,,,,,(307) 352-4900,single,1,yes,single,1
SXCHOLD,detention,SIOUX CITY HOLD ROOM,single,19193,"Woodbury County, IA",IA,"1400 PIERCE STREET, SIOUX CITY, IA 51101",single,1,,,,,,,,,,,,,,,,Other,single,1,DMCP,single,1,,,,,,,8,single,1,WOODBURY,single,1,OMA,single,1,HOLD,single,1,,,,,,,SPM,single,1,8/9/2011,single,1,,,,,,,no,single,1,,,,,,,,,,,,,,,,,,,,,,,,,1/11/2015,single,1,,,,,,,,,,,,,,,,yes,single,1
TALHOLD,detention,TALLAHASSEE HOLD ROOM,single,12073,"Leon County, FL",FL,"1530 COMMONWEALTH BUSINESS BLVD, TALLAHASSEE, FL 32303",single,1,,,,,,,,,,,,,,,,Other,single,1,DMCP,single,1,,,,,,,11,single,1,LEON,single,1,,,,HOLD,single,1,,,,,,,MIA,single,1,7/29/2016,single,1,,,,,,,no,single,1,,,,,,,,,,,,,,,,,,,,,,,,,7/30/2016,single,1,,,,,,,,,,,,,,,,yes,single,1
TALLAMS,detention,TALLAHATCHIE CO CORR FACILITY,single,28027|28119|28133|28135,"Tallahatchie County, MS|Coahoma County, MS|Sunflower County, MS|Quitman County, MS",MS,"19351 US Hwy 49 N, Tutwiler, MS 38963",single,1,,,,,,,,,,,,,,,,USMS IGA,single,1,,,,,,,,,,5,single,1,Tallahatchie,single,1,,,,,,,,,,,,,NOL,single,1,,,,,,,,,,yes,single,1,,,,,,,,,,,,,,,,,,,,,,,,,,,,,,,,,,,,,,,,,,,,,
TAMHOLD,detention,TAMPA HOLD ROOM,single,12057,"Hillsborough County, FL",FL,"UNAVAILABLE, TAMPA, FL 33619",single,1,,,,,,,,,,,,,,,,Other,single,1,DMCP,single,1,,,,,,,11,single,1,HILLSBOROUGH,single,1,KRO,single,1,HOLD,single,1,,,,,,,MIA,single,1,5/2/2011,single,1,,,,,,,no,single,1,,,,,,,,,,,,,,,,,,,,,,,,,10/31/2017,single,1,,,,,,,,,,,,,,,,yes,single,1
TANGILA,detention,TANGIPAHOA PARISH JAIL,single,22063|22091|22105,"Tangipahoa Parish, LA|St. Helena Parish, LA|Livingston Parish, LA",LA,"101 CAMPO LANE, AMITE, LA 70422",single,1,,,,,,,,,,,,,,,,IGSA,single,1,DMCP,single,1,,,,,,,5,single,1,TANGIPAHOA,single,1,NOL,single,1,,,,,,,,,,NOL,single,1,8/10/1988,single,1,,,,,,,,,,,,,,,,,,,,,,,,,,,,,,,,,,8/2/2005,single,1,,,,,,,,,,,,,,,,yes,single,1
TARRATX,detention,TARRANT COUNTY JAIL,single,48439,"Tarrant County, TX",TX,"100 N. LAMAR ST., FT. WORTH, TX 76196",single,1,,,,,,,,,,,,,,,,IGSA,single,1,DMCP,single,1,,,,,,,5,single,1,TARRANT,single,1,DAL,single,1,,,,,,,,,,DAL,single,1,1/4/1996,single,1,,,,,,,,,,,,,,,,,,,,,,,,,,,,,,,,,,2/19/2004,single,1,,,,,,,,,,,,,,,,yes,single,1
TAYLOIA,detention,TAYLOR COUNTY COURTHOUSE,single,19145|19173,"Taylor County, IA|Page County, IA",IA,"405 JEFFERSON STREET, BEDFORD, IA 50833",single,1,,,,,,,,,,,,,,,,IGSA,single,1,DMCP,single,1,,,,,,,8,single,1,TAYLOR,single,1,OMA,single,1,,,,,,,,,,SPM,single,1,2/8/2000,single,1,,,,,,,,,,,,,,,,,,,,,,,,,,,,,,,,,,1/23/2003,single,1,,,,,,,,,,,,,,,,yes,single,1
TAYLOTX,detention,TAYLOR COUNTY ADULT DETENTION FACILITY,single,48059|48441,"Taylor County, TX|Callahan County, TX",TX,"910 SOUTH 27TH STREET, ABILENE, TX 79602",single,1,,,,,,,,,,,,,,,,IGSA,single,1,DMCP,single,1,,,,,,,5,single,1,TAYLOR,single,1,ABT,single,1,,,,,,,,,,DAL,single,1,3/1/1999,single,1,,,,,,,no,single,1,,,,,,,,,,,,,,,,,,,,,,,,,1/3/2012,single,1,,,,,,,,,,,,,,,,yes,single,1
TAYPDMI,detention,TAYLOR POLICE DEPARTMENT (TAYLOR MICHIGAN),single,26163,"Wayne County, MI",MI,"23515 GODDARD ROAD, TAYLOR, MI 48180",single,1,,,,,,,,,,,,,,,,IGSA,single,1,DMCP,single,1,,,,,,,6,single,1,WAYNE,single,1,DET,single,1,,,,,,,,,,DET,single,1,3/10/1994,single,1,,,,,,,,,,,,,,,,,,,,,,,,,,,,,,,,,,2/6/2006,single,1,,,,,,,,,,,,,,,,yes,single,1
TEHAMCA,detention,TEHAMA COUNTY JAIL,single,06103,"Tehama County, CA",CA,"502 OAK STREET, RED BLUFF, CA 96080",single,1,,,,,,,,,,,,,,,,IGSA,single,1,DMCP,single,1,,,,,,,9,single,1,TEHAMA,single,1,SFR,single,1,,,,,,,,,,SFR,single,1,6/5/1991,single,1,,,,,,,no,single,1,,,,,,,,,,,,,,,,,,,,,,,,,9/28/2004,single,1,,,,,,,,,,,,,,,,yes,single,1
TELLECO,detention,TELLER COUNTY JAIL,single,08119,"Teller County, CO",CO,"288 WEAVERVILLE ROAD, DIVIDE, CO 80814",single,1,,,,,,,,,,,,,,,,IGSA,single,1,DMCP,single,1,,,,,,,10,single,1,TELLER,single,1,DEN,single,1,,,,,,,,,,DEN,single,1,10/7/1998,single,1,,,,,,,yes,single,1,,,,,,,,,,,,,,,,,,,,,,,,,8/1/2017,single,1,,,,,,,,,,,,,,,,yes,single,1
TEMPLCA,detention,TEMPLE MEDICAL,single,06037,"Los Angeles County, CA",CA,"124 NORTH VIGNES STREET, LOS ANGELES, CA 90012",single,1,,,,,,,,,,,,,,,,Other,single,1,OTHER,single,1,,,,,,,9,single,1,LOS ANGELES,single,1,LOS,single,1,HOSPITAL,single,1,,,,,,,LOS,single,1,5/7/2010,single,1,,,,,,,,,,,,,,,,,,,Los Angeles – N. Los Angeles Street Immigration Court (co-located — same ZIP),single,1,,,,,,,,,,,,,10/27/2015,single,1,,,,,,,,,,,,,,,,no,single,1
TENSALA,detention,TENSAS PARISH DETENTION CENTER,single,22107,"Tensas Parish, LA",LA,"8606 HWY 65, WATERPROOF, LA 71375",single,1,,,,,,,,,,,,,,,,IGSA,single,1,DMCP,single,1,,,,,,,5,single,1,TENSAS,single,1,OAK,single,1,,,,,,,,,,NOL,single,1,12/11/1995,single,1,,,,,,,yes,single,1,,,,,,,,,,,,,,,,,,,,,,,,,3/1/2016,single,1,,,,,,,,,,,,,,,,yes,single,1
TETONWY,detention,TETON COUNTY JAIL (WYOMING),single,56005,"Campbell County, WY",WY,"180 S. KING STREET, JACKSON, WY 82716",single,1,,,,,,,,,,,,,,,,USMS IGA,single,1,DMCP,single,1,,,,,,,10,single,1,TETON,single,1,DEN,single,1,,,,,,,,,,DEN,single,1,11/4/1993,single,1,,,,,,,no,single,1,,,,,,,,,,,,,,,,,,,,,,,,,11/2/2017,single,1,,,,,,,,,,,,,,,,yes,single,1
TEXARAR,detention,TEXARKANA ARKANSAS POLICE DEPARTMENT,single,05091,"Miller County, AR",AR,"100 NORTH STATELINE AVENUE, TEXARKANA, AR 71854",single,1,,,,,,,,,,,,,,,,IGSA,single,1,DMCP,single,1,,,,,,,8,single,1,MILLER,single,1,NOL,single,1,,,,,,,,,,NOL,single,1,5/23/2001,single,1,,,,,,,,,,,,,,,,,,,,,,,,,,,,,,,,,,7/28/2003,single,1,,,,,,,,,,,,,,,,yes,single,1
TFALLID,detention,TWIN FALLS COUNTY ADULT DETENTION FACILITY,single,16053|16083,"Twin Falls County, ID|Jerome County, ID",ID,"425 SHOSHONE STREET NORTH, TWIN FALLS, ID 83301",single,1,,,,,,,,,,,,,,,,IGSA,single,1,DMCP,single,1,,,,,,,9,single,1,TWIN FALLS,single,1,BOI,single,1,,,,,,,,,,SLC,single,1,1/19/1994,single,1,,,,,,,no,single,1,,,,,,,,,,,,,,,,,,,,,,,,,5/29/2017,single,1,,,,,,,,,,,,,,,,yes,single,1
TFIHOLD,detention,TWIN FALLS HOLD ROOM,single,16053|16083,"Twin Falls County, ID|Jerome County, ID",ID,"2496 ADDISON AVENUE EAST, TWIN FALLS, ID 83301",single,1,,,,,,,,,,,,,,,,Other,single,1,DMCP,single,1,,,,,,,9,single,1,TWIN FALLS COUNTY,single,1,BOI,single,1,HOLD,single,1,,,,,,,SLC,single,1,7/25/2017,single,1,,,,,,,no,single,1,,,,,,,,,,,,,,,,,,,,,,,,,7/25/2017,single,1,,,,,,,,,,,,,,,,yes,single,1
TGKJLFL,detention,TURNER GUILFORD KNIGHT (TGK) JAIL,converged,12086,"Miami-Dade County, FL",FL,"7000 NW 41ST ST., MIAMI, FL 33166",converged,2,5.2,single,1,1,single,1,2.1,single,1,2.5,single,1,10.8,single,1,IGSA,converged,2,DMCP,single,1,1.1,single,1,,,,11,single,1,MIAMI-DADE,single,1,MIA,single,1,,,,0.1,single,1,1.5,single,1,MIA,converged,2,1/5/2000,single,1,Female/Male,single,1,,,,,,,1.9,single,1,0.4,single,1,0.3,single,1,,,,,,,,,,,,,,,,9/10/2004,single,1,2.2,single,1,6.9,single,1,5.6,single,1,8,single,1,,,,yes,single,1
TGREETX,detention,TOM GREEN COUNTY JAIL,single,48451,"Tom Green County, TX",TX,"122 WEST HARRIS AVENUE, SAN ANGELO, TX 76903",single,1,,,,,,,,,,,,,,,,USMS IGA,single,1,DMCP,single,1,,,,,,,5,single,1,TOM GREEN,single,1,SNA,single,1,,,,,,,,,,DAL,single,1,6/8/2007,single,1,,,,,,,no,single,1,,,,,,,,,,,,,,,,,,,,,,,,,10/12/2017,single,1,,,,,,,,,,,,,,,,yes,single,1
THOMAKS,detention,THOMAS COUNTY JAIL,single,20153|20193,"Thomas County, KS|Rawlins County, KS",KS,"225 N. COURT, COLBY, KS 67701",single,1,,,,,,,,,,,,,,,,IGSA,single,1,DMCP,single,1,,,,,,,10,single,1,THOMAS,single,1,KAN,single,1,,,,,,,,,,CHI,single,1,3/15/1994,single,1,,,,,,,no,single,1,,,,,,,,,,,,,,,,,,,,,,,,,11/22/2005,single,1,,,,,,,,,,,,,,,,yes,single,1
THURSNE,detention,THURSTON COUNTY JAIL,single,31039|31173|31179,"Thurston County, NE|Cuming County, NE|Wayne County, NE",NE,"106 5TH STREET, PENDER, NE 68047",single,1,,,,,,,,,,,,,,,,IGSA,single,1,DMCP,single,1,,,,,,,8,single,1,THURSTON,single,1,OMA,single,1,,,,,,,,,,SPM,single,1,8/9/2000,single,1,,,,,,,,,,,,,,,,,,,,,,,,,,,,,,,,,,12/16/2002,single,1,,,,,,,,,,,,,,,,yes,single,1
THURSWA,detention,THURSTON COUNTY CORRECTIONAL CENTER,single,53045|53067,"Thurston County, WA|Mason County, WA",WA,"2000 LAKERIDGE DRIVE SW, OLYMPIA, WA 98502",single,1,,,,,,,,,,,,,,,,IGSA,single,1,DMCP,single,1,,,,,,,9,single,1,THURSTON,single,1,SEA,single,1,,,,,,,,,,SEA,single,1,,,,,,,,,,,,,,,,,,,,,,,,,,,,,,,,,,,,,,,,,,,,,,,,,,,,,,,yes,single,1
TILLCOR,detention,TILLAMOOK COUNTY JAIL,single,41057,"Tillamook County, OR",OR,"201 LAURAL AVENUE, TILLAMOOK, OR 97141",single,1,,,,,,,,,,,,,,,,IGSA,single,1,DMCP,single,1,,,,,,,9,single,1,TILLAMOOK,single,1,POO,single,1,,,,,,,,,,SEA,single,1,8/31/1998,single,1,,,,,,,,,,,,,,,,,,,,,,,,,,,,,,,,,,6/17/2004,single,1,,,,,,,,,,,,,,,,yes,single,1
TIOGANY,detention,TIOGA COUNTY JAIL,single,36107,"Tioga County, NY",NY,"103 CORPORATE DRIVE, OWEGO, NY 13827",single,1,,,,,,,,,,,,,,,,IGSA,single,1,DMCP,single,1,,,,,,,2,single,1,TIOGA,single,1,BUF,single,1,,,,,,,,,,BUF,single,1,6/1/1988,single,1,,,,,,,,,,,,,,,,,,,,,,,,,,,,,,,,,,4/23/2014,single,1,,,,,,,,,,,,,,,,yes,single,1
TITUSTX,detention,TITUS COUNTY JAIL,single,48159|48343|48449,"Titus County, TX|Franklin County, TX|Morris County, TX",TX,"304 SOUTH VAN BUREN AVENUE, MT. PLEASANT, TX 75455",single,1,,,,,,,,,,,,,,,,USMS IGA,single,1,DMCP,single,1,,,,10,single,1,5,single,1,TITUS,single,1,DAL,single,1,,,,,,,,,,DAL,single,1,7/26/2017,single,1,,,,,,,no,single,1,,,,,,,,,,,,,,,,,,,,,,,,,10/26/2017,single,1,,,,,,,,,,,,,,,,yes,single,1
TLACYCA,detention,THEO LACY FACILITY,single,06059,"Orange County, CA",CA,"501 THE CITY DRIVE SOUTH, ORANGE, CA 92868",single,1,,,,,,,,,,,,,,,,IGSA,single,1,DMCP,single,1,,,,472,single,1,9,single,1,ORANGE,single,1,LOS,single,1,,,,,,,,,,LOS,single,1,8/9/2010,single,1,,,,,,,yes,single,1,,,,,,,,,,,,,,,,,,,,,,,,,11/4/2017,single,1,,,,,,,,,,,,,,,,yes,single,1
TNGLPOE,detention,TORNILLO-GUADALUPE POE,single,48141,"El Paso County, TX",TX,"1400 Lower Island Rd., Tornillo, TX 79853",single,1,,,,,,,,,,,,,,,,Other,single,1,,,,,,,,,,5,single,1,El Paso,single,1,,,,POE,single,1,,,,,,,ELP,single,1,,,,,,,,,,no,single,1,,,,,,,,,,,,,,,,,,,,,,,,,,,,,,,,,,,,,,,,,,,,,
TNWESDF,detention,WESTERN TENNESSEE DETENTION FACILITY,conflict,47047|47075|47167,"Tipton County, TN|Fayette County, TN|Haywood County, TN",TN,"6299 FINDE NAIFEH DRIVE, MASON, TN 38049",converged,3,266.2,single,1,35.1,single,1,37.6,single,1,25.5,single,1,364.4,single,1,DIGSA,conflict,2,DMCP,single,1,21.9,single,1,20,single,1,6,single,1,TIPTON,single,1,MEM,single,1,,,,0.5,single,1,20,single,1,NOL,converged,3,10/2/1996,single,1,Female/Male,single,1,450,single,1,yes,single,1,28.1,single,1,15.3,single,1,32.5,single,1,,,,Pass,single,1,2026-03-12,single,1,NDS 2025,single,1,ODO,single,1,11/4/2017,single,1,42.1,single,1,301.8,single,1,169.6,single,1,288.5,single,1,(901) 294-3060,single,1,yes,single,1
TONDHLG,detention,TRANSPORT ONLY NO DETENTION-HLG,single,,,,,,,,,,,,,,,,,,,,,,Other,single,1,,,,,,,,,,,,,,,,,,,TRANSPORT,single,1,,,,,,,SNA,single,1,,,,,,,,,,no,single,1,,,,,,,,,,,,,,,,,,,,,,,,,,,,,,,,,,,,,,,,,,,,,
TOOELUT,detention,TOOELE COUNTY JAIL,converged,49045,"Tooele County, UT",UT,"47 SOUTH MAIN STREET, TOOELE, UT 84074",converged,2,3.4,single,1,4.5,single,1,0.7,single,1,0.8,single,1,9.4,single,1,USMS IGA,converged,2,DMCP,single,1,3.4,single,1,,,,10,single,1,TOOELE,single,1,SLC,single,1,,,,0,single,1,0.9,single,1,SLC,converged,2,10/8/1996,single,1,Female/Male,single,1,,,,no,single,1,1.3,single,1,1.5,single,1,2.5,single,1,,,,,,,Scheduled FY26,single,1,,,,,,,11/4/2017,single,1,1.8,single,1,6.7,single,1,4.5,single,1,4.1,single,1,,,,yes,single,1
TOOLEMT,detention,TOOLE COUNTY DETENTION FACILITY,single,30101,"Toole County, MT",MT,"235 DEER LODGE AVENUE, SHELBY, MT 59474",single,1,,,,,,,,,,,,,,,,IGSA,single,1,DMCP,single,1,,,,,,,9,single,1,TOOLE,single,1,HEL,single,1,,,,,,,,,,SLC,single,1,1/30/1991,single,1,,,,,,,no,single,1,,,,,,,,,,,,,,,,,,,,,,,,,8/30/2017,single,1,,,,,,,,,,,,,,,,yes,single,1
TOORANM,detention,TORRANCE COUNTY DETENTION FACILITY,converged,35001|35057,"Torrance County, NM|Bernalillo County, NM",NM,"209 COUNTY ROAD 49, ESTANCIA, NM 87016",conflict,3,285.4,single,1,56.2,single,1,4.6,single,1,4.4,single,1,350.6,single,1,IGSA,conflict,2,DMCP,single,1,84.5,single,1,300,single,1,10,single,1,TORRANCE,single,1,ABQ,single,1,,,,0,single,1,0,single,1,ELP,converged,3,3/14/2001,single,1,Male,single,1,505,single,1,yes,single,1,11.6,single,1,7.7,single,1,32,single,1,,,,Pass,single,1,2024-10-24,single,1,PBNDS 2011 - 2016 Revisions,single,1,ODO,single,1,6/1/2017,single,1,37.6,single,1,313,single,1,161.6,single,1,299.3,single,1,(505) 452-4821,single,1,yes,single,1
TORHOLD,detention,TORNILLO ADULT HOLD ROOM,single,48141,"El Paso County, TX",TX,"Tornillo, TX 79853",single,1,,,,,,,,,,,,,,,,Other,single,1,,,,,,,,,,5,single,1,El Paso,single,1,,,,HOLD,single,1,,,,,,,ELP,single,1,,,,,,,,,,no,single,1,,,,,,,,,,,,,,,,,,,,,,,,,,,,,,,,,,,,,,,,,,,,,
TRAILND,detention,TRAIL COUNTY JAIL,single,38097,"Traill County, ND",ND,"118 WEST CALEDONIA AVENUE, HILLSBORO, ND 58045",single,1,,,,,,,,,,,,,,,,IGSA,single,1,DMCP,single,1,,,,,,,8,single,1,TRAILL,single,1,SPM,single,1,,,,,,,,,,SPM,single,1,8/5/1997,single,1,,,,,,,no,single,1,,,,,,,,,,,,,,,,,,,,,,,,,11/13/2007,single,1,,,,,,,,,,,,,,,,yes,single,1
TRAVITX,detention,TRAVIS CITY JAIL,single,48453,"Travis County, TX",TX,"C/O JAIL ADMINISTRATOR, AUSTIN, TX 78701",single,1,,,,,,,,,,,,,,,,IGSA,single,1,DMCP,single,1,,,,,,,5,single,1,TRAVIS,single,1,AUS,single,1,,,,,,,,,,SNA,single,1,5/5/1992,single,1,,,,,,,no,single,1,,,,,,,,,,,,,,,,,,,,,,,,,9/23/2007,single,1,,,,,,,,,,,,,,,,yes,single,1
TRENTMI,detention,TRENTON CITY JAIL,single,26163,"Wayne County, MI",MI,"2872 WEST JEFFERSON, TRENTON, MI 48183",single,1,,,,,,,,,,,,,,,,IGSA,single,1,DMCP,single,1,,,,,,,6,single,1,WAYNE,single,1,DET,single,1,,,,,,,,,,DET,single,1,7/24/1995,single,1,,,,,,,,,,,,,,,,,,,,,,,,,,,,,,,,,,11/30/1999,single,1,,,,,,,,,,,,,,,,yes,single,1
TRICOIL,detention,TRI-COUNTY DETENTION CENTER,single,17003|17153,"Pulaski County, IL|Alexander County, IL",IL,"1026 SHAWNEE COLLEGE ROAD, ULLIN, IL 62992",single,1,,,,,,,,,,,,,,,,IGSA,single,1,DMCP,single,1,,,,,,,7,single,1,PULASKI,single,1,CHI,single,1,,,,,,,,,,CHI,single,1,5/28/1999,single,1,,,,,,,yes,single,1,,,,,,,,,,,,,,,,,,,,,,,,,3/6/2016,single,1,,,,,,,,,,,,,,,,yes,single,1
TRUMBOH,detention,TRUMBULL COUNTY JAIL,single,39155,"Trumbull County, OH",OH,"605 PANTHER AVE. SE, WARREN, OH 44483",single,1,,,,,,,,,,,,,,,,IGSA,single,1,DMCP,single,1,,,,,,,6,single,1,TRUMBULL,single,1,CLE,single,1,,,,,,,,,,DET,single,1,4/11/2003,single,1,,,,,,,yes,single,1,,,,,,,,,,,,,,,,,,,,,,,,,2/15/2005,single,1,,,,,,,,,,,,,,,,yes,single,1
TUCHOLD,detention,TUCSON INS HOLD ROOM,single,04019,"Pima County, AZ",AZ,"6431 SOUTH COUNTRY CLUB ROAD, TUCSON, AZ 85706",single,1,,,,,,,,,,,,,,,,Other,single,1,DMCP,single,1,,,,,,,9,single,1,PIMA,single,1,TUC,single,1,HOLD,single,1,,,,,,,PHO,single,1,10/1/1985,single,1,,,,,,,no,single,1,,,,,,,,,,,,,,,,,,,,,,,,,11/1/2017,single,1,,,,,,,,,,,,,,,,yes,single,1
TULCOOK,detention,TULSA COUNTY JAIL (DAVID L. MOSS JUSTICE CTR),converged,40113|40143,"Tulsa County, OK|Osage County, OK",OK,"300 NORTH DENVER AVENUE, TULSA, OK 74103",converged,2,23.2,single,1,2.5,single,1,1.6,single,1,1.2,single,1,28.5,single,1,IGSA,converged,2,DMCP,single,1,4.1,single,1,,,,10,single,1,TULSA,single,1,OKC,single,1,,,,0.2,single,1,3,single,1,DAL,converged,2,10/22/1990,single,1,Female/Male,single,1,,,,yes,single,1,1.5,single,1,1.6,single,1,2.3,single,1,,,,Pass,single,1,2024-09-19,single,1,NDS 2019,single,1,ODO,single,1,11/4/2017,single,1,3.9,single,1,21.4,single,1,15.1,single,1,23.1,single,1,,,,yes,single,1
TULHOLD,detention,TULSA HOLD ROOM,single,40143,"Tulsa County, OK",OK,"Tulsa, OK 74128",single,1,,,,,,,,,,,,,,,,Other,single,1,,,,,,,,,,10,single,1,Tulsa,single,1,,,,HOLD,single,1,,,,,,,DAL,single,1,,,,,,,,,,no,single,1,,,,,,,,,,,,,,,,,,,,,,,,,,,,,,,,,,,,,,,,,,,,,
TUSCAOH,detention,TUSCARAWAS COUNTY JAIL,single,39157,"Tuscarawas County, OH",OH,"2295 REISER AVENUE, NPHILADELPHIA, OH 44663",single,1,,,,,,,,,,,,,,,,IGSA,single,1,DMCP,single,1,,,,,,,6,single,1,TUSCARAWAS,single,1,CLE,single,1,,,,,,,,,,DET,single,1,7/18/1986,single,1,,,,,,,,,,,,,,,,,,,,,,,,,,,,,,,,,,7/15/2005,single,1,,,,,,,,,,,,,,,,yes,single,1
TXAHOLD,detention,TEXARKANA HOLDROOM,single,05091,"Miller County, AR",AR,"UNAVAILABLE, TEXARKANA, AR 71854",single,1,,,,,,,,,,,,,,,,Other,single,1,DMCP,single,1,,,,,,,8,single,1,MILLER,single,1,FSA,single,1,HOLD,single,1,,,,,,,NOL,single,1,8/9/2016,single,1,,,,,,,no,single,1,,,,,,,,,,,,,,,,,,,,,,,,,8/14/2016,single,1,,,,,,,,,,,,,,,,yes,single,1
TXDCWOM,detention,TDC/WOMENS,single,48027|48035|48099|48281,"Coryell County, TX|Bell County, TX|Lampasas County, TX|Bosque County, TX",TX,"WARDEN PAMELA BAGGETT, GATESVILLE, TX 76528",single,1,,,,,,,,,,,,,,,,IGSA,single,1,DMCP,single,1,,,,,,,5,single,1,CORYELL,single,1,SNA,single,1,,,,,,,,,,SNA,single,1,2/12/2004,single,1,,,,,,,,,,,,,,,,,,,,,,,,,,,,,,,,,,9/12/2007,single,1,,,,,,,,,,,,,,,,yes,single,1
TXDOMIN,detention,TDC-DOMINGUEZ UNIT,single,48029,"Bexar County, TX",TX,"C/O WARDEN, SAN ANTONIO, TX 78252",single,1,,,,,,,,,,,,,,,,IGSA,single,1,DMCP,single,1,,,,,,,5,single,1,BEXAR,single,1,SNA,single,1,,,,,,,,,,SNA,single,1,2/12/2004,single,1,,,,,,,,,,,,,,,,,,,,,,,,,,,,,,,,,,8/2/2007,single,1,,,,,,,,,,,,,,,,yes,single,1
TXHUNTS,detention,HUNTSVILLE STATE PENITENTIARY,single,48471,"Walker County, TX",TX,"HUNTSVILLE UNIT, HUNTSVILLE, TX 77340",single,1,,,,,,,,,,,,,,,,IGSA,single,1,DMCP,single,1,,,,,,,5,single,1,WALKER,single,1,HOU,single,1,,,,,,,,,,HOU,single,1,4/30/1997,single,1,,,,,,,,,,,,,,,,,,,,,,,,,,,,,,,,,,4/30/1997,single,1,,,,,,,,,,,,,,,,yes,single,1
TXSJHAV,detention,THOMAS HAVINS SA (TH/82),single,48049|48333,"Brown County, TX|Mills County, TX",TX,"WARDEN, BROWNWOOD, TX 76801",single,1,,,,,,,,,,,,,,,,IGSA,single,1,DMCP,single,1,,,,,,,5,single,1,BROWN,single,1,SNA,single,1,,,,,,,,,,SNA,single,1,,,,,,,,,,,,,,,,,,,,,,,,,,,,,,,,,,,,,,,,,,,,,,,,,,,,,,,yes,single,1
TXSJWDM,detention,LINDA WOODMANSJF,single,48027|48035|48099|48281,"Coryell County, TX|Bell County, TX|Lampasas County, TX|Bosque County, TX",TX,"WARDEN, GATESVILLE, TX 76528",single,1,,,,,,,,,,,,,,,,IGSA,single,1,DMCP,single,1,,,,,,,5,single,1,CORYELL,single,1,SNA,single,1,,,,,,,,,,SNA,single,1,3/15/2004,single,1,,,,,,,,,,,,,,,,,,,,,,,,,,,,,,,,,,6/4/2007,single,1,,,,,,,,,,,,,,,,yes,single,1
UACTHLG,detention,UAC TRANS ONLY NO DETENTION-HLG,single,,,,,,,,,,,,,,,,,,,,,,Other,single,1,,,,,,,,,,,,,,,,,,,TRANSPORT,single,1,,,,,,,SNA,single,1,,,,,,,,,,no,single,1,,,,,,,,,,,,,,,,,,,,,,,,,,,,,,,,,,,,,,,,,,,,,
UINTAWY,detention,UINTA COUNTY JAIL,conflict,56041,"Uinta County, WY",WY,"77 COUNTY ROAD 109, EVANSTON, WY 82930",converged,3,14.2,single,1,8.1,single,1,3.3,single,1,4.1,single,1,29.7,single,1,USMS IGA,converged,2,DMCP,single,1,4.1,single,1,,,,10,single,1,UINTA,single,1,DEN,single,1,,,,0.8,single,1,2.4,single,1,SLC,conflict,3,11/14/1995,single,1,Female/Male,single,1,,,,,,,6,single,1,3.3,single,1,4.3,single,1,,,,Pass,single,1,2025-06-23,single,1,FPBDS,single,1,Pre-Occupancy,single,1,6/23/2009,single,1,6.6,single,1,20,single,1,16.2,single,1,16.1,single,1,(307) 783-1020,single,1,yes,single,1
UINTCUT,detention,UINTAH COUNTY JAIL,single,49047,"Uintah County, UT",UT,"204 EAST 100 NORTH, VERNAL, UT 84078",single,1,,,,,,,,,,,,,,,,IGSA,single,1,DMCP,single,1,,,,,,,10,single,1,UINTAH,single,1,SLC,single,1,,,,,,,,,,SLC,single,1,2/15/2002,single,1,,,,,,,,,,,,,,,,,,,,,,,,,,,,,,,,,,9/7/2011,single,1,,,,,,,,,,,,,,,,yes,single,1
ULSCONY,detention,ULSTER COUNTY JAIL KINGSTON,single,36111,"Ulster County, NY",NY,"61 GOLDEN HILL DR, KINGSTON, NY 12401",single,1,,,,,,,,,,,,,,,,IGSA,single,1,DMCP,single,1,,,,,,,2,single,1,ULSTER,single,1,BUF,single,1,,,,,,,,,,BUF,single,1,5/5/2003,single,1,,,,,,,,,,,,,,,,,,,,,,,,,,,,,,,,,,5/18/2004,single,1,,,,,,,,,,,,,,,,yes,single,1
UMATCOR,detention,UMATILLA COUNTY JAIL,single,41059,"Umatilla County, OR",OR,"4700 NORTHWEST PIONEER PLACE, PENDLETON, OR 97801",single,1,,,,,,,,,,,,,,,,IGSA,single,1,DMCP,single,1,,,,,,,9,single,1,UMATILLA,single,1,POO,single,1,,,,,,,,,,SEA,single,1,6/18/1991,single,1,,,,,,,no,single,1,,,,,,,,,,,,,,,,,,,,,,,,,8/30/2016,single,1,,,,,,,,,,,,,,,,yes,single,1
UMIAHFL,detention,UNIVERSITY OF MIAMI HOSPITAL,single,12086,"Miami-Dade County, FL",FL,"1400 NW 12TH AVENUE, MIAMI, FL 33136",single,1,,,,,,,,,,,,,,,,Other,single,1,OTHER,single,1,,,,,,,11,single,1,DADE,single,1,,,,HOSPITAL,single,1,,,,,,,MIA,single,1,8/4/2017,single,1,,,,,,,,,,,,,,,,,,,,,,,,,,,,,,,,,,8/15/2017,single,1,,,,,,,,,,,,,,,,no,single,1
UNIONIA,detention,UNION COUNTY JAIL,single,19001|19003|19175,"Union County, IA|Adams County, IA|Adair County, IA",IA,"302 NORTH PINE STREET, CRESTON, IA 50801",single,1,,,,,,,,,,,,,,,,IGSA,single,1,DMCP,single,1,,,,,,,8,single,1,UNION,single,1,OMA,single,1,,,,,,,,,,SPM,single,1,4/22/1999,single,1,,,,,,,,,,,,,,,,,,,,,,,,,,,,,,,,,,12/19/2002,single,1,,,,,,,,,,,,,,,,yes,single,1
UNIONNM,detention,UNION COUNTY DETENTION CENTER,single,35021|35059,"Union County, NM|Harding County, NM",NM,"200 COURT STREET, CLAYTON, NM 88415",single,1,,,,,,,,,,,,,,,,IGSA,single,1,DMCP,single,1,,,,,,,10,single,1,UNION,single,1,ELP,single,1,,,,,,,,,,ELP,single,1,7/1/2009,single,1,,,,,,,,,,,,,,,,,,,,,,,,,,,,,,,,,,10/15/2009,single,1,,,,,,,,,,,,,,,,yes,single,1
UNIONSD,detention,UNION COUNTY JAIL,single,46127,"Union County, SD",SD,"BOX 117, ELK POINT, SD 57025",single,1,,,,,,,,,,,,,,,,USMS IGA,single,1,DMCP,single,1,,,,,,,8,single,1,UNION,single,1,OMA,single,1,,,,,,,,,,SPM,single,1,4/29/1998,single,1,,,,,,,no,single,1,,,,,,,,,,,,,,,,,,,,,,,,,8/29/2017,single,1,,,,,,,,,,,,,,,,yes,single,1
UPSHUTX,detention,UPSHUR COUNTY JAIL,single,48063|48459,"Upshur County, TX|Camp County, TX",TX,"405 N. TITUS, GILMER, TX 75644",single,1,,,,,,,,,,,,,,,,IGSA,single,1,DMCP,single,1,,,,,,,5,single,1,UPSHUR,single,1,DAL,single,1,,,,,,,,,,DAL,single,1,5/15/2000,single,1,,,,,,,,,,,,,,,,,,,,,,,,,,,,,,,,,,9/26/2006,single,1,,,,,,,,,,,,,,,,yes,single,1
UPSTANY,detention,UPSTATE UNIVERSITY HOSPITAL,single,36067,"Onondaga County, NY",NY,"750 E ADAMS ST # 5142, SYRACUSE, NY 13210",single,1,,,,,,,,,,,,,,,,Other,single,1,OTHER,single,1,,,,,,,2,single,1,ONONDAGA,single,1,BUF,single,1,HOSPITAL,single,1,,,,,,,BUF,single,1,7/7/2011,single,1,,,,,,,,,,,,,,,,,,,,,,,,,,,,,,,,,,7/11/2011,single,1,,,,,,,,,,,,,,,,no,single,1
USMCO,detention,US MARSHALS (COLORADO),single,08031,"Denver County, CO",CO,"901 19TH STREET, DENVER, CO 80294",single,1,,,,,,,,,,,,,,,,USMS IGA,single,1,DMCP,single,1,,,,,,,10,single,1,DENVER,single,1,DEN,single,1,,,,,,,,,,DEN,single,1,8/18/2006,single,1,,,,,,,,,,,,,,,,,,,Denver Immigration Court (co-located — same ZIP),single,1,,,,,,,,,,,,,2/25/2008,single,1,,,,,,,,,,,,,,,,yes,single,1
USMMD,detention,US MARSHALS (MARYLAND),single,24510,"Baltimore city, MD",MD,"101 WEST LOMBARD STREET, BALTIMORE, MD 21201",single,1,,,,,,,,,,,,,,,,IGSA,single,1,DMCP,single,1,,,,,,,4,single,1,BALTIMORE CITY,single,1,BAL,single,1,,,,,,,,,,BAL,single,1,,,,,,,,,,,,,,,,,,,,,,Baltimore Immigration Court (co-located — same ZIP),single,1,,,,,,,,,,,,,,,,,,,,,,,,,,,,,,,yes,single,1
USMMDNC,detention,US MARSHALS MIDDLE DISTRICT,single,37081,"Guilford County, NC",NC,"324 W. MARKET ST. ROOM 234, GREENSBORO, NC 27401",single,1,,,,,,,,,,,,,,,,IGSA,single,1,DMCP,single,1,,,,,,,4,single,1,GUILFORD,single,1,ATL,single,1,,,,,,,,,,ATL,single,1,,,,,,,,,,,,,,,,,,,,,,,,,,,,,,,,,,,,,,,,,,,,,,,,,,,,,,,yes,single,1
USMOR,detention,US MARSHALS (OREGON),single,41051,"Multnomah County, OR",OR,"US MARSHAL'S OFFICE, PORTLAND, OR 97204",single,1,,,,,,,,,,,,,,,,USMS IGA,single,1,DMCP,single,1,,,,,,,9,single,1,MULTNOMAH,single,1,POO,single,1,,,,,,,,,,SEA,single,1,,,,,,,,,,,,,,,,,,,,,,Portland Immigration Court (co-located — same ZIP),single,1,,,,,,,,,,,,,,,,,,,,,,,,,,,,,,,yes,single,1
USMS3TX,detention,US MARSHALS (SOUTH DISTRICT TEXAS),single,48215,"Hidalgo County, TX",TX,"BENTSEN TOWER 1701 W BUS HWY 83, MCALLEN, TX 78501",single,1,,,,,,,,,,,,,,,,USMS IGA,single,1,DMCP,single,1,,,,,,,5,single,1,HIDALGO,single,1,PIC,single,1,,,,,,,,,,SNA,single,1,6/26/2005,single,1,,,,,,,yes,single,1,,,,,,,,,,,,,,,,,,,,,,,,,5/2/2016,single,1,,,,,,,,,,,,,,,,yes,single,1
USMSDFL,detention,US MARSHALS DISTRICT,single,12086,"Miami-Dade County, FL",FL,"205 FEDERAL COURTHOUSE SQUARE, MIAMI, FL 33128",single,1,,,,,,,,,,,,,,,,USMS IGA,single,1,DMCP,single,1,,,,,,,11,single,1,MIAMI-DADE,single,1,KRO,single,1,,,,,,,,,,MIA,single,1,8/23/1996,single,1,,,,,,,,,,,,,,,,,,,,,,,,,,,,,,,,,,6/2/2010,single,1,,,,,,,,,,,,,,,,yes,single,1
USMSDMS,detention,US MARSHALS S. DISTRICT MS,single,28049,"Hinds County, MS",MS,"504 EAST COURT STREET, JACKSON, MS 39201",single,1,,,,,,,,,,,,,,,,USMS IGA,single,1,DMCP,single,1,,,,,,,5,single,1,HINDS COUNTY,single,1,NOL,single,1,,,,,,,,,,NOL,single,1,,,,,,,,,,,,,,,,,,,,,,,,,,,,,,,,,,,,,,,,,,,,,,,,,,,,,,,yes,single,1
USMVT,detention,US MARSHALS VERMONT,single,50007,"Chittenden County, VT",VT,"UNAVAILABLE, BURLINGTON, VT 05401",single,1,,,,,,,,,,,,,,,,USMS IGA,single,1,DMCP,single,1,,,,,,,2,single,1,CHITTENDEN,single,1,BOS,single,1,,,,,,,,,,BOS,single,1,2/9/2010,single,1,,,,,,,,,,,,,,,,,,,,,,,,,,,,,,,,,,8/24/2015,single,1,,,,,,,,,,,,,,,,yes,single,1
USMW1TX,detention,US MARSHALS (WESTERN DISTRICT TEXAS),single,48029,"Bexar County, TX",TX,"655 E. DURANGO BLVD STE 235, SAN ANTONIO, TX 78206",single,1,,,,,,,,,,,,,,,,USMS IGA,single,1,DMCP,single,1,,,,,,,5,single,1,BEXAR,single,1,SNA,single,1,,,,,,,,,,SNA,single,1,3/29/2007,single,1,,,,,,,,,,,,,,,,,,,,,,,,,,,,,,,,,,4/16/2007,single,1,,,,,,,,,,,,,,,,yes,single,1
USMWDLA,detention,US MARSHALS W.D. L.A.,single,22015|22017,"Caddo Parish, LA|Bossier Parish, LA",LA,"300 FANIN ST. #1202, SHREVEPORT, LA 71101",single,1,,,,,,,,,,,,,,,,USMS IGA,single,1,DMCP,single,1,,,,,,,5,single,1,CADDO PARISH,single,1,,,,,,,,,,,,,NOL,single,1,,,,,,,,,,yes,single,1,,,,,,,,,,,,,,,,,,,,,,,,,,,,,,,,,,,,,,,,,,,yes,single,1
USMWDTN,detention,US MARSHALS (WEST TENNESSEE DISTRICT),single,47157,"Shelby County, TN",TN,"167 NORTH MAIN STREET, MEMPHIS, TN 38103",single,1,,,,,,,,,,,,,,,,BOP,single,1,BOP,single,1,,,,,,,6,single,1,SHELBY,single,1,NOL,single,1,,,,,,,,,,NOL,single,1,,,,,,,,,,,,,,,,,,,,,,Memphis Immigration Court (co-located — same ZIP),single,1,,,,,,,,,,,,,,,,,,,,,,,,,,,,,,,no,single,1
UTAHCUT,detention,UTAH COUNTY JAIL,single,49049,"Utah County, UT",UT,"3075 NORTH MAIN STREET, SPANISH FORK, UT 84660",single,1,,,,,,,,,,,,,,,,IGSA,single,1,DMCP,single,1,,,,,,,10,single,1,UTAH,single,1,SLC,single,1,,,,,,,,,,SLC,single,1,3/1/1993,single,1,,,,,,,yes,single,1,,,,,,,,,,,,,,,,,,,,,,,,,12/6/2016,single,1,,,,,,,,,,,,,,,,yes,single,1
VADCORR,detention,VIRGINIA DEPARTMENT OF CORRECTIONS (RICHMOND),single,51041|51760,"Richmond city, VA|Chesterfield County, VA",VA,"6900 ATMORE DRIVE, RICHMOND, VA 23225",single,1,,,,,,,,,,,,,,,,IGSA,single,1,DMCP,single,1,,,,,,,4,single,1,HENRICO,single,1,WAS,single,1,,,,,,,,,,WAS,single,1,11/25/1992,single,1,,,,,,,,,,,,,,,,,,,,,,,,,,,,,,,,,,5/7/2002,single,1,,,,,,,,,,,,,,,,yes,single,1
VALJUTX,detention,VAL VERDE COUNTY JUVENILE,single,48137|48465,"Val Verde County, TX|Edwards County, TX",TX,"200 GRINER, DEL RIO, TX 78840",single,1,,,,,,,,,,,,,,,,IGSA,single,1,JFRMU,single,1,,,,,,,5,single,1,VAL VERDE,single,1,DLR,single,1,JUVENILE,single,1,,,,,,,SNA,single,1,8/19/2010,single,1,,,,,,,,,,,,,,,,,,,,,,,,,,,,,,,,,,2/7/2011,single,1,,,,,,,,,,,,,,,,no,single,1
VALVETX,detention,VAL VERDE CORRECTIONAL FACILITY,converged,48137|48465,"Val Verde County, TX|Edwards County, TX",TX,"253 FARM TO MARKET 2523, DEL RIO, TX 78840",converged,2,0.3,single,1,3.1,single,1,0.5,single,1,0.6,single,1,4.5,single,1,USMS IGA,converged,2,DMCP,single,1,0.5,single,1,,,,5,single,1,VAL VERDE,single,1,DLR,single,1,,,,0.6,single,1,0.2,single,1,SNA,converged,2,2/10/1999,single,1,Female/Male,single,1,,,,no,single,1,0.2,single,1,0.9,single,1,3.2,single,1,,,,Pass,single,1,Scheduled FY27,single,1,NDS 2019,single,1,ODO,single,1,11/4/2017,single,1,2.5,single,1,1,single,1,4.2,single,1,0.1,single,1,,,,yes,single,1
VANBUMI,detention,VAN BUREN COUNTY JAIL (MICHIGAN),single,26159,"Van Buren County, MI",MI,"205 SOUTH KALAMAZOO, KALAMAZOO, MI 49079",single,1,,,,,,,,,,,,,,,,IGSA,single,1,DMCP,single,1,,,,,,,6,single,1,VAN BUREN,single,1,DET,single,1,,,,,,,,,,DET,single,1,6/4/1991,single,1,,,,,,,,,,,,,,,,,,,,,,,,,,,,,,,,,,11/11/2003,single,1,,,,,,,,,,,,,,,,yes,single,1
VANCCO,detention,VAN CISE SIMONET DETENTION CENTER,single,08031,"Denver County, CO",CO,"490 COLFAX STREET, DENVER, CO 80202",single,1,,,,,,,,,,,,,,,,IGSA,single,1,DMCP,single,1,,,,,,,10,single,1,DENVER,single,1,DEN,single,1,,,,,,,,,,DEN,single,1,,,,,,,,,,no,single,1,,,,,,,,,,,,,,,,,,,,,,,,,,,,,,,,,,,,,,,,,,,yes,single,1
VBHOSTX,detention,VALLEY BAPTIST HOSPITAL,single,48061|48489,"Cameron County, TX|Willacy County, TX",TX,"2101 PEASE ST, HARLINGEN, TX 78550",single,1,,,,,,,,,,,,,,,,Other,single,1,OTHER,single,1,,,,,,,5,single,1,CAMERON,single,1,PIC,single,1,HOSPITAL,single,1,,,,,,,SNA,single,1,3/5/1997,single,1,,,,,,,,,,,,,,,,,,,Harlingen Immigration Court (co-located — same ZIP),single,1,,,,,,,,,,,,,11/4/2017,single,1,,,,,,,,,,,,,,,,no,single,1
VENHOLD,detention,VENTURA CUSTODY CASE,single,06111,"Ventura County, CA",CA,"275 SKYWAY DRIVE, CAMARRILLO, CA 93010",single,1,,,,,,,,,,,,,,,,Other,single,1,DMCP,single,1,,,,,,,9,single,1,VENTURA,single,1,VEN,single,1,HOLD,single,1,,,,,,,LOS,single,1,5/9/2001,single,1,,,,,,,no,single,1,,,,,,,,,,,,,,,,,,,,,,,,,11/3/2017,single,1,,,,,,,,,,,,,,,,yes,single,1
VENTUCA,detention,VENTURA COUNTY JAIL,single,06111,"Ventura County, CA",CA,"800 SOUTH VICTORIA AVENUE, VENTURA, CA 93009",single,1,,,,,,,,,,,,,,,,USMS IGA,single,1,DMCP,single,1,,,,,,,9,single,1,VENTURA,single,1,LOS,single,1,,,,,,,,,,LOS,single,1,6/10/1991,single,1,,,,,,,no,single,1,,,,,,,,,,,,,,,,,,,,,,,,,11/1/2017,single,1,,,,,,,,,,,,,,,,yes,single,1
VERMILA,detention,VERMILLION PARISH JAIL,single,22113,"Vermilion Parish, LA",LA,"14202 SAVORY ROAD PO BOX 307, ABBEVILLE, LA 70511",single,1,,,,,,,,,,,,,,,,Other,single,1,DMCP,single,1,,,,,,,5,single,1,VERMILLION,single,1,OAK,single,1,,,,,,,,,,NOL,single,1,12/19/1987,single,1,,,,,,,,,,,,,,,,,,,,,,,,,,,,,,,,,,9/26/2002,single,1,,,,,,,,,,,,,,,,yes,single,1
VICTOTX,detention,VICTORIA COUNTY JAIL,converged,48469,"Victoria County, TX",TX,"101 NORTH GLASS STREET, VICTORIA, TX 77901",converged,2,4.8,single,1,0,single,1,0.4,single,1,0,single,1,5.2,single,1,USMS IGA,conflict,2,DMCP,single,1,1.1,single,1,,,,5,single,1,VICTORIA,single,1,,,,,,,0,single,1,0.1,single,1,HOU,converged,2,12/2/1994,single,1,Female/Male,single,1,,,,no,single,1,0,single,1,0,single,1,0,single,1,,,,Pass,single,1,2025-04-18,single,1,NDS 2019,single,1,ORSA,single,1,6/24/2001,single,1,0,single,1,5,single,1,0.1,single,1,5.2,single,1,,,,yes,single,1
VIRBEVA,detention,VIRGINIA BEACH,single,51810,"Virginia Beach city, VA",VA,"2501 JAMES MADISON BOULEVARD, VIRGINIA BEACH, VA 23456",single,1,,,,,,,,,,,,,,,,IGSA,single,1,DMCP,single,1,,,,,,,4,single,1,VIRGINIA BEACH CITY,single,1,WAS,single,1,,,,,,,,,,WAS,single,1,8/19/1994,single,1,,,,,,,yes,single,1,,,,,,,,,,,,,,,,,,,,,,,,,10/10/2017,single,1,,,,,,,,,,,,,,,,yes,single,1
VISTACA,detention,VISTA DETENTION FACILITY,single,06073,"San Diego County, CA",CA,"VISTA COUNTY JAIL, VISTA, CA 92083",single,1,,,,,,,,,,,,,,,,IGSA,single,1,DMCP,single,1,,,,,,,9,single,1,SAN DIEGO,single,1,SND,single,1,,,,,,,,,,SND,single,1,6/5/2009,single,1,,,,,,,,,,,,,,,,,,,,,,,,,,,,,,,,,,8/11/2017,single,1,,,,,,,,,,,,,,,,yes,single,1
VNBRNMI,detention,VAN BUREN TOWNSHIP POLICE DEPARTMENT,single,26115|26161|26163,"Wayne County, MI|Washtenaw County, MI|Monroe County, MI",MI,"46425 TYLER ROAD, BELLEVILLE, MI 48111",single,1,,,,,,,,,,,,,,,,IGSA,single,1,DMCP,single,1,,,,,,,6,single,1,WAYNE,single,1,DET,single,1,,,,,,,,,,DET,single,1,4/17/2001,single,1,,,,,,,,,,,,,,,,,,,,,,,,,,,,,,,,,,2/7/2010,single,1,,,,,,,,,,,,,,,,yes,single,1
VPREGVA,detention,VIRGINIA PENINSULA REGIONAL JAIL,single,51036|51095|51199|51830,"James City County, VA|Williamsburg city, VA|York County, VA|Charles City County, VA",VA,"9320 MERRIMAC TRAIL, WILLIAMSBURG, VA 23185",single,1,,,,,,,,,,,,,,,,USMS IGA,single,1,DMCP,single,1,,,,,,,4,single,1,JAMES CITY,single,1,WAS,single,1,,,,,,,,,,WAS,single,1,10/22/1997,single,1,,,,,,,yes,single,1,,,,,,,,,,,,,,,,,,,,,,,,,11/4/2017,single,1,,,,,,,,,,,,,,,,yes,single,1
VRK,detention,VARICK STREET DETENTION CENTER,single,36061,"New York County, NY",NY,"201 VARICK STREET, NEW YORK, NY 10014",single,1,,,,,,,,,,,,,,,,Other,single,1,DMCP,single,1,,,,,,,2,single,1,NEW YORK,single,1,VRK,single,1,HOLD,single,1,,,,,,,NYC,single,1,1/1/1983,single,1,,,,,,,no,single,1,,,,,,,,,,New York - Varick Immigration Court (co-located — same ZIP),single,1,,,,,,,,,,,,,11/2/2017,single,1,,,,,,,,,,,,,,,,yes,single,1
VTCHTDN,detention,CHITTENDEN REGIONAL CORRECTIONAL FACILITY,single,50007,"Chittenden County, VT",VT,"7 FARRELL STREET, SOUTH BURLINGTON, VT 05403",single,1,,,,,,,,,,,,,,,,IGSA,single,1,DMCP,single,1,,,,,,,2,single,1,CHITTENDEN,single,1,BOS,single,1,,,,,,,,,,BOS,single,1,8/17/2002,single,1,,,,,,,,,,,,,,,,,,,,,,,,,,,,,,,,,,10/16/2017,single,1,,,,,,,,,,,,,,,,yes,single,1
VTDCOR2,detention,NORTHERN STATE BOSTON (VERMONT DEPARTMENT OF CORRE,single,50019,"Orleans County, VT",VT,"2559 GLEN ROAD, NEWPORT, VT 05855",single,1,,,,,,,,,,,,,,,,USMS IGA,single,1,DMCP,single,1,,,,6,single,1,2,single,1,ORLEANS,single,1,,,,,,,,,,,,,BOS,single,1,,,,,,,,,,no,single,1,,,,,,,,,,,,,,,,,,,,,,,,,,,,,,,,,,,,,,,,,,,yes,single,1
VTDCORR,detention,DALE CORRECTIONAL FACILITY (VERMONT DEPARTMENT OF,single,50023,"Washington County, VT",VT,"103 SOUTH MAIN STREET, WATERBURY, VT 05671",single,1,,,,,,,,,,,,,,,,IGSA,single,1,DMCP,single,1,,,,,,,2,single,1,WASHINGTON,single,1,BOS,single,1,,,,,,,,,,BOS,single,1,7/31/1996,single,1,,,,,,,yes,single,1,,,,,,,,,,,,,,,,,,,,,,,,,1/11/2017,single,1,,,,,,,,,,,,,,,,yes,single,1
VTSTALB,detention,NORTHWEST STATE CORRECTIONAL CENTER,conflict,50011,"Franklin County, VT",VT,"3649 LOWER NEWTON ROAD, SWANTON, VT 05488",converged,3,8.9,single,1,0.3,single,1,0.7,single,1,0.3,single,1,10.2,single,1,USMS IGA,converged,2,DMCP,single,1,13.6,single,1,,,,2,single,1,FRANKLIN,single,1,BOS,single,1,,,,0,single,1,0,single,1,BOS,conflict,3,3/9/2004,single,1,Female/Male,single,1,,,,no,single,1,0.4,single,1,0.1,single,1,0.4,single,1,,,,Pass,single,1,2025-07-31,single,1,FPBDS,single,1,ODO OASIP,single,1,11/2/2017,single,1,0.6,single,1,9.7,single,1,5.3,single,1,9.3,single,1,(253) 779-6000,single,1,yes,single,1
VVGMCCA,detention,VICTOR VALLEY GLOBAL MED CENTER,single,06071,"San Bernardino County, CA",CA,"15248 ELEVENTH STREET, VICTORVILLE, CA 92395",single,1,,,,,,,,,,,,,,,,Other,single,1,OTHER,single,1,,,,,,,9,single,1,COUNTY,single,1,ADE,single,1,HOSPITAL,single,1,,,,,,,LOS,single,1,6/19/2014,single,1,,,,,,,,,,,,,,,,,,,,,,,,,,,,,,,,,,11/4/2017,single,1,,,,,,,,,,,,,,,,no,single,1
VVSHOLD,detention,SHREVEPORT HOLD ROOM,single,22015|22017,"Caddo Parish, LA|Bossier Parish, LA",LA,"400 TEXAS STREET SUITE 900, SHREVEPORT, LA 71101",single,1,,,,,,,,,,,,,,,,Other,single,1,DMCP,single,1,,,,,,,5,single,1,CADDO PARISH,single,1,,,,HOLD,single,1,,,,,,,NOL,single,1,11/9/2015,single,1,,,,,,,no,single,1,,,,,,,,,,,,,,,,,,,,,,,,,2/7/2016,single,1,,,,,,,,,,,,,,,,yes,single,1
WACLATX,detention,CENTRAL TEXAS DETENTION FACILITY,single,48029,"Bexar County, TX",TX,"218 S. LAREDO ST, SAN ANTONIO, TX 78207",single,1,,,,,,,,,,,,,,,,USMS IGA,single,1,DMCP,single,1,,,,,,,5,single,1,BEXAR,single,1,SNA,single,1,,,,,,,,,,SNA,single,1,4/7/1997,single,1,,,,,,,no,single,1,,,,,,,,,,San Antonio Immigration Court (co-located — same ZIP),single,1,,,,,,,,,,,,,10/24/2017,single,1,,,,,,,,,,,,,,,,yes,single,1
WAJAIMN,detention,WASHINGTON COUNTY JAIL,single,27163,"Washington County, MN",MN,"14900 NORTH 612ST. STREET, STILLWATER, MN 55082",single,1,,,,,,,,,,,,,,,,USMS IGA,single,1,DMCP,single,1,,,,,,,8,single,1,WASHINGTON,single,1,SPM,single,1,,,,,,,,,,SPM,single,1,2/16/1997,single,1,,,,,,,yes,single,1,,,,,,,,,,,,,,,,,,,,,,,,,11/4/2017,single,1,,,,,,,,,,,,,,,,yes,single,1
WAJUVMN,detention,WASHINGTON COUNTY,single,27163,"Washington County, MN",MN,"14900 NORTH 612ST STREET, STILLWATER, MN 55082",single,1,,,,,,,,,,,,,,,,IGSA,single,1,JFRMU,single,1,,,,,,,8,single,1,WASHINGTON,single,1,SPM,single,1,JUVENILE,single,1,,,,,,,SPM,single,1,3/6/1997,single,1,,,,,,,,,,,,,,,,,,,,,,,,,,,,,,,,,,3/22/2005,single,1,,,,,,,,,,,,,,,,no,single,1
WAKECNC,detention,WAKE COUNTY SHERIFF DEPARTMENT,single,37183,"Wake County, NC",NC,"330 SOUTH SALISBURY STREET, RALEIGH, NC 27601",single,1,,,,,,,,,,,,,,,,IGSA,single,1,DMCP,single,1,,,,,,,4,single,1,WAKE,single,1,RDU,single,1,,,,,,,,,,ATL,single,1,9/23/2008,single,1,,,,,,,no,single,1,,,,,,,,,,,,,,,,,,,,,,,,,11/4/2017,single,1,,,,,,,,,,,,,,,,yes,single,1
WAKULFL,detention,WAKULLA COUNTY JAIL,single,12073|12129,"Wakulla County, FL|Leon County, FL",FL,"15 OAK STREET, CRAWFORDVILLE, FL 32327",single,1,,,,,,,,,,,,,,,,IGSA,single,1,DMCP,single,1,,,,,,,11,single,1,WAKULLA,single,1,KRO,single,1,,,,,,,,,,MIA,single,1,1/6/1999,single,1,,,,,,,yes,single,1,,,,,,,,,,,,,,,,,,,,,,,,,11/4/2017,single,1,,,,,,,,,,,,,,,,yes,single,1
WALDOME,detention,WALDO COUNTY JAIL,single,23027,"Waldo County, ME",ME,"19 CONGRESS STREET, BELFAST, ME 04915",single,1,,,,,,,,,,,,,,,,IGSA,single,1,DMCP,single,1,,,,,,,1,single,1,WALDO,single,1,POM,single,1,,,,,,,,,,BOS,single,1,12/20/2005,single,1,,,,,,,,,,,,,,,,,,,,,,,,,,,,,,,,,,12/20/2005,single,1,,,,,,,,,,,,,,,,yes,single,1
WALKEGA,detention,WALKER COUNTY JAIL,single,13295,"Walker County, GA",GA,"105 SOUTH DUKE STREET, LAFAYETTE, GA 30728",single,1,,,,,,,,,,,,,,,,IGSA,single,1,DMCP,single,1,,,,,,,11,single,1,WALKER,single,1,ATL,single,1,,,,,,,,,,ATL,single,1,1/3/2001,single,1,,,,,,,,,,,,,,,,,,,,,,,,,,,,,,,,,,3/12/2003,single,1,,,,,,,,,,,,,,,,yes,single,1
WALKETX,detention,WALKER COUNTY JAIL,single,48407|48455|48471,"Walker County, TX|San Jacinto County, TX|Trinity County, TX",TX,"751 FM 2821 RD W, HUNTSVILLE, TX 77320",single,1,,,,,,,,,,,,,,,,IGSA,single,1,DMCP,single,1,,,,,,,5,single,1,WALKER,single,1,HOU,single,1,,,,,,,,,,HOU,single,1,7/20/1990,single,1,,,,,,,,,,,,,,,,,,,,,,,,,,,,,,,,,,10/2/2002,single,1,,,,,,,,,,,,,,,,yes,single,1
WALSHND,detention,WALSH COUNTY JAIL,single,38099,"Walsh County, ND",ND,"638 COOPER AVENUE, GRAFTON, ND 58237",single,1,,,,,,,,,,,,,,,,IGSA,single,1,DMCP,single,1,,,,,,,8,single,1,WALSH,single,1,SPM,single,1,,,,,,,,,,SPM,single,1,11/19/1997,single,1,,,,,,,,,,,,,,,,,,,,,,,,,,,,,,,,,,12/12/2011,single,1,,,,,,,,,,,,,,,,yes,single,1
WALWOWI,detention,WALWORTH COUNTY JAIL,single,55127,"Walworth County, WI",WI,"1770 COUNTY ROAD NN, ELKHORN, WI 53121",single,1,,,,,,,,,,,,,,,,IGSA,single,1,DMCP,single,1,,,,,,,7,single,1,WALWORTH,single,1,CHI,single,1,,,,,,,,,,CHI,single,1,8/7/1992,single,1,,,,,,,,,,,,,,,,,,,,,,,,,,,,,,,,,,8/3/2012,single,1,,,,,,,,,,,,,,,,yes,single,1
WAMCNEI,detention,MCNEIL ISLAND CORRECTIONS,single,53053,"Pierce County, WA",WA,"1403 COMMERCIAL ST., STEILACOOM, WA 98388",single,1,,,,,,,,,,,,,,,,IGSA,single,1,DMCP,single,1,,,,,,,9,single,1,PIERCE,single,1,SEA,single,1,,,,,,,,,,SEA,single,1,,,,,,,,,,,,,,,,,,,,,,,,,,,,,,,,,,,,,,,,,,,,,,,,,,,,,,,yes,single,1
WAPLOIA,detention,WAPELLO COUNTY JAIL,single,19107|19123|19179,"Wapello County, IA|Mahaska County, IA|Keokuk County, IA",IA,"330 2ND STREET WEST, OTTUMWA, IA 52501",single,1,,,,,,,,,,,,,,,,IGSA,single,1,DMCP,single,1,,,,,,,8,single,1,WAPELLO,single,1,OMA,single,1,,,,,,,,,,SPM,single,1,2/8/2001,single,1,,,,,,,,,,,,,,,,,,,,,,,,,,,,,,,,,,1/16/2003,single,1,,,,,,,,,,,,,,,,yes,single,1
WARCOTX,detention,WARD COUNTY JAIL,single,48475,"Ward County, TX",TX,"300 EAST 4TH, MONAHANS, TX 79756",single,1,,,,,,,,,,,,,,,,USMS IGA,single,1,DMCP,single,1,,,,,,,5,single,1,WARD,single,1,EPC,single,1,,,,,,,,,,ELP,single,1,3/11/1997,single,1,,,,,,,no,single,1,,,,,,,,,,,,,,,,,,,,,,,,,4/3/2015,single,1,,,,,,,,,,,,,,,,yes,single,1
WARDCND,detention,WARD COUNTY JAIL,converged,38101,"Ward County, ND",ND,"P.O. BOX 907, MINOT, ND 58702",converged,2,1.9,single,1,0.7,single,1,0.2,single,1,0.1,single,1,2.9,single,1,USMS IGA,converged,2,DMCP,single,1,6.1,single,1,,,,8,single,1,WARD,single,1,SPM,single,1,,,,0.1,single,1,0.1,single,1,SPM,converged,2,10/12/1996,single,1,Female/Male,single,1,,,,,,,0.2,single,1,0.1,single,1,0.2,single,1,,,,Pass,single,1,2026-03-19,single,1,FPBDS,single,1,,,,10/18/2017,single,1,0.3,single,1,2.4,single,1,1.1,single,1,2.3,single,1,,,,yes,single,1
WARREKY,detention,WARREN COUNTY REGIONAL,single,21031|21061|21227,"Warren County, KY|Edmonson County, KY|Butler County, KY",KY,"439 TENTH STREET, BOWLING GREEN, KY 42101",single,1,,,,,,,,,,,,,,,,IGSA,single,1,DMCP,single,1,,,,,,,6,single,1,WARREN,single,1,CHI,single,1,,,,,,,,,,CHI,single,1,12/12/1997,single,1,,,,,,,no,single,1,,,,,,,,,,,,,,,,,,,,,,,,,6/13/2006,single,1,,,,,,,,,,,,,,,,yes,single,1
WARREMO,detention,WARREN COUNTY JUSTICE CENTER,single,29113|29219,"Warren County, MO|Lincoln County, MO",MO,"104 W. MAIN, WARRENTON, MO 63383",single,1,,,,,,,,,,,,,,,,IGSA,single,1,DMCP,single,1,,,,,,,8,single,1,WARREN,single,1,KAN,single,1,,,,,,,,,,CHI,single,1,8/5/1998,single,1,,,,,,,,,,,,,,,,,,,,,,,,,,,,,,,,,,5/14/2004,single,1,,,,,,,,,,,,,,,,yes,single,1
WASATUT,detention,WASATCH COUNTY JAIL,single,49051,"Wasatch County, UT",UT,"1361 SOUTH UNITED STATES HIGHWAY 40, HEBER, UT 84032",single,1,,,,,,,,,,,,,,,,IGSA,single,1,DMCP,single,1,,,,,,,10,single,1,WASATCH,single,1,SLC,single,1,,,,,,,,,,SLC,single,1,7/23/1996,single,1,,,,,,,no,single,1,,,,,,,,,,,,,,,,,,,,,,,,,1/8/2008,single,1,,,,,,,,,,,,,,,,yes,single,1
WASCONY,detention,WASHINGTON COUNTY JAIL,single,36115,"Washington County, NY",NY,"339 BROADWAY, FORT EDWARD, NY 12865",single,1,,,,,,,,,,,,,,,,USMS IGA,single,1,DMCP,single,1,,,,1,single,1,2,single,1,WASHINGTON,single,1,ALB,single,1,,,,,,,,,,BUF,single,1,10/26/1989,single,1,,,,,,,yes,single,1,,,,,,,,,,,,,,,,,,,,,,,,,9/9/2015,single,1,,,,,,,,,,,,,,,,yes,single,1
WASHAWY,detention,WASHAKIE COUNTY JAIL,single,56003|56017|56043,"Washakie County, WY|Big Horn County, WY|Hot Springs County, WY",WY,"100 NORTH 10TH STREET, WORLAND, WY 82401",single,1,,,,,,,,,,,,,,,,IGSA,single,1,DMCP,single,1,,,,,,,10,single,1,WASHAKIE,single,1,DEN,single,1,,,,,,,,,,DEN,single,1,9/10/1992,single,1,,,,,,,,,,,,,,,,,,,,,,,,,,,,,,,,,,6/26/2008,single,1,,,,,,,,,,,,,,,,yes,single,1
WASHCIA,detention,WASHINGTON COUNTY JAIL,single,19183,"Washington County, IA",IA,"2179 LEXINGTON BOULEVARD, WASHINGTON, IA 52353",single,1,,,,,,,,,,,,,,,,IGSA,single,1,DMCP,single,1,,,,,,,8,single,1,WASHINGTON,single,1,OMA,single,1,,,,,,,,,,SPM,single,1,6/26/2002,single,1,,,,,,,,,,,,,,,,,,,,,,,,,,,,,,,,,,7/1/2002,single,1,,,,,,,,,,,,,,,,yes,single,1
WASHCUT,detention,WASHINGTON COUNTY JAIL (PURGATORY CORRECTIONAL FACILITY),conflict,49053,"Washington County, UT",UT,"750 SOUTH 5300 WEST, HURRICANE, UT 84737",conflict,2,10.4,single,1,2.1,single,1,0.1,single,1,0.4,single,1,13,single,1,USMS IGA,converged,2,DMCP,single,1,5.2,single,1,6,single,1,10,single,1,WASHINGTON,single,1,SGU,single,1,,,,0,single,1,0.4,single,1,SLC,converged,2,2/12/2002,single,1,Female/Male,single,1,,,,yes,single,1,2.5,single,1,1,single,1,2,single,1,,,,Pass,single,1,Scheduled FY27,single,1,ORSA NDS 2019,single,1,ORSA,single,1,11/4/2017,single,1,2.9,single,1,9.7,single,1,6.4,single,1,7.5,single,1,,,,yes,single,1
WASHIAR,detention,WASHINGTON COUNTY DETENTION CENTER,converged,05143,"Washington County, AR",AR,"1155 WEST CLYDESDALE DRIVE, FAYETTEVILLE, AR 72701",converged,2,1.4,single,1,1.7,single,1,1.6,single,1,0.6,single,1,5.3,single,1,USMS IGA,converged,2,DMCP,single,1,1.8,single,1,,,,8,single,1,WASHINGTON,single,1,FSA,single,1,,,,0.1,single,1,0.3,single,1,NOL,converged,2,7/24/1997,single,1,Female/Male,single,1,,,,yes,single,1,0.6,single,1,0.5,single,1,0.5,single,1,,,,Pass,single,1,Scheduled FY27,single,1,NDS 2019,single,1,ODO OASIP,single,1,1/27/2010,single,1,1.1,single,1,3.8,single,1,3.7,single,1,3.7,single,1,,,,yes,single,1
WASHICO,detention,WASHINGTON COUNTY JAIL,single,08075|08121,"Washington County, CO|Logan County, CO",CO,"26861 UNITED STATES HIGHWAY 34, AKRON, CO 80720",single,1,,,,,,,,,,,,,,,,USMS IGA,single,1,DMCP,single,1,,,,10,single,1,10,single,1,WASHINGTON,single,1,DEN,single,1,,,,,,,,,,DEN,single,1,7/5/2006,single,1,,,,,,,no,single,1,,,,,,,,,,,,,,,,,,,,,,,,,3/19/2017,single,1,,,,,,,,,,,,,,,,yes,single,1
WASHIMD,detention,WASHINGTON COUNTY,single,24043,"Washington County, MD",MD,"500 WESTERN MARYLAND PARKWAY, HAGERSTOWN, MD 21740",single,1,,,,,,,,,,,,,,,,IGSA,single,1,DMCP,single,1,,,,,,,4,single,1,WASHINGTON,single,1,BAL,single,1,,,,,,,,,,BAL,single,1,,,,,,,,,,,,,,,,,,,,,,,,,,,,,,,,,,,,,,,,,,,,,,,,,,,,,,,yes,single,1
WASHIME,detention,WASHINGTON COUNTY JAIL,single,23029,"Washington County, ME",ME,"83 COURT STREET, MACHIAS, ME 04654",single,1,,,,,,,,,,,,,,,,IGSA,single,1,DMCP,single,1,,,,,,,1,single,1,WASHINGTON,single,1,POM,single,1,,,,,,,,,,BOS,single,1,8/1/1995,single,1,,,,,,,no,single,1,,,,,,,,,,,,,,,,,,,,,,,,,3/8/2011,single,1,,,,,,,,,,,,,,,,yes,single,1
WASHINE,detention,WASHINGTON CO JAIL (BLAIR),single,31177,"Washington County, NE",NE,"1555 COLFAX STREET, BLAIR, NE 68008",single,1,,,,,,,,,,,,,,,,IGSA,single,1,DMCP,single,1,,,,,,,8,single,1,WASHINGTON,single,1,OMA,single,1,,,,,,,,,,SPM,single,1,2/10/1997,single,1,,,,,,,,,,,,,,,,,,,,,,,,,,,,,,,,,,3/13/2003,single,1,,,,,,,,,,,,,,,,yes,single,1
WASHIPA,detention,WASHINGTON COUNTY,single,42125,"Washington County, PA",PA,"100 WEST CHERRY AVENUE, WASHINGTON, PA 15301",single,1,,,,,,,,,,,,,,,,IGSA,single,1,DMCP,single,1,,,,,,,3,single,1,WASHINGTON,single,1,PIT,single,1,,,,,,,,,,PHI,single,1,5/26/1996,single,1,,,,,,,no,single,1,,,,,,,,,,,,,,,,,,,,,,,,,9/5/2005,single,1,,,,,,,,,,,,,,,,yes,single,1
WASHOLD,detention,WASHINGTON FIELD OFFICE,single,51059|51600,"Fairfax County, VA|Fairfax city, VA",VA,"2675 PROSPERITY AVE., FAIRFAX, VA 22031",single,1,,,,,,,,,,,,,,,,Other,single,1,DMCP,single,1,,,,,,,4,single,1,FAIRFAX,single,1,WAS,single,1,HOLD,single,1,,,,,,,WAS,single,1,2/7/2005,single,1,,,,,,,no,single,1,,,,,,,,,,,,,,,,,,,,,,,,,10/20/2017,single,1,,,,,,,,,,,,,,,,yes,single,1
WASHONV,detention,Washoe County Jail,converged,32031,"Washoe County, NV",NV,"911 E Parr Blvd, Reno, NV 89512",conflict,2,,,,,,,,,,,,,,,,USMS IGA,single,1,DMCP,single,1,,,,86,single,1,9,single,1,WASHOE,single,1,REN,single,1,,,,,,,,,,SLC,converged,2,8/12/1993,single,1,,,,,,,yes,single,1,,,,,,,,,,,,,,,,,,,,,,,,,11/4/2017,single,1,,,,,,,,,,,,,(775) 328-3001,single,1,yes,single,1
WASHTMI,detention,WASHTENAW COUNTY JAIL (ANN ARBOR MICHIGAN),single,26161,"Washtenaw County, MI",MI,"2201 HOGBACK ROAD, ANN ARBOR, MI 48105",single,1,,,,,,,,,,,,,,,,IGSA,single,1,JFRMU,single,1,,,,,,,6,single,1,STEVENS,single,1,DET,single,1,JUVENILE,single,1,,,,,,,DET,single,1,7/13/1990,single,1,,,,,,,no,single,1,,,,,,,,,,,,,,,,,,,,,,,,,5/30/2016,single,1,,,,,,,,,,,,,,,,no,single,1
WAUKEIL,detention,WAUKEGAN CITY JAIL,single,17097,"Lake County, IL",IL,"420 ROBERT SABONJIAN STREET, WAUKEGAN, IL 60085",single,1,,,,,,,,,,,,,,,,IGSA,single,1,DMCP,single,1,,,,,,,7,single,1,LAKE,single,1,CHI,single,1,,,,,,,,,,CHI,single,1,12/17/1991,single,1,,,,,,,,,,,,,,,,,,,,,,,,,,,,,,,,,,1/18/2005,single,1,,,,,,,,,,,,,,,,yes,single,1
WAUKEWI,detention,WAUKESHA COUNTY JAIL,converged,55133,"Waukesha County, WI",WI,"515 WEST MORELAND, WAUKESHA, WI 53186",converged,2,1.2,single,1,0.2,single,1,0.3,single,1,0.3,single,1,2,single,1,USMS IGA,conflict,2,DMCP,single,1,1.9,single,1,,,,7,single,1,WAUKESHA,single,1,CHI,single,1,,,,0.1,single,1,0.5,single,1,CHI,converged,2,1/8/1986,single,1,Female/Male,single,1,,,,no,single,1,0.1,single,1,0.3,single,1,0.3,single,1,,,,Pass,single,1,2025-07-10,single,1,NDS 2019,single,1,ODO OASIP,single,1,2/8/2006,single,1,0.4,single,1,1.2,single,1,1.3,single,1,1.4,single,1,,,,yes,single,1
WAYNEMI,detention,WILLIAM DICKERSON FACILITY,single,26163,"Wayne County, MI",MI,"3501 HAMTRAMCK DRIVE, DETROIT, MI 48221",single,1,,,,,,,,,,,,,,,,IGSA,single,1,DMCP,single,1,,,,,,,6,single,1,WAYNE,single,1,DET,single,1,,,,,,,,,,DET,single,1,8/2/1990,single,1,,,,,,,no,single,1,,,,,,,,,,,,,,,,,,,,,,,,,12/13/2009,single,1,,,,,,,,,,,,,,,,yes,single,1
WAYNENY,detention,WAYNE COUNTY JAIL,single,36069|36099|36117,"Wayne County, NY|Seneca County, NY|Ontario County, NY",NY,"7368 STATE ROUTE 31, LYONS, NY 14489",single,1,,,,,,,,,,,,,,,,USMS IGA,single,1,DMCP,single,1,,,,19,single,1,2,single,1,WAYNE,single,1,BUF,single,1,,,,,,,,,,BUF,single,1,1/20/1995,single,1,,,,,,,yes,single,1,,,,,,,,,,,,,,,,,,,,,,,,,3/1/2017,single,1,,,,,,,,,,,,,,,,yes,single,1
WAYNEOH,detention,WAYNE COUNTY JAIL,single,39005|39169,"Wayne County, OH|Ashland County, OH",OH,"201 WEST NORTH STREET, WOOSTER, OH 44691",single,1,,,,,,,,,,,,,,,,IGSA,single,1,DMCP,single,1,,,,,,,6,single,1,WAYNE,single,1,CLE,single,1,,,,,,,,,,DET,single,1,4/18/2002,single,1,,,,,,,,,,,,,,,,,,,,,,,,,,,,,,,,,,6/9/2003,single,1,,,,,,,,,,,,,,,,yes,single,1
WBATOLA,detention,WEST BATON ROUGE DETENTION CENTER,single,22033|22077|22121,"West Baton Rouge Parish, LA|Pointe Coupee Parish, LA|East Baton Rouge Parish, LA",LA,"1150 NORTHWEST DRIVE, PORT ALLEN, LA 70767",single,1,,,,,,,,,,,,,,,,IGSA,single,1,DMCP,single,1,,,,,,,5,single,1,WEST BATON ROUGE,single,1,NOL,single,1,,,,,,,,,,NOL,single,1,7/30/1998,single,1,,,,,,,no,single,1,,,,,,,,,,,,,,,,,,,,,,,,,4/30/2009,single,1,,,,,,,,,,,,,,,,yes,single,1
WCCBXTX,detention,BEXAR COUNTY WACKENHUT ANNUAL DETENTION,single,48029,"Bexar County, TX",TX,"1211 WEST TRAVIS STREET, SAN ANTONIO, TX 78207",single,1,,,,,,,,,,,,,,,,USMS IGA,single,1,DMCP,single,1,,,,,,,5,single,1,BEXAR,single,1,SNA,single,1,,,,,,,,,,SNA,single,1,9/30/2007,single,1,,,,,,,yes,single,1,,,,,,,,,,San Antonio Immigration Court (co-located — same ZIP),single,1,,,,,,,,,,,,,9/21/2011,single,1,,,,,,,,,,,,,,,,yes,single,1
WCCPBFL,detention,BROWARD TRANSITIONAL CENTER,converged,12011,"Broward County, FL",FL,"3900 NORTH POWERLINE ROAD, POMPANO BEACH, FL 33073",conflict,3,509.3,single,1,157,single,1,9.3,single,1,4.2,single,1,679.8,single,1,CDF,converged,2,DMCP,single,1,23.9,single,1,700,single,1,11,single,1,BROWARD,single,1,KRO,single,1,,,,6.6,single,1,96.8,single,1,MIA,converged,3,8/26/2002,single,1,Female/Male,single,1,700,converged,2,yes,single,1,12.8,single,1,23.3,single,1,52.2,single,1,,,,Pass,single,1,Scheduled FY27,single,1,PBNDS 2011 - 2016 Revisions,single,1,ODO,single,1,11/4/2017,single,1,51.3,single,1,525.1,single,1,311.8,single,1,591.7,single,1,(954) 973-4485,single,1,yes,single,1
WCCSDCA,detention,WACKENHUT CORRECTIONS CORPORATION OF AMERICA,single,06073,"San Diego County, CA",CA,"WESTERN REG DET FAC 220 WEST C ST, SAN DIEGO, CA 92101",single,1,,,,,,,,,,,,,,,,IGSA,single,1,DMCP,single,1,,,,,,,9,single,1,SAN DIEGO,single,1,SND,single,1,,,,,,,,,,SND,single,1,2/17/2002,single,1,,,,,,,,,,,,,,,,,,,San Diego Immigration Court (co-located — same ZIP),single,1,,,,,,,,,,,,,9/15/2015,single,1,,,,,,,,,,,,,,,,yes,single,1
WCJUVOH,detention,WEST CENTRAL JUVENILE,single,39109,"Miami County, OH",OH,"2044 N COUNTY ROAD 25A, TROY, OH 45373",single,1,,,,,,,,,,,,,,,,IGSA,single,1,JFRMU,single,1,,,,,,,6,single,1,MIAMI,single,1,CLE,single,1,JUVENILE,single,1,,,,,,,DET,single,1,9/21/1999,single,1,,,,,,,,,,,,,,,,,,,,,,,,,,,,,,,,,,9/1/2003,single,1,,,,,,,,,,,,,,,,no,single,1
WCRDFTX,detention,WILLACY CO  REGIONAL DETENTION FACILITY,single,48489,"Willacy County, TX",TX,"1601 BUFFALO DRIVE, RAYMONDVILLE, TX 78580",single,1,,,,,,,,,,,,,,,,USMS IGA,single,1,DMCP,single,1,,,,,,,5,single,1,WILLACY,single,1,PIC,single,1,,,,,,,,,,SNA,single,1,7/11/2014,single,1,,,,,,,yes,single,1,,,,,,,,,,,,,,,,,,,,,,,,,11/4/2017,single,1,,,,,,,,,,,,,,,,yes,single,1
WCTHOLD,detention,WACO DRO HOLD ROOM,single,48309,"McLennan County, TX",TX,"800 FRANKLIN AVENUE, WACO, TX 76701",single,1,,,,,,,,,,,,,,,,Other,single,1,DMCP,single,1,,,,,,,5,single,1,MCLENNAN,single,1,WCT,single,1,HOLD,single,1,,,,,,,SNA,single,1,9/10/2010,single,1,,,,,,,no,single,1,,,,,,,,,,,,,,,,,,,,,,,,,9/4/2017,single,1,,,,,,,,,,,,,,,,yes,single,1
WDMIAFL,detention,WOMENS DETENTION CENTER,single,12086,"Miami-Dade County, FL",FL,"1401 NW 7TH AVE., MIAMI, FL 33127",single,1,,,,,,,,,,,,,,,,IGSA,single,1,DMCP,single,1,,,,,,,11,single,1,MIAMI-DADE,single,1,MIA,single,1,,,,,,,,,,MIA,single,1,12/20/2000,single,1,,,,,,,,,,,,,,,,,,,,,,,,,,,,,,,,,,6/30/2004,single,1,,,,,,,,,,,,,,,,yes,single,1
WEBCOTX,detention,WEBB COUNTY (SHERIFF) JAIL,single,48479,"Webb County, TX",TX,"902 VICTORIA STREET, LAREDO, TX 78040",single,1,,,,,,,,,,,,,,,,IGSA,single,1,DMCP,single,1,,,,,,,5,single,1,WEBB,single,1,SNA,single,1,,,,,,,,,,SNA,single,1,4/1/1988,single,1,,,,,,,yes,single,1,,,,,,,,,,,,,,,,,,,,,,,,,5/20/2007,single,1,,,,,,,,,,,,,,,,yes,single,1
WEBDCTX,detention,CoreCivic Webb County Detention Center,conflict,48479,"Webb County, TX",TX,"9998 S. Highway 83, Laredo, TX 78046",conflict,2,,,,,,,,,,,,,,,,USMS IGA,single,1,DMCP,single,1,,,,,,,5,single,1,WEBB,single,1,LRD,single,1,,,,,,,,,,HLG,conflict,2,11/2/2016,single,1,,,,,,,yes,single,1,,,,,,,,,,,,,,,,,,,,,,,,,11/4/2017,single,1,,,,,,,,,,,,,(956) 615-9720,single,1,yes,single,1
WEBERUT,detention,WEBER COUNTY JAIL,converged,49057,"Weber County, UT",UT,"721 WEST 12TH STREET, OGDEN, UT 84404",converged,2,6.3,single,1,1.5,single,1,0.1,single,1,0.4,single,1,8.3,single,1,USMS IGA,converged,2,DMCP,single,1,3.9,single,1,820,single,1,10,single,1,WEBER,single,1,SLC,single,1,,,,0.1,single,1,0.4,single,1,SLC,converged,2,10/4/1994,single,1,Female/Male,single,1,,,,yes,single,1,1.4,single,1,1.2,single,1,1.8,single,1,,,,,,,,,,,,,,,,2/14/2013,single,1,1.7,single,1,6.1,single,1,4.5,single,1,3.9,single,1,,,,yes,single,1
WELDJCO,detention,WELD COUNTY JAIL,single,08123,"Weld County, CO",CO,"2110 O STREET, GREELEY, CO 80631",single,1,,,,,,,,,,,,,,,,IGSA,single,1,DMCP,single,1,,,,,,,10,single,1,WELD,single,1,DEN,single,1,,,,,,,,,,DEN,single,1,5/16/1991,single,1,,,,,,,,,,,,,,,,,,,,,,,,,,,,,,,,,,3/23/2008,single,1,,,,,,,,,,,,,,,,yes,single,1
WESHOLD,detention,WESTMINSTER CUSTODY,single,06059,"Orange County, CA",CA,"8200 WESTMINSTER BOULEVARD, WESTMINSTER, CA 92683",single,1,,,,,,,,,,,,,,,,Other,single,1,DMCP,single,1,,,,,,,9,single,1,ORANGE,single,1,LOS,single,1,HOLD,single,1,,,,,,,LOS,single,1,11/30/1989,single,1,,,,,,,no,single,1,,,,,,,,,,,,,,,,,,,,,,,,,6/2/2017,single,1,,,,,,,,,,,,,,,,yes,single,1
WESPDIL,detention,WESTERN SPRINGS POLICE DEPARTMENT,single,17031,"Cook County, IL",IL,"740 HILLGROVE AVE, WESTERN SPRINGS, IL 60588",single,1,,,,,,,,,,,,,,,,Other,single,1,DMCP,single,1,,,,,,,7,single,1,COOK,single,1,CHI,single,1,,,,,,,,,,CHI,single,1,7/31/1986,single,1,,,,,,,,,,,,,,,,,,,,,,,,,,,,,,,,,,5/14/2000,single,1,,,,,,,,,,,,,,,,yes,single,1
WHARTTX,detention,WHARTON COUNTY JAIL,single,48321|48481,"Wharton County, TX|Matagorda County, TX",TX,"605 EAST CALHOUN STREET, EL CAMPO, TX 77437",single,1,,,,,,,,,,,,,,,,IGSA,single,1,DMCP,single,1,,,,,,,5,single,1,WHARTON,single,1,HOU,single,1,,,,,,,,,,HOU,single,1,7/8/1986,single,1,,,,,,,,,,,,,,,,,,,,,,,,,,,,,,,,,,1/7/2003,single,1,,,,,,,,,,,,,,,,yes,single,1
WHICOWA,detention,WHITMAN COUNTY JAIL,single,53075,"Whitman County, WA",WA,"411 NORTH MILL, COLFAX, WA 99111",single,1,,,,,,,,,,,,,,,,IGSA,single,1,DMCP,single,1,,,,,,,9,single,1,WHITMAN,single,1,SEA,single,1,,,,,,,,,,SEA,single,1,2/9/2004,single,1,,,,,,,,,,,,,,,,,,,,,,,,,,,,,,,,,,6/14/2004,single,1,,,,,,,,,,,,,,,,yes,single,1
WHITEMT,detention,WHITEFISH CITY JAIL,single,30029,"Flathead County, MT",MT,"P.O. BOX 158, WHITEFISH, MT 59937",single,1,,,,,,,,,,,,,,,,IGSA,single,1,DMCP,single,1,,,,,,,9,single,1,FLATHEAD,single,1,HEL,single,1,,,,,,,,,,SLC,single,1,5/29/1991,single,1,,,,,,,,,,,,,,,,,,,,,,,,,,,,,,,,,,2/1/2007,single,1,,,,,,,,,,,,,,,,yes,single,1
WHITFGA,detention,WHITFIELD COUNTY JAIL,single,13313,"Whitfield County, GA",GA,"805 PROFESSIONAL BLVD, DALTON, GA 30720",single,1,,,,,,,,,,,,,,,,IGSA,single,1,DMCP,single,1,,,,,,,11,single,1,WHITFIELD,single,1,ATL,single,1,,,,,,,,,,ATL,single,1,9/18/2010,single,1,,,,,,,no,single,1,,,,,,,,,,,,,,,,,,,,,,,,,11/2/2017,single,1,,,,,,,,,,,,,,,,yes,single,1
WICHOLD,detention,WICHITA HOLDROOM,single,20173,"Sedgwick County, KS",KS,"217 W 3RD ST. NORTH, WICHITA, KS 67201",single,1,,,,,,,,,,,,,,,,Other,single,1,DMCP,single,1,,,,,,,10,single,1,SEDGWICK,single,1,WIC,single,1,HOLD,single,1,,,,,,,CHI,single,1,10/2/2010,single,1,,,,,,,no,single,1,,,,,,,,,,,,,,,,,,,,,,,,,8/13/2017,single,1,,,,,,,,,,,,,,,,yes,single,1
WICOMMD,detention,WICOMICO COUNTY DETENTION CENTER,single,24045,"Wicomico County, MD",MD,"411 NAYLOR MILL ROAD, SALISBURY, MD 21801",single,1,,,,,,,,,,,,,,,,IGSA,single,1,DMCP,single,1,,,,,,,4,single,1,WICOMICO,single,1,BAL,single,1,,,,,,,,,,BAL,single,1,9/1/1988,single,1,,,,,,,yes,single,1,,,,,,,,,,,,,,,,,,,,,,,,,7/10/2008,single,1,,,,,,,,,,,,,,,,yes,single,1
WIDODGE,detention,DODGE CORR INSTITUTE WAU,single,55027|55039,"Dodge County, WI|Fond du Lac County, WI",WI,"1 WEST LINCOLN STREET, WAUPUN, WI 53963",single,1,,,,,,,,,,,,,,,,IGSA,single,1,DMCP,single,1,,,,,,,7,single,1,DODGE,single,1,CHI,single,1,,,,,,,,,,CHI,single,1,5/18/2011,single,1,,,,,,,,,,,,,,,,,,,,,,,,,,,,,,,,,,11/15/2015,single,1,,,,,,,,,,,,,,,,yes,single,1
WILLCTX,detention,WILLACY DETENTION CENTER,single,48489,"Willacy County, TX",TX,"1800 INDUSTRIAL DRIVE, RAYMONDVILLE, TX 78580",single,1,,,,,,,,,,,,,,,,IGSA,single,1,DMCP,single,1,,,,1700,single,1,5,single,1,WILLACY,single,1,WDC,single,1,DIGSA,single,1,,,,,,,SNA,single,1,8/1/2006,single,1,,,,,,,yes,single,1,,,,,,,,,,,,,,,,,,,,,,,,,8/9/2011,single,1,,,,,,,,,,,,,,,,yes,single,1
WILLITN,detention,WILLIAMSON COUNTY JAIL,single,47037|47187,"Williamson County, TN|Davidson County, TN",TN,"408 CENTURY COURT, FRANKLIN, TN 37064",single,1,,,,,,,,,,,,,,,,IGSA,single,1,DMCP,single,1,,,,,,,6,single,1,WILLIAMSON,single,1,NOL,single,1,,,,,,,,,,NOL,single,1,3/12/1997,single,1,,,,,,,no,single,1,,,,,,,,,,,,,,,,,,,,,,,,,2/2/2009,single,1,,,,,,,,,,,,,,,,yes,single,1
WILLITX,detention,WILLIAMSON COUNTY JAIL,single,48491,"Williamson County, TX",TX,"306 WEST 4TH STREET, GEORGETOWN, TX 78626",single,1,,,,,,,,,,,,,,,,IGSA,single,1,DMCP,single,1,,,,,,,5,single,1,WILLIAMSON,single,1,SNA,single,1,,,,,,,,,,SNA,single,1,3/30/1999,single,1,,,,,,,no,single,1,,,,,,,,,,,,,,,,,,,,,,,,,10/14/2008,single,1,,,,,,,,,,,,,,,,yes,single,1
WILSOTX,detention,WILSON COUNTY JAIL,single,48013|48493,"Wilson County, TX|Atascosa County, TX",TX,"C/O JAIL ADMINISTRATOR, FLORESVILLE, TX 78114",single,1,,,,,,,,,,,,,,,,IGSA,single,1,DMCP,single,1,,,,,,,5,single,1,WILSON,single,1,SNA,single,1,,,,,,,,,,SNA,single,1,10/3/1997,single,1,,,,,,,,,,,,,,,,,,,,,,,,,,,,,,,,,,9/23/2007,single,1,,,,,,,,,,,,,,,,yes,single,1
WIMILSD,detention,MILWAUKEE SECURE DETENTION,single,55079,"Milwaukee County, WI",WI,"1015 NORTH 10TH STREET, MILWAUKEE, WI 53205",single,1,,,,,,,,,,,,,,,,IGSA,single,1,DMCP,single,1,,,,,,,7,single,1,MILWAUKEE,single,1,,,,,,,,,,,,,CHI,single,1,,,,,,,,,,,,,,,,,,,,,,,,,,,,,,,,,,,,,,,,,,,,,,,,,,,,,,,yes,single,1
WINCOTX,detention,WINKLER COUNTY JAIL,single,48495,"Winkler County, TX",TX,"1300 SOUTH BELLAIRE STREET, KERMIT, TX 79745",single,1,,,,,,,,,,,,,,,,IGSA,single,1,DMCP,single,1,,,,,,,5,single,1,WINKLER,single,1,EPC,single,1,,,,,,,,,,ELP,single,1,7/8/2017,single,1,,,,,,,no,single,1,,,,,,,,,,,,,,,,,,,,,,,,,7/14/2017,single,1,,,,,,,,,,,,,,,,yes,single,1
WMHOSCA,detention,WHITE MEMORIAL HOSPITAL,single,06037,"Los Angeles County, CA",CA,"1720 E CESAR CHAVEZ, LOS ANGELES, CA 90033",single,1,,,,,,,,,,,,,,,,Other,single,1,OTHER,single,1,,,,,,,9,single,1,LOS ANGELES,single,1,LOS,single,1,HOSPITAL,single,1,,,,,,,LOS,single,1,8/2/2008,single,1,,,,,,,,,,,,,,,,,,,,,,,,,,,,,,,,,,10/26/2017,single,1,,,,,,,,,,,,,,,,no,single,1
WMLNDPA,detention,WESTMORELAND COUNTY JAIL,single,42129,"Westmoreland County, PA",PA,"2 NORTH MAIN STREET, GREENSBURG, PA 15601",single,1,,,,,,,,,,,,,,,,IGSA,single,1,DMCP,single,1,,,,,,,3,single,1,WESTMORELAND,single,1,PIT,single,1,,,,,,,,,,PHI,single,1,8/31/1997,single,1,,,,,,,no,single,1,,,,,,,,,,,,,,,,,,,,,,,,,6/21/2009,single,1,,,,,,,,,,,,,,,,yes,single,1
WNBGOIL,detention,WINNEBAGO COUNTY SHERIFF'S OFFICE,single,17141|17201,"Winnebago County, IL|Ogle County, IL",IL,"650 W. STATE STREET, ROCKFORD, IL 61102",single,1,,,,,,,,,,,,,,,,USMS IGA,single,1,DMCP,single,1,,,,,,,7,single,1,WINNEBAGO,single,1,,,,,,,,,,,,,CHI,single,1,,,,,,,,,,yes,single,1,,,,,,,,,,,,,,,,,,,,,,,,,,,,,,,,,,,,,,,,,,,yes,single,1
WOAKSTX,detention,WEST OAKS HOSPITAL,single,48201,"Harris County, TX",TX,"3814 UNIVERSITY BOULEVARD, HOUSTON, TX 77005",single,1,,,,,,,,,,,,,,,,Other,single,1,OTHER,single,1,,,,,,,5,single,1,HARRIS,single,1,HOU,single,1,HOSPITAL,single,1,,,,,,,HOU,single,1,8/25/2000,single,1,,,,,,,,,,,,,,,,,,,,,,,,,,,,,,,,,,2/26/2014,single,1,,,,,,,,,,,,,,,,no,single,1
WOJUVIA,detention,WOODBURY COUNTY JUVENILE DETENTION CENTER,single,19193,"Woodbury County, IA",IA,"822 DOUGLAS ST, SIOUX CITY, IA 51101",single,1,,,,,,,,,,,,,,,,IGSA,single,1,JFRMU,single,1,,,,,,,8,single,1,WOODBURY,single,1,OMA,single,1,JUVENILE,single,1,,,,,,,SPM,single,1,1/15/1997,single,1,,,,,,,,,,,,,,,,,,,,,,,,,,,,,,,,,,11/13/2003,single,1,,,,,,,,,,,,,,,,no,single,1
WOODBIA,detention,WOODBURY COUNTY JAIL,converged,19193,"Woodbury County, IA",IA,"407 7TH STREET, SIOUX CITY, IA 51101",conflict,3,30.2,single,1,7.1,single,1,9.5,single,1,17.7,single,1,64.5,single,1,USMS IGA,conflict,2,DMCP,single,1,25.1,single,1,,,,8,single,1,WOODBURY,single,1,OMA,single,1,,,,1.6,single,1,5.4,single,1,SPM,converged,3,3/31/1992,single,1,Female/Male,single,1,,,,,,,16.3,single,1,7.4,single,1,9.2,single,1,,,,Pass,single,1,2025-06-26,single,1,FPBDS,single,1,ODO OASIP,single,1,3/16/2003,single,1,25.1,single,1,32.4,single,1,45.2,single,1,31.5,single,1,(712) 279-6040,single,1,yes,single,1
WORCEMD,detention,WORCESTER COUNTY JAIL,single,24047,"Worcester County, MD",MD,"5022 JOYNER ROAD, SNOW HILL, MD 21863",single,1,,,,,,,,,,,,,,,,IGSA,single,1,DMCP,single,1,,,,,,,4,single,1,WORCESTER,single,1,WCD,single,1,,,,,,,,,,BAL,single,1,1/4/2000,single,1,,,,,,,yes,single,1,,,,,,,,,,,,,,,,,,,,,,,,,11/4/2017,single,1,,,,,,,,,,,,,,,,yes,single,1
WRIGHIA,detention,WRIGHT COUNTY JAIL,single,19197,"Wright County, IA",IA,"719 2ND STREET SOUTHWEST, CLARION, IA 50525",single,1,,,,,,,,,,,,,,,,IGSA,single,1,DMCP,single,1,,,,,,,8,single,1,WRIGHT,single,1,OMA,single,1,,,,,,,,,,SPM,single,1,8/10/2000,single,1,,,,,,,,,,,,,,,,,,,,,,,,,,,,,,,,,,9/2/2003,single,1,,,,,,,,,,,,,,,,yes,single,1
WRIGHMN,detention,WRIGHT COUNTY,single,27171,"Wright County, MN",MN,"10 2ND ST NORTHWEST, BUFFALO, MN 55313",single,1,,,,,,,,,,,,,,,,IGSA,single,1,DMCP,single,1,,,,,,,8,single,1,WRIGHT,single,1,SPM,single,1,,,,,,,,,,SPM,single,1,12/28/1991,single,1,,,,,,,,,,,,,,,,,,,,,,,,,,,,,,,,,,7/28/2002,single,1,,,,,,,,,,,,,,,,yes,single,1
WSTMCCA,detention,WESTERN MEDICAL CENTER,single,06059,"Orange County, CA",CA,"1001 N. TUSTIN AVENUE, SANTA ANA, CA 92705",single,1,,,,,,,,,,,,,,,,Other,single,1,OTHER,single,1,,,,,,,9,single,1,ORANGE,single,1,LOS,single,1,HOSPITAL,single,1,,,,,,,LOS,single,1,1/15/2009,single,1,,,,,,,,,,,,,,,,,,,Santa Ana Immigration Court (co-located — same ZIP),single,1,,,,,,,,,,,,,6/24/2015,single,1,,,,,,,,,,,,,,,,no,single,1
WSYOUMI,detention,WASHTENAW COUNTY YOUTH FACILITY,single,26161,"Washtenaw County, MI",MI,"2270 PLATT RD, ANN ARBOR, MI 48104",single,1,,,,,,,,,,,,,,,,IGSA,single,1,JFRMU,single,1,,,,,,,6,single,1,WASHTENAW,single,1,DET,single,1,JUVENILE,single,1,,,,,,,DET,single,1,5/30/2006,single,1,,,,,,,,,,,,,,,,,,,,,,,,,,,,,,,,,,7/22/2007,single,1,,,,,,,,,,,,,,,,no,single,1
WTREGVA,detention,WESTERN TIDEWATER REGIONAL JAIL,single,51800,"Suffolk city, VA",VA,"2402 GODWIN BOULEVARD, SUFFOLK, VA 23434",single,1,,,,,,,,,,,,,,,,USMS IGA,single,1,DMCP,single,1,,,,,,,4,single,1,SUFFOLK CITY,single,1,WAS,single,1,,,,,,,,,,WAS,single,1,1/29/2011,single,1,,,,,,,no,single,1,,,,,,,,,,,,,,,,,,,,,,,,,4/30/2017,single,1,,,,,,,,,,,,,,,,yes,single,1
WTXDFTX,detention,WEST TEXAS DETENTION FACILITY,single,48229,"Hudspeth County, TX",TX,"401 S. VAQUERO AVE., SIERRA BLANCA, TX 79851",single,1,,,,,,,,,,,,,,,,USMS IGA,single,1,DMCP,single,1,,,,450,single,1,5,single,1,HUDSPETH,single,1,EPC,single,1,,,,,,,,,,ELP,single,1,7/18/2007,single,1,,,,,,,yes,single,1,,,,,,,,,,,,,,,,,,,,,,,,,11/4/2017,single,1,,,,,,,,,,,,,,,,yes,single,1
WVEASTR,detention,EASTERN REGIONAL JAIL,single,54003,"Berkeley County, WV",WV,"1406 CHARLES TOWN ROAD, MARTINSBURG, WV 25401",single,1,,,,,,,,,,,,,,,,USMS IGA,single,1,DMCP,single,1,,,,5,single,1,4,single,1,BERKELEY,single,1,YRK,single,1,,,,,,,,,,PHI,single,1,8/19/2006,single,1,,,,,,,no,single,1,,,,,,,,,,,,,,,,,,,,,,,,,9/20/2017,single,1,,,,,,,,,,,,,,,,yes,single,1
WVNORTH,detention,NORTHERN REGIONAL JAIL,single,54051,"Marshall County, WV",WV,"RD #2, MOUNDSVILLE, WV 26041",single,1,,,,,,,,,,,,,,,,USMS IGA,single,1,DMCP,single,1,,,,5,single,1,4,single,1,MARSHALL,single,1,PIT,single,1,,,,,,,,,,PHI,single,1,4/22/2007,single,1,,,,,,,no,single,1,,,,,,,,,,,,,,,,,,,,,,,,,9/27/2017,single,1,,,,,,,,,,,,,,,,yes,single,1
WVREGWV,detention,WEST VIRGINIA REGIONAL CORRECTIONAL INSTITUTE,single,54039,"Kanawha County, WV",WV,"409 VIRGINIA STREET EAST, CHARLESTON, WV 25301",single,1,,,,,,,,,,,,,,,,IGSA,single,1,DMCP,single,1,,,,,,,4,single,1,KANAWHA,single,1,PIT,single,1,,,,,,,,,,PHI,single,1,8/20/1992,single,1,,,,,,,,,,,,,,,,,,,,,,,,,,,,,,,,,,10/22/2017,single,1,,,,,,,,,,,,,,,,yes,single,1
WVSCENT,detention,SOUTH CENTRAL REGIONAL JAIL,single,54039,"Kanawha County, WV",WV,"1001 CENTRE WAY, CHARLESTON, WV 25309",single,1,,,,,,,,,,,,,,,,USMS IGA,single,1,DMCP,single,1,,,,5,single,1,4,single,1,KANAWHA,single,1,CHS,single,1,,,,,,,,,,PHI,single,1,8/30/2004,single,1,,,,,,,yes,single,1,,,,,,,,,,,,,,,,,,,,,,,,,11/4/2017,single,1,,,,,,,,,,,,,,,,yes,single,1
WYATTRI,detention,WYATT DETENTION CENTER,conflict,44007,"Providence County, RI",RI,"950 HIGH STREET, CENTRAL FALLS, RI 02863",converged,3,39.4,single,1,5.9,single,1,29.4,single,1,33.5,single,1,108.2,single,1,USMS IGA,conflict,2,DMCP,single,1,37.3,single,1,,,,1,single,1,PROVIDENCE,single,1,PRO,single,1,,,,0,single,1,0.6,single,1,BOS,converged,3,10/1/1997,single,1,Female/Male,single,1,,,,yes,single,1,23.2,single,1,6.2,single,1,7.8,single,1,,,,Pass,single,1,2026-05-07,single,1,NDS 2019,single,1,ODO OASIP,single,1,10/28/2010,single,1,30.5,single,1,77.2,single,1,53.1,single,1,71,single,1,(401) 729-1190,single,1,yes,single,1
WYMCONY,detention,WYOMING COUNTY JAIL,single,36121,"Wyoming County, NY",NY,"151 NORTH MAIN STREET, WARSAW, NY 14569",single,1,,,,,,,,,,,,,,,,IGSA,single,1,DMCP,single,1,,,,,,,2,single,1,WYOMING,single,1,BUF,single,1,,,,,,,,,,BUF,single,1,2/16/1993,single,1,,,,,,,yes,single,1,,,,,,,,,,,,,,,,,,,,,,,,,1/14/2008,single,1,,,,,,,,,,,,,,,,yes,single,1
YAKHOLD,detention,YAKIMA HOLDING ROOM,single,53077,"Yakima County, WA",WA,"3701 RIVER ROAD, YAKIMA, WA 98902",single,1,,,,,,,,,,,,,,,,Other,single,1,DMCP,single,1,,,,,,,9,single,1,YAKIMA,single,1,YAK,single,1,HOLD,single,1,,,,,,,SEA,single,1,6/17/2010,single,1,,,,,,,no,single,1,,,,,,,,,,,,,,,,,,,,,,,,,11/4/2017,single,1,,,,,,,,,,,,,,,,yes,single,1
YAMCOOR,detention,YAMHILL COUNTY CORRECTION,single,41071,"Yamhill County, OR",OR,"YAMHILL COUNTY COURTHOUSE, MCMINNVILLE, OR 97128",single,1,,,,,,,,,,,,,,,,IGSA,single,1,DMCP,single,1,,,,,,,9,single,1,YAMHILL,single,1,POO,single,1,,,,,,,,,,SEA,single,1,11/20/1990,single,1,,,,,,,,,,,,,,,,,,,,,,,,,,,,,,,,,,6/8/2004,single,1,,,,,,,,,,,,,,,,yes,single,1
YANCOSD,detention,YANKTON COUNTY JAIL,single,46135,"Yankton County, SD",SD,"410 WALNUT STREET, YANKTON, SD 57078",single,1,,,,,,,,,,,,,,,,USMS IGA,single,1,DMCP,single,1,,,,,,,8,single,1,YANKTON,single,1,SPM,single,1,,,,,,,,,,SPM,single,1,4/25/1995,single,1,,,,,,,no,single,1,,,,,,,,,,,,,,,,,,,,,,,,,11/2/2017,single,1,,,,,,,,,,,,,,,,yes,single,1
YATESNY,detention,YATES COUNTY JAIL,single,36123,"Yates County, NY",NY,"227 MAIN STREET, PENN YAN, NY 14527",single,1,,,,,,,,,,,,,,,,IGSA,single,1,DMCP,single,1,,,,,,,2,single,1,YATES,single,1,BUF,single,1,,,,,,,,,,BUF,single,1,11/6/1987,single,1,,,,,,,,,,,,,,,,,,,,,,,,,,,,,,,,,,6/10/2014,single,1,,,,,,,,,,,,,,,,yes,single,1
YAVAPAZ,detention,YAVAPAI COUNTY JAIL,single,04025,"Yavapai County, AZ",AZ,"255 EAST GURLEY STREET, PRESCOTT, AZ 86301",single,1,,,,,,,,,,,,,,,,IGSA,single,1,DMCP,single,1,,,,,,,9,single,1,YAVAPAI,single,1,FLO,single,1,,,,,,,,,,PHO,single,1,1/4/1992,single,1,,,,,,,no,single,1,,,,,,,,,,,,,,,,,,,,,,,,,5/31/2016,single,1,,,,,,,,,,,,,,,,yes,single,1
YAVCVAZ,detention,YAVAPAI COUNTY DETENTION CENTER,single,04025,"Yavapai County, AZ",AZ,"2830 COMMONWEALTH DR #105, CAMP VERDE, AZ 86322",single,1,,,,,,,,,,,,,,,,IGSA,single,1,DMCP,single,1,,,,,,,9,single,1,YAVAPAI,single,1,PHO,single,1,,,,,,,,,,PHO,single,1,10/13/2008,single,1,,,,,,,no,single,1,,,,,,,,,,,,,,,,,,,,,,,,,8/13/2017,single,1,,,,,,,,,,,,,,,,yes,single,1
YELLOMT,detention,YELLOWSTONE COUNTY JAIL,single,30003|30111,"Yellowstone County, MT|Big Horn County, MT",MT,"3165 KING AVENUE EAST, BILLINGS, MT 59101",single,1,,,,,,,,,,,,,,,,USMS IGA,single,1,DMCP,single,1,,,,2,single,1,9,single,1,YELLOWSTONE,single,1,HEL,single,1,,,,,,,,,,SLC,single,1,3/4/1991,single,1,,,,,,,no,single,1,,,,,,,,,,,,,,,,,,,,,,,,,11/2/2017,single,1,,,,,,,,,,,,,,,,yes,single,1
YELYSMT,detention,YELLOWSTONE COUNTY YOUTH SERVICES,single,30003|30111,"Yellowstone County, MT|Big Horn County, MT",MT,"410 SOUTH 26TH ST., BILLINGS, MT 59101",single,1,,,,,,,,,,,,,,,,IGSA,single,1,DMCP,single,1,,,,,,,9,single,1,YELLOWSTONE,single,1,HEL,single,1,,,,,,,,,,SLC,single,1,7/9/2005,single,1,,,,,,,,,,,,,,,,,,,,,,,,,,,,,,,,,,1/2/2007,single,1,,,,,,,,,,,,,,,,yes,single,1
YIKIMWA,detention,YAKIMA COUNTY DEPARTMENT OF CORRECTIONS,single,53037|53077,"Yakima County, WA|Kittitas County, WA",WA,"111 NORTH FRONT STREET, YAKIMA, WA 98901",single,1,,,,,,,,,,,,,,,,USMS IGA,single,1,DMCP,single,1,,,,,,,9,single,1,YAKIMA,single,1,YAK,single,1,,,,,,,,,,SEA,single,1,5/31/1996,single,1,,,,,,,no,single,1,,,,,,,,,,,,,,,,,,,,,,,,,11/4/2017,single,1,,,,,,,,,,,,,,,,yes,single,1
YORCOPA,detention,YORK COUNTY PRISON,single,42133,"York County, PA",PA,"3400 CONCORD ROAD, YORK, PA 17402",single,1,,,,,,,,,,,,,,,,IGSA,single,1,DMCP,single,1,,,,800,single,1,3,single,1,YORK,single,1,YRK,single,1,,,,,,,,,,PHI,single,1,1/27/1988,single,1,,,,,,,yes,single,1,,,,,,,,,,,,,,,,,,,,,,,,,11/4/2017,single,1,,,,,,,,,,,,,,,,yes,single,1
YORCOSC,detention,YORK COUNTY DETENTION CENTER,single,45091,"York County, SC",SC,"1675-3A YORK HWY, YORK, SC 29745",single,1,,,,,,,,,,,,,,,,USMS IGA,single,1,DMCP,single,1,,,,70,single,1,4,single,1,YORK,single,1,CLT,single,1,,,,,,,,,,ATL,single,1,1/2/2002,single,1,,,,,,,yes,single,1,,,,,,,,,,,,,,,,,,,,,,,,,11/4/2017,single,1,,,,,,,,,,,,,,,,yes,single,1
YORKCME,detention,YORK COUNTY JAIL,single,23031,"York County, ME",ME,"1 LAYMAN WAY, ALFRED, ME 04002",single,1,,,,,,,,,,,,,,,,IGSA,single,1,DMCP,single,1,,,,,,,1,single,1,YORK,single,1,VRK,single,1,,,,,,,,,,BOS,single,1,12/26/1997,single,1,,,,,,,,,,,,,,,,,,,,,,,,,,,,,,,,,,5/31/2011,single,1,,,,,,,,,,,,,,,,yes,single,1
YUBAJCA,detention,YUBA COUNTY JAIL,single,06007|06115,"Yuba County, CA|Butte County, CA",CA,"215 5TH STREET, MARYSVILLE, CA 95901",single,1,,,,,,,,,,,,,,,,IGSA,single,1,DMCP,single,1,,,,,,,9,single,1,YUBA,single,1,SFR,single,1,,,,,,,,,,SFR,single,1,1/3/1996,single,1,,,,,,,yes,single,1,,,,,,,,,,,,,,,,,,,,,,,,,11/4/2017,single,1,,,,,,,,,,,,,,,,yes,single,1
YUJUVAZ,detention,YUMA COUNTY JUVENILE CENTER,single,04027,"Yuma County, AZ",AZ,"2795 SOUTH AVENUE B, YUMA, AZ 85364",single,1,,,,,,,,,,,,,,,,IGSA,single,1,JFRMU,single,1,,,,,,,9,single,1,YUMA,single,1,PHO,single,1,JUVENILE,single,1,,,,,,,PHO,single,1,5/20/1992,single,1,,,,,,,,,,,,,,,,,,,,,,,,,,,,,,,,,,5/27/2004,single,1,,,,,,,,,,,,,,,,no,single,1
YUMAJAZ,detention,YUMA COUNTY JAIL - ADULTS,single,04027,"Yuma County, AZ",AZ,"141 SOUTH 3RD AVENUE, YUMA, AZ 85364",single,1,,,,,,,,,,,,,,,,IGSA,single,1,DMCP,single,1,,,,,,,9,single,1,YUMA,single,1,FLO,single,1,,,,,,,,,,PHO,single,1,3/15/1993,single,1,,,,,,,,,,,,,,,,,,,,,,,,,,,,,,,,,,3/31/2008,single,1,,,,,,,,,,,,,,,,yes,single,1
YUMAJCO,detention,YUMA COUNTY JAIL,single,08095|08125,"Yuma County, CO|Phillips County, CO",CO,"310 ASH STREET, WRAY, CO 80758",single,1,,,,,,,,,,,,,,,,IGSA,single,1,DMCP,single,1,,,,,,,10,single,1,YUMA,single,1,DEN,single,1,,,,,,,,,,DEN,single,1,8/28/1991,single,1,,,,,,,,,,,,,,,,,,,,,,,,,,,,,,,,,,2/12/2007,single,1,,,,,,,,,,,,,,,,yes,single,1
YUMHOLD,detention,YUMA HOLDROOM,single,04027,"Yuma County, AZ",AZ,"3911 S. PICO AVE., YUMA, AZ 85365",single,1,,,,,,,,,,,,,,,,Other,single,1,DMCP,single,1,,,,,,,9,single,1,YUMA,single,1,YUM,single,1,HOLD,single,1,,,,,,,PHO,single,1,4/7/2008,single,1,,,,,,,no,single,1,,,,,,,,,,,,,,,,,,,,,,,,,11/4/2017,single,1,,,,,,,,,,,,,,,,yes,single,1
ZAPCOTX,detention,ZAPATA COUNTY JAIL,single,48505,"Zapata County, TX",TX,"2311 STOP 23A, ZAPATA, TX 78076",single,1,,,,,,,,,,,,,,,,IGSA,single,1,DMCP,single,1,,,,,,,5,single,1,ZAPATA,single,1,PIC,single,1,,,,,,,,,,SNA,single,1,5/13/2004,single,1,,,,,,,,,,,,,,,,,,,,,,,,,,,,,,,,,,6/1/2004,single,1,,,,,,,,,,,,,,,,yes,single,1
ZAVCOTX,detention,ZAVALA COUNTY JAIL,single,48127|48507,"Zavala County, TX|Dimmit County, TX",TX,"200 E UVALDE STREET #5, CRYSTAL CITY, TX 78839",single,1,,,,,,,,,,,,,,,,IGSA,single,1,DMCP,single,1,,,,,,,5,single,1,ZAVALA,single,1,DLR,single,1,,,,,,,,,,SNA,single,1,4/9/1992,single,1,,,,,,,,,,,,,,,,,,,,,,,,,,,,,,,,,,11/17/2009,single,1,,,,,,,,,,,,,,,,yes,single,1
